regime,is_holdout,obs_idx,target_g,method,n_f,achieved_g,med_error,med_skill,n
log_slow,0,30,0.1,current_value,50000.0,0.32236487497446525,0.1554238412125219,1.4783022631896885,60
log_slow,0,30,0.1,richardson_1,50000.0,0.32236487497446525,0.06727667615812236,0.6568761463388988,60
log_slow,0,30,0.1,richardson_a10,50000.0,0.32236487497446525,0.1767377979281613,1.7433347608348657,60
log_slow,0,30,0.1,single_exp_fit,50000.0,0.32236487497446525,0.1679160268279371,1.6458377469770624,60
log_slow,0,30,0.1,rational_fit,50000.0,0.32236487497446525,0.10790454405940116,1.050578223610775,60
log_slow,0,30,0.1,pade_22,50000.0,0.32236487497446525,0.07031697303008942,0.685546971861566,60
log_slow,0,30,0.1,log_linear,50000.0,0.32236487497446525,0.0679286536639653,0.6728028267218067,60
log_slow,0,30,0.1,levin_t2,50000.0,0.32236487497446525,0.14921353897002837,1.1479706886052905,60
log_slow,0,30,0.1,anderson_1,50000.0,0.32236487497446525,0.15193635054167265,1.349965459068883,60
log_slow,0,30,0.1,constant_assumed,50000.0,0.32236487497446525,0.10275805732146302,1.0,60
log_slow,0,30,0.1,last_value,50000.0,0.32236487497446525,0.1554238412125219,1.4783022631896885,60
log_slow,0,30,0.1,window_mean,50000.0,0.32236487497446525,0.23511536807284475,2.2972825626500057,60
log_slow,0,30,0.1,window_min,50000.0,0.32236487497446525,0.1539938618566375,1.3943596122924358,60
log_slow,0,30,0.02,current_value,50000.0,0.32236487497446525,0.1554238412125219,1.4783022631896885,60
log_slow,0,30,0.02,richardson_1,50000.0,0.32236487497446525,0.06727667615812236,0.6568761463388988,60
log_slow,0,30,0.02,richardson_a10,50000.0,0.32236487497446525,0.1767377979281613,1.7433347608348657,60
log_slow,0,30,0.02,single_exp_fit,50000.0,0.32236487497446525,0.1679160268279371,1.6458377469770624,60
log_slow,0,30,0.02,rational_fit,50000.0,0.32236487497446525,0.10790454405940116,1.050578223610775,60
log_slow,0,30,0.02,pade_22,50000.0,0.32236487497446525,0.07031697303008942,0.685546971861566,60
log_slow,0,30,0.02,log_linear,50000.0,0.32236487497446525,0.0679286536639653,0.6728028267218067,60
log_slow,0,30,0.02,levin_t2,50000.0,0.32236487497446525,0.14921353897002837,1.1479706886052905,60
log_slow,0,30,0.02,anderson_1,50000.0,0.32236487497446525,0.15193635054167265,1.349965459068883,60
log_slow,0,30,0.02,constant_assumed,50000.0,0.32236487497446525,0.10275805732146302,1.0,60
log_slow,0,30,0.02,last_value,50000.0,0.32236487497446525,0.1554238412125219,1.4783022631896885,60
log_slow,0,30,0.02,window_mean,50000.0,0.32236487497446525,0.23511536807284475,2.2972825626500057,60
log_slow,0,30,0.02,window_min,50000.0,0.32236487497446525,0.1539938618566375,1.3943596122924358,60
log_oscillatory,0,30,0.1,current_value,50000.0,0.3324862235710625,0.12316994816981629,1.1071280079970733,60
log_oscillatory,0,30,0.1,richardson_1,50000.0,0.3324862235710625,0.0798762975691086,0.687482589910801,60
log_oscillatory,0,30,0.1,richardson_a10,50000.0,0.3324862235710625,0.20377697209896994,1.9854016922613458,60
log_oscillatory,0,30,0.1,single_exp_fit,50000.0,0.3324862235710625,0.04770254479644147,0.42948994641861016,60
log_oscillatory,0,30,0.1,rational_fit,50000.0,0.3324862235710625,0.10190651575226456,0.9978229066131734,60
log_oscillatory,0,30,0.1,pade_22,50000.0,0.3324862235710625,0.11801739649219564,0.9688511416363434,60
log_oscillatory,0,30,0.1,log_linear,50000.0,0.3324862235710625,0.09207428583761414,0.8079645055771142,60
log_oscillatory,0,30,0.1,levin_t2,50000.0,0.3324862235710625,0.12204834653986384,1.194108246017232,60
log_oscillatory,0,30,0.1,anderson_1,50000.0,0.3324862235710625,0.11772418903835186,1.2562939587079698,60
log_oscillatory,0,30,0.1,constant_assumed,50000.0,0.3324862235710625,0.11757721977593429,1.0043457843742742,60
log_oscillatory,0,30,0.1,last_value,50000.0,0.3324862235710625,0.12316994816981629,1.1071280079970733,60
log_oscillatory,0,30,0.1,window_mean,50000.0,0.3324862235710625,0.2678007380505294,2.6069260034746113,60
log_oscillatory,0,30,0.1,window_min,50000.0,0.3324862235710625,0.12177929491242363,1.0142885319925676,60
log_oscillatory,0,30,0.02,current_value,50000.0,0.3324862235710625,0.12316994816981629,1.1071280079970733,60
log_oscillatory,0,30,0.02,richardson_1,50000.0,0.3324862235710625,0.0798762975691086,0.687482589910801,60
log_oscillatory,0,30,0.02,richardson_a10,50000.0,0.3324862235710625,0.20377697209896994,1.9854016922613458,60
log_oscillatory,0,30,0.02,single_exp_fit,50000.0,0.3324862235710625,0.04770254479644147,0.42948994641861016,60
log_oscillatory,0,30,0.02,rational_fit,50000.0,0.3324862235710625,0.10190651575226456,0.9978229066131734,60
log_oscillatory,0,30,0.02,pade_22,50000.0,0.3324862235710625,0.11801739649219564,0.9688511416363434,60
log_oscillatory,0,30,0.02,log_linear,50000.0,0.3324862235710625,0.09207428583761414,0.8079645055771142,60
log_oscillatory,0,30,0.02,levin_t2,50000.0,0.3324862235710625,0.12204834653986384,1.194108246017232,60
log_oscillatory,0,30,0.02,anderson_1,50000.0,0.3324862235710625,0.11772418903835186,1.2562939587079698,60
log_oscillatory,0,30,0.02,constant_assumed,50000.0,0.3324862235710625,0.11757721977593429,1.0043457843742742,60
log_oscillatory,0,30,0.02,last_value,50000.0,0.3324862235710625,0.12316994816981629,1.1071280079970733,60
log_oscillatory,0,30,0.02,window_mean,50000.0,0.3324862235710625,0.2678007380505294,2.6069260034746113,60
log_oscillatory,0,30,0.02,window_min,50000.0,0.3324862235710625,0.12177929491242363,1.0142885319925676,60
broken_power_law,0,30,0.1,current_value,50000.0,0.2901576654864911,0.025824169247735472,1.1332301758269232,60
broken_power_law,0,30,0.1,richardson_1,50000.0,0.2901576654864911,0.03378345819395591,2.2225823117426704,60
broken_power_law,0,30,0.1,richardson_a10,50000.0,0.2901576654864911,0.02899441429406535,1.3876102003378454,60
broken_power_law,0,30,0.1,single_exp_fit,50000.0,0.2901576654864911,0.03951929118251976,1.893339564442741,60
broken_power_law,0,30,0.1,rational_fit,50000.0,0.2901576654864911,0.003992749995370928,0.20619323885953852,60
broken_power_law,0,30,0.1,pade_22,50000.0,0.2901576654864911,0.00874554148745689,0.38969563480624075,60
broken_power_law,0,30,0.1,log_linear,50000.0,0.2901576654864911,0.04814198128552635,2.825381028701648,60
broken_power_law,0,30,0.1,levin_t2,50000.0,0.2901576654864911,0.02055309047701461,1.188886414603838,60
broken_power_law,0,30,0.1,anderson_1,50000.0,0.2901576654864911,0.022158858379973022,1.173948098819337,60
broken_power_law,0,30,0.1,constant_assumed,50000.0,0.2901576654864911,0.049361440175231835,2.932371203655815,60
broken_power_law,0,30,0.1,last_value,50000.0,0.2901576654864911,0.025824169247735472,1.1332301758269232,60
broken_power_law,0,30,0.1,window_mean,50000.0,0.2901576654864911,0.08783924640398781,4.20097679236569,60
broken_power_law,0,30,0.1,window_min,50000.0,0.2901576654864911,0.022454608657944432,1.0,60
broken_power_law,0,30,0.02,current_value,50000.0,0.2901576654864911,0.025824169247735472,1.1332301758269232,60
broken_power_law,0,30,0.02,richardson_1,50000.0,0.2901576654864911,0.03378345819395591,2.2225823117426704,60
broken_power_law,0,30,0.02,richardson_a10,50000.0,0.2901576654864911,0.02899441429406535,1.3876102003378454,60
broken_power_law,0,30,0.02,single_exp_fit,50000.0,0.2901576654864911,0.03951929118251976,1.893339564442741,60
broken_power_law,0,30,0.02,rational_fit,50000.0,0.2901576654864911,0.003992749995370928,0.20619323885953852,60
broken_power_law,0,30,0.02,pade_22,50000.0,0.2901576654864911,0.00874554148745689,0.38969563480624075,60
broken_power_law,0,30,0.02,log_linear,50000.0,0.2901576654864911,0.04814198128552635,2.825381028701648,60
broken_power_law,0,30,0.02,levin_t2,50000.0,0.2901576654864911,0.02055309047701461,1.188886414603838,60
broken_power_law,0,30,0.02,anderson_1,50000.0,0.2901576654864911,0.022158858379973022,1.173948098819337,60
broken_power_law,0,30,0.02,constant_assumed,50000.0,0.2901576654864911,0.049361440175231835,2.932371203655815,60
broken_power_law,0,30,0.02,last_value,50000.0,0.2901576654864911,0.025824169247735472,1.1332301758269232,60
broken_power_law,0,30,0.02,window_mean,50000.0,0.2901576654864911,0.08783924640398781,4.20097679236569,60
broken_power_law,0,30,0.02,window_min,50000.0,0.2901576654864911,0.022454608657944432,1.0,60
random_knots,1,30,0.02,current_value,50000.0,0.029564597421905994,0.16469083085302066,4.757618617930608,21
random_knots,1,30,0.02,richardson_1,50000.0,0.029564597421905994,0.009479392388332453,0.48885396723420715,21
random_knots,1,30,0.02,richardson_a10,50000.0,0.029564597421905994,0.18660927390301318,5.6726761058579305,21
random_knots,1,30,0.02,single_exp_fit,50000.0,0.029564597421905994,0.1701422960323391,5.174372022046492,21
random_knots,1,30,0.02,rational_fit,50000.0,0.029564597421905994,0.10849962757560877,3.629867741424782,21
random_knots,1,30,0.02,pade_22,50000.0,0.029564597421905994,0.06241201535234489,2.123983237736748,21
random_knots,1,30,0.02,log_linear,50000.0,0.029564597421905994,0.00642802523280904,0.29306002498288863,21
random_knots,1,30,0.02,levin_t2,50000.0,0.029564597421905994,0.1384106016426171,4.080001982337287,21
random_knots,1,30,0.02,anderson_1,50000.0,0.029564597421905994,0.14622102839942314,4.819448577438965,21
random_knots,1,30,0.02,constant_assumed,50000.0,0.029564597421905994,0.03652409952680502,1.0,21
random_knots,1,30,0.02,last_value,50000.0,0.029564597421905994,0.16469083085302066,4.757618617930608,21
random_knots,1,30,0.02,window_mean,50000.0,0.029564597421905994,0.24162357289011405,8.425006820231097,21
random_knots,1,30,0.02,window_min,50000.0,0.029564597421905994,0.15835292088942224,4.757618617930608,21
log_slow,0,60,0.1,current_value,50000.0,0.38250619171060757,0.11936131124246735,1.2666472289530042,60
log_slow,0,60,0.1,richardson_1,50000.0,0.38250619171060757,0.03344106530146766,0.2966104819216284,60
log_slow,0,60,0.1,richardson_a10,50000.0,0.38250619171060757,0.14481662651958344,1.5537195963680595,60
log_slow,0,60,0.1,single_exp_fit,50000.0,0.38250619171060757,0.13611006112951662,1.4233727355956112,60
log_slow,0,60,0.1,rational_fit,50000.0,0.38250619171060757,0.09352999666357686,0.9558151710590945,60
log_slow,0,60,0.1,pade_22,50000.0,0.38250619171060757,0.05654556390818996,0.5635982052110247,60
log_slow,0,60,0.1,log_linear,50000.0,0.38250619171060757,0.0663364843812814,0.6694740837099203,60
log_slow,0,60,0.1,levin_t2,50000.0,0.38250619171060757,0.11715617421184907,1.0926413577164729,60
log_slow,0,60,0.1,anderson_1,50000.0,0.38250619171060757,0.11835277371890704,1.2333014193118819,60
log_slow,0,60,0.1,constant_assumed,50000.0,0.38250619171060757,0.10275805732146302,1.0886577413728165,60
log_slow,0,60,0.1,last_value,50000.0,0.38250619171060757,0.11936131124246735,1.2666472289530042,60
log_slow,0,60,0.1,window_mean,50000.0,0.38250619171060757,0.18447709990191447,1.9594127639820507,60
log_slow,0,60,0.1,window_min,50000.0,0.38250619171060757,0.11622105869780998,1.0,60
log_slow,0,60,0.02,current_value,50000.0,0.38250619171060757,0.11936131124246735,1.2666472289530042,60
log_slow,0,60,0.02,richardson_1,50000.0,0.38250619171060757,0.03344106530146766,0.2966104819216284,60
log_slow,0,60,0.02,richardson_a10,50000.0,0.38250619171060757,0.14481662651958344,1.5537195963680595,60
log_slow,0,60,0.02,single_exp_fit,50000.0,0.38250619171060757,0.13611006112951662,1.4233727355956112,60
log_slow,0,60,0.02,rational_fit,50000.0,0.38250619171060757,0.09352999666357686,0.9558151710590945,60
log_slow,0,60,0.02,pade_22,50000.0,0.38250619171060757,0.05654556390818996,0.5635982052110247,60
log_slow,0,60,0.02,log_linear,50000.0,0.38250619171060757,0.0663364843812814,0.6694740837099203,60
log_slow,0,60,0.02,levin_t2,50000.0,0.38250619171060757,0.11715617421184907,1.0926413577164729,60
log_slow,0,60,0.02,anderson_1,50000.0,0.38250619171060757,0.11835277371890704,1.2333014193118819,60
log_slow,0,60,0.02,constant_assumed,50000.0,0.38250619171060757,0.10275805732146302,1.0886577413728165,60
log_slow,0,60,0.02,last_value,50000.0,0.38250619171060757,0.11936131124246735,1.2666472289530042,60
log_slow,0,60,0.02,window_mean,50000.0,0.38250619171060757,0.18447709990191447,1.9594127639820507,60
log_slow,0,60,0.02,window_min,50000.0,0.38250619171060757,0.11622105869780998,1.0,60
log_oscillatory,0,60,0.1,current_value,50000.0,0.29321751930860546,0.14788156614365594,1.5521195096230134,60
log_oscillatory,0,60,0.1,richardson_1,50000.0,0.29321751930860546,0.07264497388201721,0.6559290849893359,60
log_oscillatory,0,60,0.1,richardson_a10,50000.0,0.29321751930860546,0.16647210176238667,1.7562757002848643,60
log_oscillatory,0,60,0.1,single_exp_fit,50000.0,0.29321751930860546,0.14528743699674562,1.5627552993127873,60
log_oscillatory,0,60,0.1,rational_fit,50000.0,0.29321751930860546,0.08629160544988784,0.9455025659701612,60
log_oscillatory,0,60,0.1,pade_22,50000.0,0.29321751930860546,0.02120527956448698,0.2295456095886637,60
log_oscillatory,0,60,0.1,log_linear,50000.0,0.29321751930860546,0.07575171739927505,0.6786080763833416,60
log_oscillatory,0,60,0.1,levin_t2,50000.0,0.29321751930860546,0.16575021434988046,1.682584908277075,60
log_oscillatory,0,60,0.1,anderson_1,50000.0,0.29321751930860546,0.1581306961828369,1.91487051926507,60
log_oscillatory,0,60,0.1,constant_assumed,50000.0,0.29321751930860546,0.11757721977593429,1.0609411234512511,60
log_oscillatory,0,60,0.1,last_value,50000.0,0.29321751930860546,0.14788156614365594,1.5521195096230134,60
log_oscillatory,0,60,0.1,window_mean,50000.0,0.29321751930860546,0.21015303688904247,2.195831458062881,60
log_oscillatory,0,60,0.1,window_min,50000.0,0.29321751930860546,0.11364146002337137,1.0,60
log_oscillatory,0,60,0.02,current_value,50000.0,0.29321751930860546,0.14788156614365594,1.5521195096230134,60
log_oscillatory,0,60,0.02,richardson_1,50000.0,0.29321751930860546,0.07264497388201721,0.6559290849893359,60
log_oscillatory,0,60,0.02,richardson_a10,50000.0,0.29321751930860546,0.16647210176238667,1.7562757002848643,60
log_oscillatory,0,60,0.02,single_exp_fit,50000.0,0.29321751930860546,0.14528743699674562,1.5627552993127873,60
log_oscillatory,0,60,0.02,rational_fit,50000.0,0.29321751930860546,0.08629160544988784,0.9455025659701612,60
log_oscillatory,0,60,0.02,pade_22,50000.0,0.29321751930860546,0.02120527956448698,0.2295456095886637,60
log_oscillatory,0,60,0.02,log_linear,50000.0,0.29321751930860546,0.07575171739927505,0.6786080763833416,60
log_oscillatory,0,60,0.02,levin_t2,50000.0,0.29321751930860546,0.16575021434988046,1.682584908277075,60
log_oscillatory,0,60,0.02,anderson_1,50000.0,0.29321751930860546,0.1581306961828369,1.91487051926507,60
log_oscillatory,0,60,0.02,constant_assumed,50000.0,0.29321751930860546,0.11757721977593429,1.0609411234512511,60
log_oscillatory,0,60,0.02,last_value,50000.0,0.29321751930860546,0.14788156614365594,1.5521195096230134,60
log_oscillatory,0,60,0.02,window_mean,50000.0,0.29321751930860546,0.21015303688904247,2.195831458062881,60
log_oscillatory,0,60,0.02,window_min,50000.0,0.29321751930860546,0.11364146002337137,1.0,60
broken_power_law,0,60,0.02,current_value,50000.0,0.06831883593871105,0.1439545407538475,15.115613461023282,60
broken_power_law,0,60,0.02,richardson_1,50000.0,0.06831883593871105,0.022777906508224262,2.4650132583459414,60
broken_power_law,0,60,0.02,richardson_a10,50000.0,0.06831883593871105,0.01753056040891289,1.840755932453367,60
broken_power_law,0,60,0.02,single_exp_fit,50000.0,0.06831883593871105,0.025582196394537182,2.6861967014621833,60
broken_power_law,0,60,0.02,rational_fit,50000.0,0.06831883593871105,0.0006775003199008915,0.07779922355540259,60
broken_power_law,0,60,0.02,pade_22,50000.0,0.06831883593871105,0.01359003405670392,2.9506976869046064,60
broken_power_law,0,60,0.02,log_linear,50000.0,0.06831883593871105,0.05680475400915899,6.872398592761992,60
broken_power_law,0,60,0.02,levin_t2,50000.0,0.06831883593871105,0.009542519506853225,1.0019901807509508,60
broken_power_law,0,60,0.02,anderson_1,50000.0,0.06831883593871105,0.009828984799134771,1.0320698059260374,60
broken_power_law,0,60,0.02,constant_assumed,50000.0,0.06831883593871105,0.049361440175231835,6.766150184312076,60
broken_power_law,0,60,0.02,last_value,50000.0,0.06831883593871105,0.1439545407538475,15.115613461023282,60
broken_power_law,0,60,0.02,window_mean,50000.0,0.06831883593871105,0.05391336807053526,5.661048466192994,60
broken_power_law,0,60,0.02,window_min,50000.0,0.06831883593871105,0.009523565889339846,1.0,60
random_knots,1,60,0.02,current_value,50000.0,0.03510158280603727,0.08950196374138847,3.554367545815631,30
random_knots,1,60,0.02,richardson_1,50000.0,0.03510158280603727,0.013083426812348404,0.7225226637310127,30
random_knots,1,60,0.02,richardson_a10,50000.0,0.03510158280603727,0.13755554865200226,2.8428876691496234,30
random_knots,1,60,0.02,single_exp_fit,50000.0,0.03510158280603727,0.12053813281054725,3.418158344287071,30
random_knots,1,60,0.02,rational_fit,50000.0,0.03510158280603727,0.07059515988301349,1.1085695050797857,30
random_knots,1,60,0.02,pade_22,50000.0,0.03510158280603727,0.058085130019035536,1.1151590851063524,30
random_knots,1,60,0.02,log_linear,50000.0,0.03510158280603727,0.016863849584304428,0.8165295622936354,30
random_knots,1,60,0.02,levin_t2,50000.0,0.03510158280603727,0.07071639122357166,1.8406305518278567,30
random_knots,1,60,0.02,anderson_1,50000.0,0.03510158280603727,0.10435433031161043,2.524766950910405,30
random_knots,1,60,0.02,constant_assumed,50000.0,0.03510158280603727,0.03979343900451839,1.0,30
random_knots,1,60,0.02,last_value,50000.0,0.03510158280603727,0.08950196374138847,3.554367545815631,30
random_knots,1,60,0.02,window_mean,50000.0,0.03510158280603727,0.17755740507058881,5.628828562973007,30
random_knots,1,60,0.02,window_min,50000.0,0.03510158280603727,0.07708817026200128,1.8780752279823512,30
log_slow,0,90,0.1,current_value,50000.0,0.41863546463489004,0.10267907838647497,1.121095154739515,60
log_slow,0,90,0.1,richardson_1,50000.0,0.41863546463489004,0.02333994323023124,0.2835249415712783,60
log_slow,0,90,0.1,richardson_a10,50000.0,0.41863546463489004,0.0774620337036061,0.8662831666329514,60
log_slow,0,90,0.1,single_exp_fit,50000.0,0.41863546463489004,0.08980235102498024,0.9570082753312688,60
log_slow,0,90,0.1,rational_fit,50000.0,0.41863546463489004,0.05848204038264623,0.611625125603315,60
log_slow,0,90,0.1,pade_22,50000.0,0.41863546463489004,0.1338782077359179,1.7482825450361907,60
log_slow,0,90,0.1,log_linear,50000.0,0.41863546463489004,0.04929004514547533,0.6167743395110357,60
log_slow,0,90,0.1,levin_t2,50000.0,0.41863546463489004,0.09904272763555236,1.0759458633584686,60
log_slow,0,90,0.1,anderson_1,50000.0,0.41863546463489004,0.1025589111906468,1.1332090189373762,60
log_slow,0,90,0.1,constant_assumed,50000.0,0.41863546463489004,0.10275805732146302,1.3757722614082049,60
log_slow,0,90,0.1,last_value,50000.0,0.41863546463489004,0.10267907838647497,1.121095154739515,60
log_slow,0,90,0.1,window_mean,50000.0,0.41863546463489004,0.12189501409949945,1.3518353249413906,60
log_slow,0,90,0.1,window_min,50000.0,0.41863546463489004,0.09524182053798266,1.0,60
log_slow,0,90,0.02,current_value,50000.0,0.41863546463489004,0.10267907838647497,1.121095154739515,60
log_slow,0,90,0.02,richardson_1,50000.0,0.41863546463489004,0.02333994323023124,0.2835249415712783,60
log_slow,0,90,0.02,richardson_a10,50000.0,0.41863546463489004,0.0774620337036061,0.8662831666329514,60
log_slow,0,90,0.02,single_exp_fit,50000.0,0.41863546463489004,0.08980235102498024,0.9570082753312688,60
log_slow,0,90,0.02,rational_fit,50000.0,0.41863546463489004,0.05848204038264623,0.611625125603315,60
log_slow,0,90,0.02,pade_22,50000.0,0.41863546463489004,0.1338782077359179,1.7482825450361907,60
log_slow,0,90,0.02,log_linear,50000.0,0.41863546463489004,0.04929004514547533,0.6167743395110357,60
log_slow,0,90,0.02,levin_t2,50000.0,0.41863546463489004,0.09904272763555236,1.0759458633584686,60
log_slow,0,90,0.02,anderson_1,50000.0,0.41863546463489004,0.1025589111906468,1.1332090189373762,60
log_slow,0,90,0.02,constant_assumed,50000.0,0.41863546463489004,0.10275805732146302,1.3757722614082049,60
log_slow,0,90,0.02,last_value,50000.0,0.41863546463489004,0.10267907838647497,1.121095154739515,60
log_slow,0,90,0.02,window_mean,50000.0,0.41863546463489004,0.12189501409949945,1.3518353249413906,60
log_slow,0,90,0.02,window_min,50000.0,0.41863546463489004,0.09524182053798266,1.0,60
log_oscillatory,0,90,0.1,current_value,50000.0,0.2992564263745022,0.14365932409814758,1.7947098188545432,60
log_oscillatory,0,90,0.1,richardson_1,50000.0,0.2992564263745022,0.02476228677659144,0.30464905548198934,60
log_oscillatory,0,90,0.1,richardson_a10,50000.0,0.2992564263745022,0.1013795442424252,1.2689960321809086,60
log_oscillatory,0,90,0.1,single_exp_fit,50000.0,0.2992564263745022,0.11757721977241033,1.5051598392031227,60
log_oscillatory,0,90,0.1,rational_fit,50000.0,0.2992564263745022,0.11579913366736691,1.486144627420817,60
log_oscillatory,0,90,0.1,pade_22,50000.0,0.2992564263745022,0.12319987730158405,1.5482757414447827,60
log_oscillatory,0,90,0.1,log_linear,50000.0,0.2992564263745022,0.03267587452882611,0.4267234289804094,60
log_oscillatory,0,90,0.1,levin_t2,50000.0,0.2992564263745022,0.1440136793666471,1.7997009705436748,60
log_oscillatory,0,90,0.1,anderson_1,50000.0,0.2992564263745022,0.14642647431337205,1.8385351303592707,60
log_oscillatory,0,90,0.1,constant_assumed,50000.0,0.2992564263745022,0.11757721977593429,1.5051598392031242,60
log_oscillatory,0,90,0.1,last_value,50000.0,0.2992564263745022,0.14365932409814758,1.7947098188545432,60
log_oscillatory,0,90,0.1,window_mean,50000.0,0.2992564263745022,0.13140172565605163,1.6512407687827553,60
log_oscillatory,0,90,0.1,window_min,50000.0,0.2992564263745022,0.0807355501040678,1.0,60
log_oscillatory,0,90,0.02,current_value,50000.0,0.2992564263745022,0.14365932409814758,1.7947098188545432,60
log_oscillatory,0,90,0.02,richardson_1,50000.0,0.2992564263745022,0.02476228677659144,0.30464905548198934,60
log_oscillatory,0,90,0.02,richardson_a10,50000.0,0.2992564263745022,0.1013795442424252,1.2689960321809086,60
log_oscillatory,0,90,0.02,single_exp_fit,50000.0,0.2992564263745022,0.11757721977241033,1.5051598392031227,60
log_oscillatory,0,90,0.02,rational_fit,50000.0,0.2992564263745022,0.11579913366736691,1.486144627420817,60
log_oscillatory,0,90,0.02,pade_22,50000.0,0.2992564263745022,0.12319987730158405,1.5482757414447827,60
log_oscillatory,0,90,0.02,log_linear,50000.0,0.2992564263745022,0.03267587452882611,0.4267234289804094,60
log_oscillatory,0,90,0.02,levin_t2,50000.0,0.2992564263745022,0.1440136793666471,1.7997009705436748,60
log_oscillatory,0,90,0.02,anderson_1,50000.0,0.2992564263745022,0.14642647431337205,1.8385351303592707,60
log_oscillatory,0,90,0.02,constant_assumed,50000.0,0.2992564263745022,0.11757721977593429,1.5051598392031242,60
log_oscillatory,0,90,0.02,last_value,50000.0,0.2992564263745022,0.14365932409814758,1.7947098188545432,60
log_oscillatory,0,90,0.02,window_mean,50000.0,0.2992564263745022,0.13140172565605163,1.6512407687827553,60
log_oscillatory,0,90,0.02,window_min,50000.0,0.2992564263745022,0.0807355501040678,1.0,60
broken_power_law,0,90,0.02,current_value,50000.0,0.0801724362309424,0.12110995692554594,12.716870795329902,60
broken_power_law,0,90,0.02,richardson_1,50000.0,0.0801724362309424,0.865730456271005,91.12143797026243,60
broken_power_law,0,90,0.02,richardson_a10,50000.0,0.0801724362309424,0.21517405622386093,22.593853890874513,60
broken_power_law,0,90,0.02,single_exp_fit,50000.0,0.0801724362309424,0.07553872240099721,7.93176875666853,60
broken_power_law,0,90,0.02,rational_fit,50000.0,0.0801724362309424,0.07553872245807028,7.931768746658957,60
broken_power_law,0,90,0.02,pade_22,50000.0,0.0801724362309424,0.058458965450597186,6.6557230018293385,60
broken_power_law,0,90,0.02,log_linear,50000.0,0.0801724362309424,9.293583955360312,1353.890220505792,60
broken_power_law,0,90,0.02,levin_t2,50000.0,0.0801724362309424,0.11878777196726506,7.183550375251372,60
broken_power_law,0,90,0.02,anderson_1,50000.0,0.0801724362309424,0.12080148535880006,12.684480452224157,60
broken_power_law,0,90,0.02,constant_assumed,50000.0,0.0801724362309424,0.049361440175231835,6.359058469020578,60
broken_power_law,0,90,0.02,last_value,50000.0,0.0801724362309424,0.12110995692554594,12.716870795329902,60
broken_power_law,0,90,0.02,window_mean,50000.0,0.0801724362309424,0.07553872226325245,7.931768745130049,60
broken_power_law,0,90,0.02,window_min,50000.0,0.0801724362309424,0.009523565889339846,1.0,60
random_knots,1,90,0.02,current_value,50000.0,0.048753995105105384,0.07423573658978874,2.514257320866838,30
random_knots,1,90,0.02,richardson_1,50000.0,0.048753995105105384,0.017247957023194895,0.8702552331540799,30
random_knots,1,90,0.02,richardson_a10,50000.0,0.048753995105105384,0.03509735884101999,1.3298358569338424,30
random_knots,1,90,0.02,single_exp_fit,50000.0,0.048753995105105384,0.05399849000338493,1.872051059101734,30
random_knots,1,90,0.02,rational_fit,50000.0,0.048753995105105384,0.015065698873273883,0.8151812117547679,30
random_knots,1,90,0.02,pade_22,50000.0,0.048753995105105384,0.040014716160285096,1.9666575337157675,30
random_knots,1,90,0.02,log_linear,50000.0,0.048753995105105384,0.01602170382458779,0.9045422490338323,30
random_knots,1,90,0.02,levin_t2,50000.0,0.048753995105105384,0.06534732180830011,2.1343756877161617,30
random_knots,1,90,0.02,anderson_1,50000.0,0.048753995105105384,0.07166562981142863,2.2012337830610864,30
random_knots,1,90,0.02,constant_assumed,50000.0,0.048753995105105384,0.03979343900451839,1.0,30
random_knots,1,90,0.02,last_value,50000.0,0.048753995105105384,0.07423573658978874,2.514257320866838,30
random_knots,1,90,0.02,window_mean,50000.0,0.048753995105105384,0.10576212888008618,2.722114793154832,30
random_knots,1,90,0.02,window_min,50000.0,0.048753995105105384,0.058030079851025526,1.884187167043562,30
random_knots,1,90,0.1,current_value,50000.0,0.12600565647998135,0.08024660017203261,4.681865417025001,3
random_knots,1,90,0.1,richardson_1,50000.0,0.12600565647998135,0.015049237411468111,0.878024789066484,3
random_knots,1,90,0.1,richardson_a10,50000.0,0.12600565647998135,0.03525673591512214,2.0570004491694664,3
random_knots,1,90,0.1,single_exp_fit,50000.0,0.12600565647998135,0.0624874880494552,3.6457371236703073,3
random_knots,1,90,0.1,rational_fit,50000.0,0.12600565647998135,0.008736499071069,0.5097177049123693,3
random_knots,1,90,0.1,pade_22,50000.0,0.12600565647998135,0.0376131360039041,2.19448101608061,3
random_knots,1,90,0.1,log_linear,50000.0,0.12600565647998135,0.015077581430680796,0.8796784776096356,3
random_knots,1,90,0.1,levin_t2,50000.0,0.12600565647998135,0.08300474955076714,4.842785433120421,3
random_knots,1,90,0.1,anderson_1,50000.0,0.12600565647998135,0.08434182522775253,4.9207950728883745,3
random_knots,1,90,0.1,constant_assumed,50000.0,0.12600565647998135,0.017139877596700274,1.0,3
random_knots,1,90,0.1,last_value,50000.0,0.12600565647998135,0.08024660017203261,4.681865417025001,3
random_knots,1,90,0.1,window_mean,50000.0,0.12600565647998135,0.11264527428464821,6.572116612217488,3
random_knots,1,90,0.1,window_min,50000.0,0.12600565647998135,0.07676905703554213,4.478973470051006,3
damped_osc_pow,0,120,0.02,current_value,50000.0,0.021022044544695872,0.045235653846859444,3.087267434202049,60
damped_osc_pow,0,120,0.02,richardson_1,50000.0,0.021022044544695872,0.016250286274811322,0.7828142640630016,60
damped_osc_pow,0,120,0.02,richardson_a10,50000.0,0.021022044544695872,0.019271386695824302,1.4203899726687124,60
damped_osc_pow,0,120,0.02,single_exp_fit,50000.0,0.021022044544695872,0.033058740790810025,2.45666075637431,60
damped_osc_pow,0,120,0.02,rational_fit,50000.0,0.021022044544695872,0.013458813164379612,0.9876133557733238,60
damped_osc_pow,0,120,0.02,pade_22,50000.0,0.021022044544695872,0.06238712347232454,3.007673935700862,60
damped_osc_pow,0,120,0.02,log_linear,50000.0,0.021022044544695872,0.01764332735916042,0.8362744479633966,60
damped_osc_pow,0,120,0.02,levin_t2,50000.0,0.021022044544695872,0.04147340588207131,2.3556318675384214,60
damped_osc_pow,0,120,0.02,anderson_1,50000.0,0.021022044544695872,0.04521327542592926,3.083396473116962,60
damped_osc_pow,0,120,0.02,constant_assumed,50000.0,0.021022044544695872,0.023653617745517608,1.0,60
damped_osc_pow,0,120,0.02,last_value,50000.0,0.021022044544695872,0.045235653846859444,3.087267434202049,60
damped_osc_pow,0,120,0.02,window_mean,50000.0,0.021022044544695872,0.05568277166125245,4.144704942134994,60
damped_osc_pow,0,120,0.02,window_min,50000.0,0.021022044544695872,0.038136274911640525,1.2218286392467974,60
log_slow,0,120,0.1,current_value,50000.0,0.44454396782293126,0.0923856267488152,1.092249865210215,60
log_slow,0,120,0.1,richardson_1,50000.0,0.44454396782293126,0.03899986268899787,0.5799950560732641,60
log_slow,0,120,0.1,richardson_a10,50000.0,0.44454396782293126,0.06582319965799277,0.787286651941175,60
log_slow,0,120,0.1,single_exp_fit,50000.0,0.44454396782293126,0.07626525107848309,0.93150483019492,60
log_slow,0,120,0.1,rational_fit,50000.0,0.44454396782293126,0.049415491907660564,0.6052485417300091,60
log_slow,0,120,0.1,pade_22,50000.0,0.44454396782293126,0.1115141476153844,1.40183698882876,60
log_slow,0,120,0.1,log_linear,50000.0,0.44454396782293126,0.04401756967059329,0.6381698761937524,60
log_slow,0,120,0.1,levin_t2,50000.0,0.44454396782293126,0.08525275837813702,1.0713799774266155,60
log_slow,0,120,0.1,anderson_1,50000.0,0.44454396782293126,0.09235900708021946,1.0991218466060042,60
log_slow,0,120,0.1,constant_assumed,50000.0,0.44454396782293126,0.10275805732146302,1.6261427747235406,60
log_slow,0,120,0.1,last_value,50000.0,0.44454396782293126,0.0923856267488152,1.092249865210215,60
log_slow,0,120,0.1,window_mean,50000.0,0.44454396782293126,0.10348472365772635,1.2398107456796468,60
log_slow,0,120,0.1,window_min,50000.0,0.44454396782293126,0.08507727425103803,1.0,60
log_slow,0,120,0.02,current_value,50000.0,0.44454396782293126,0.0923856267488152,1.092249865210215,60
log_slow,0,120,0.02,richardson_1,50000.0,0.44454396782293126,0.03899986268899787,0.5799950560732641,60
log_slow,0,120,0.02,richardson_a10,50000.0,0.44454396782293126,0.06582319965799277,0.787286651941175,60
log_slow,0,120,0.02,single_exp_fit,50000.0,0.44454396782293126,0.07626525107848309,0.93150483019492,60
log_slow,0,120,0.02,rational_fit,50000.0,0.44454396782293126,0.049415491907660564,0.6052485417300091,60
log_slow,0,120,0.02,pade_22,50000.0,0.44454396782293126,0.1115141476153844,1.40183698882876,60
log_slow,0,120,0.02,log_linear,50000.0,0.44454396782293126,0.04401756967059329,0.6381698761937524,60
log_slow,0,120,0.02,levin_t2,50000.0,0.44454396782293126,0.08525275837813702,1.0713799774266155,60
log_slow,0,120,0.02,anderson_1,50000.0,0.44454396782293126,0.09235900708021946,1.0991218466060042,60
log_slow,0,120,0.02,constant_assumed,50000.0,0.44454396782293126,0.10275805732146302,1.6261427747235406,60
log_slow,0,120,0.02,last_value,50000.0,0.44454396782293126,0.0923856267488152,1.092249865210215,60
log_slow,0,120,0.02,window_mean,50000.0,0.44454396782293126,0.10348472365772635,1.2398107456796468,60
log_slow,0,120,0.02,window_min,50000.0,0.44454396782293126,0.08507727425103803,1.0,60
log_oscillatory,0,120,0.1,current_value,50000.0,0.4340556646869982,0.07999198418397901,1.1661590964467332,60
log_oscillatory,0,120,0.1,richardson_1,50000.0,0.4340556646869982,0.015018050394826545,0.25110888061482495,60
log_oscillatory,0,120,0.1,richardson_a10,50000.0,0.4340556646869982,0.08541110765820456,1.2903893996474225,60
log_oscillatory,0,120,0.1,single_exp_fit,50000.0,0.4340556646869982,0.11458023050156707,1.9144728163862403,60
log_oscillatory,0,120,0.1,rational_fit,50000.0,0.4340556646869982,0.1145398500785582,1.814750595071223,60
log_oscillatory,0,120,0.1,pade_22,50000.0,0.4340556646869982,0.13269425402002105,1.9880702519280364,60
log_oscillatory,0,120,0.1,log_linear,50000.0,0.4340556646869982,0.02585858077814556,0.39792277744299154,60
log_oscillatory,0,120,0.1,levin_t2,50000.0,0.4340556646869982,0.07315239731297174,1.132492996631819,60
log_oscillatory,0,120,0.1,anderson_1,50000.0,0.4340556646869982,0.07514886510481661,1.1341761229526748,60
log_oscillatory,0,120,0.1,constant_assumed,50000.0,0.4340556646869982,0.11757721977593429,1.860679706430627,60
log_oscillatory,0,120,0.1,last_value,50000.0,0.4340556646869982,0.07999198418397901,1.1661590964467332,60
log_oscillatory,0,120,0.1,window_mean,50000.0,0.4340556646869982,0.10948065381683231,1.637502989393651,60
log_oscillatory,0,120,0.1,window_min,50000.0,0.4340556646869982,0.0668369882341879,1.0,60
log_oscillatory,0,120,0.02,current_value,50000.0,0.4340556646869982,0.07999198418397901,1.1661590964467332,60
log_oscillatory,0,120,0.02,richardson_1,50000.0,0.4340556646869982,0.015018050394826545,0.25110888061482495,60
log_oscillatory,0,120,0.02,richardson_a10,50000.0,0.4340556646869982,0.08541110765820456,1.2903893996474225,60
log_oscillatory,0,120,0.02,single_exp_fit,50000.0,0.4340556646869982,0.11458023050156707,1.9144728163862403,60
log_oscillatory,0,120,0.02,rational_fit,50000.0,0.4340556646869982,0.1145398500785582,1.814750595071223,60
log_oscillatory,0,120,0.02,pade_22,50000.0,0.4340556646869982,0.13269425402002105,1.9880702519280364,60
log_oscillatory,0,120,0.02,log_linear,50000.0,0.4340556646869982,0.02585858077814556,0.39792277744299154,60
log_oscillatory,0,120,0.02,levin_t2,50000.0,0.4340556646869982,0.07315239731297174,1.132492996631819,60
log_oscillatory,0,120,0.02,anderson_1,50000.0,0.4340556646869982,0.07514886510481661,1.1341761229526748,60
log_oscillatory,0,120,0.02,constant_assumed,50000.0,0.4340556646869982,0.11757721977593429,1.860679706430627,60
log_oscillatory,0,120,0.02,last_value,50000.0,0.4340556646869982,0.07999198418397901,1.1661590964467332,60
log_oscillatory,0,120,0.02,window_mean,50000.0,0.4340556646869982,0.10948065381683231,1.637502989393651,60
log_oscillatory,0,120,0.02,window_min,50000.0,0.4340556646869982,0.0668369882341879,1.0,60
broken_power_law,0,120,0.02,current_value,50000.0,0.08985094974711708,0.10692724052129927,2.7203461963166973,60
broken_power_law,0,120,0.02,richardson_1,50000.0,0.08985094974711708,0.016091997713720566,0.46725707232400826,60
broken_power_law,0,120,0.02,richardson_a10,50000.0,0.08985094974711708,0.07045817763816178,1.7846867613136126,60
broken_power_law,0,120,0.02,single_exp_fit,50000.0,0.08985094974711708,0.0843124000101877,1.6455738693575381,60
broken_power_law,0,120,0.02,rational_fit,50000.0,0.08985094974711708,0.04692058419245033,1.1618655360427388,60
broken_power_law,0,120,0.02,pade_22,50000.0,0.08985094974711708,0.13456208603647574,1.9429290635176413,60
broken_power_law,0,120,0.02,log_linear,50000.0,0.08985094974711708,0.019737839656432263,0.501747253269525,60
broken_power_law,0,120,0.02,levin_t2,50000.0,0.08985094974711708,0.0969642963587786,1.8379229001929756,60
broken_power_law,0,120,0.02,anderson_1,50000.0,0.08985094974711708,0.10685743393103725,2.2683621166988446,60
broken_power_law,0,120,0.02,constant_assumed,50000.0,0.08985094974711708,0.049361440175231835,1.0,60
broken_power_law,0,120,0.02,last_value,50000.0,0.08985094974711708,0.10692724052129927,2.7203461963166973,60
broken_power_law,0,120,0.02,window_mean,50000.0,0.08985094974711708,0.1222009905261143,3.1687163187560325,60
broken_power_law,0,120,0.02,window_min,50000.0,0.08985094974711708,0.09911345946084632,1.7438096511583283,60
inv_sqrt_log,1,120,0.02,current_value,50000.0,0.021868452999433595,0.01663841013261865,1.4320447178736693,60
inv_sqrt_log,1,120,0.02,richardson_1,50000.0,0.021868452999433595,0.008477543704938525,0.9377655183840505,60
inv_sqrt_log,1,120,0.02,richardson_a10,50000.0,0.021868452999433595,0.005878999063100791,0.49602937358847177,60
inv_sqrt_log,1,120,0.02,single_exp_fit,50000.0,0.021868452999433595,0.013467224717919866,1.2192730221874877,60
inv_sqrt_log,1,120,0.02,rational_fit,50000.0,0.021868452999433595,0.004858742892566043,0.6330954358783165,60
inv_sqrt_log,1,120,0.02,pade_22,50000.0,0.021868452999433595,0.022047551046808254,2.404109640291344,60
inv_sqrt_log,1,120,0.02,log_linear,50000.0,0.021868452999433595,0.04092423696294721,3.3312902428484454,60
inv_sqrt_log,1,120,0.02,levin_t2,50000.0,0.021868452999433595,0.012075967641645896,1.2360559666677033,60
inv_sqrt_log,1,120,0.02,anderson_1,50000.0,0.021868452999433595,0.016636939381638738,1.5553645483599978,60
inv_sqrt_log,1,120,0.02,constant_assumed,50000.0,0.021868452999433595,0.07047470772612231,6.202340250579351,60
inv_sqrt_log,1,120,0.02,last_value,50000.0,0.021868452999433595,0.01663841013261865,1.4320447178736693,60
inv_sqrt_log,1,120,0.02,window_mean,50000.0,0.021868452999433595,0.020877666926167954,2.066937735667501,60
inv_sqrt_log,1,120,0.02,window_min,50000.0,0.021868452999433595,0.01663841013261864,1.0,60
random_knots,1,120,0.02,current_value,50000.0,0.0475308750067896,0.060677970202987964,1.8656477164147092,36
random_knots,1,120,0.02,richardson_1,50000.0,0.0475308750067896,0.01786549319258228,0.6926979678194292,36
random_knots,1,120,0.02,richardson_a10,50000.0,0.0475308750067896,0.0297135029618305,1.188678090469251,36
random_knots,1,120,0.02,single_exp_fit,50000.0,0.0475308750067896,0.045591225427896495,1.6345691252108465,36
random_knots,1,120,0.02,rational_fit,50000.0,0.0475308750067896,0.023513015208583985,0.9770908766169881,36
random_knots,1,120,0.02,pade_22,50000.0,0.0475308750067896,0.05132512725373366,2.2080603944668344,36
random_knots,1,120,0.02,log_linear,50000.0,0.0475308750067896,0.014709591473909768,0.8360661099458564,36
random_knots,1,120,0.02,levin_t2,50000.0,0.0475308750067896,0.0429766841892346,1.926682227840898,36
random_knots,1,120,0.02,anderson_1,50000.0,0.0475308750067896,0.06212703251539813,1.9996579719543148,36
random_knots,1,120,0.02,constant_assumed,50000.0,0.0475308750067896,0.03979343900451839,1.0792136604525244,36
random_knots,1,120,0.02,last_value,50000.0,0.0475308750067896,0.060677970202987964,1.8656477164147092,36
random_knots,1,120,0.02,window_mean,50000.0,0.0475308750067896,0.0781671819484768,2.3419528840886885,36
random_knots,1,120,0.02,window_min,50000.0,0.0475308750067896,0.04641931910045052,1.061528133667696,36
random_knots,1,120,0.1,current_value,50000.0,0.14223608639720645,0.06976956868344117,4.070599004561913,3
random_knots,1,120,0.1,richardson_1,50000.0,0.14223608639720645,0.022035074875429595,1.2856028143206655,3
random_knots,1,120,0.1,richardson_a10,50000.0,0.14223608639720645,0.02289605009566238,1.3358350995499682,3
random_knots,1,120,0.1,single_exp_fit,50000.0,0.14223608639720645,0.059231518490396234,3.455772548912446,3
random_knots,1,120,0.1,rational_fit,50000.0,0.14223608639720645,0.020870130386851368,1.2176359060387474,3
random_knots,1,120,0.1,pade_22,50000.0,0.14223608639720645,0.09765460846740083,5.697509093425559,3
random_knots,1,120,0.1,log_linear,50000.0,0.14223608639720645,0.014898947311495474,0.8692563425519317,3
random_knots,1,120,0.1,levin_t2,50000.0,0.14223608639720645,0.04156079158171508,2.4248009559716026,3
random_knots,1,120,0.1,anderson_1,50000.0,0.14223608639720645,0.06975795173498954,4.069921231433949,3
random_knots,1,120,0.1,constant_assumed,50000.0,0.14223608639720645,0.017139877596700274,1.0,3
random_knots,1,120,0.1,last_value,50000.0,0.14223608639720645,0.06976956868344117,4.070599004561913,3
random_knots,1,120,0.1,window_mean,50000.0,0.14223608639720645,0.08336860255825558,4.864013881540525,3
random_knots,1,120,0.1,window_min,50000.0,0.14223608639720645,0.061070523057112164,3.5630664637225475,3
