diagnostic,method,threshold,n_fire,n_total,fire_rate,precision,recall,mean_err_saved
perturb_iqr,anderson_1,0.001,9599,11640,0.825,0.021,0.8,0.0005
perturb_iqr,anderson_1,0.002,8039,11640,0.691,0.02,0.644,0.0002
perturb_iqr,anderson_1,0.005,4892,11640,0.42,0.026,0.508,-0.0006
perturb_iqr,anderson_1,0.01,2319,11640,0.199,0.038,0.352,-0.0037
perturb_iqr,anderson_1,0.02,805,11640,0.069,0.084,0.272,-0.0231
perturb_iqr,anderson_1,0.05,193,11640,0.017,0.244,0.188,-0.1058
perturb_iqr,anderson_1,0.1,84,11640,0.007,0.369,0.124,-0.175
perturb_iqr,anderson_1,0.2,37,11640,0.003,0.459,0.068,-0.2341
perturb_iqr,anderson_1,0.5,10,11640,0.001,0.5,0.02,-0.6981
perturb_iqr,anderson_1,1.0,1,11640,0.0,1.0,0.004,-4.5916
perturb_iqr,last_value,0.001,9511,11640,0.817,0.0,,0.0
perturb_iqr,last_value,0.002,7833,11640,0.673,0.0,,0.0
perturb_iqr,last_value,0.005,4360,11640,0.375,0.0,,0.0
perturb_iqr,last_value,0.01,1559,11640,0.134,0.0,,0.0
perturb_iqr,last_value,0.02,194,11640,0.017,0.0,,0.0
perturb_iqr,last_value,0.05,3,11640,0.0,0.0,,0.0
perturb_iqr,levin_t2,0.001,9842,11610,0.848,0.058,0.891,0.0091
perturb_iqr,levin_t2,0.002,8393,11610,0.723,0.062,0.805,0.0088
perturb_iqr,levin_t2,0.005,5157,11610,0.444,0.065,0.522,0.0046
perturb_iqr,levin_t2,0.01,2619,11610,0.226,0.064,0.262,-0.0043
perturb_iqr,levin_t2,0.02,916,11610,0.079,0.1,0.143,-0.0341
perturb_iqr,levin_t2,0.05,278,11610,0.024,0.144,0.062,-0.1074
perturb_iqr,levin_t2,0.1,116,11610,0.01,0.241,0.044,-0.2312
perturb_iqr,levin_t2,0.2,31,11610,0.003,0.355,0.017,-0.1478
perturb_iqr,levin_t2,0.5,6,11610,0.001,0.333,0.003,-0.2381
perturb_iqr,levin_t2,1.0,3,11610,0.0,0.333,0.002,-0.3838
perturb_iqr,log_linear,0.001,6525,11250,0.58,0.036,0.691,-0.2943
perturb_iqr,log_linear,0.002,4200,11250,0.373,0.045,0.559,-0.4974
perturb_iqr,log_linear,0.005,1462,11250,0.13,0.095,0.409,-1.5702
perturb_iqr,log_linear,0.01,471,11250,0.042,0.219,0.303,-5.0175
perturb_iqr,log_linear,0.02,138,11250,0.012,0.529,0.215,-17.1835
perturb_iqr,log_linear,0.05,51,11250,0.005,0.922,0.138,-45.5861
perturb_iqr,log_linear,0.1,33,11250,0.003,1.0,0.097,-68.9475
perturb_iqr,log_linear,0.2,22,11250,0.002,1.0,0.065,-100.9691
perturb_iqr,log_linear,0.5,15,11250,0.001,1.0,0.044,-145.1082
perturb_iqr,log_linear,1.0,12,11250,0.001,1.0,0.035,-179.6709
perturb_iqr,pade_22,0.001,10099,11528,0.876,0.14,0.939,-0.1211
perturb_iqr,pade_22,0.002,9148,11528,0.794,0.147,0.896,-0.1355
perturb_iqr,pade_22,0.005,7415,11528,0.643,0.161,0.795,-0.1709
perturb_iqr,pade_22,0.01,5902,11528,0.512,0.178,0.699,-0.2221
perturb_iqr,pade_22,0.02,4407,11528,0.382,0.206,0.607,-0.305
perturb_iqr,pade_22,0.05,2647,11528,0.23,0.272,0.479,-0.5119
perturb_iqr,pade_22,0.1,1610,11528,0.14,0.353,0.379,-0.8419
perturb_iqr,pade_22,0.2,946,11528,0.082,0.457,0.288,-1.4432
perturb_iqr,pade_22,0.5,516,11528,0.045,0.535,0.184,-2.4224
perturb_iqr,pade_22,1.0,318,11528,0.028,0.613,0.13,-2.9643
perturb_iqr,rational_fit,0.001,7794,11640,0.67,0.013,0.488,0.0827
perturb_iqr,rational_fit,0.002,6233,11640,0.535,0.011,0.333,0.0891
perturb_iqr,rational_fit,0.005,4016,11640,0.345,0.011,0.208,0.1002
perturb_iqr,rational_fit,0.01,2492,11640,0.214,0.009,0.111,0.1091
perturb_iqr,rational_fit,0.02,1277,11640,0.11,0.013,0.077,0.1136
perturb_iqr,rational_fit,0.05,360,11640,0.031,0.031,0.053,0.1117
perturb_iqr,rational_fit,0.1,110,11640,0.009,0.064,0.034,0.0484
perturb_iqr,rational_fit,0.2,27,11640,0.002,0.111,0.014,-0.0221
perturb_iqr,rational_fit,0.5,2,11640,0.0,0.0,0.0,-0.0428
perturb_iqr,richardson_1,0.001,7188,11640,0.618,0.024,0.63,0.055
perturb_iqr,richardson_1,0.002,5041,11640,0.433,0.028,0.504,0.0564
perturb_iqr,richardson_1,0.005,2335,11640,0.201,0.037,0.312,0.0555
perturb_iqr,richardson_1,0.01,1127,11640,0.097,0.043,0.178,0.052
perturb_iqr,richardson_1,0.02,557,11640,0.048,0.045,0.091,0.0522
perturb_iqr,richardson_1,0.05,233,11640,0.02,0.047,0.04,0.0551
perturb_iqr,richardson_1,0.1,79,11640,0.007,0.076,0.022,0.0395
perturb_iqr,richardson_1,0.2,4,11640,0.0,0.0,0.0,0.0366
perturb_iqr,richardson_a10,0.001,6919,11640,0.594,0.011,0.265,-0.0114
perturb_iqr,richardson_a10,0.002,3709,11640,0.319,0.006,0.077,-0.0021
perturb_iqr,richardson_a10,0.005,626,11640,0.054,0.008,0.017,0.0217
perturb_iqr,richardson_a10,0.01,48,11640,0.004,0.0,0.0,0.0547
perturb_iqr,richardson_a10,0.02,1,11640,0.0,0.0,0.0,0.0364
perturb_iqr,single_exp_fit,0.001,8560,11640,0.735,0.009,0.466,0.0484
perturb_iqr,single_exp_fit,0.002,6976,11640,0.599,0.008,0.31,0.0542
perturb_iqr,single_exp_fit,0.005,4582,11640,0.394,0.006,0.161,0.0661
perturb_iqr,single_exp_fit,0.01,2747,11640,0.236,0.007,0.109,0.0815
perturb_iqr,single_exp_fit,0.02,1438,11640,0.124,0.01,0.086,0.0925
perturb_iqr,single_exp_fit,0.05,379,11640,0.033,0.024,0.052,0.1065
perturb_iqr,single_exp_fit,0.1,123,11640,0.011,0.041,0.029,0.0841
perturb_iqr,single_exp_fit,0.2,39,11640,0.003,0.103,0.023,0.0066
perturb_iqr,single_exp_fit,0.5,10,11640,0.001,0.2,0.011,-0.1113
shift_iqr,log_linear,0.001,6119,11250,0.544,0.029,0.524,-0.2437
shift_iqr,log_linear,0.002,5022,11250,0.446,0.026,0.391,-0.3072
shift_iqr,log_linear,0.005,4130,11250,0.367,0.027,0.329,-0.3882
shift_iqr,log_linear,0.01,2663,11250,0.237,0.037,0.288,-0.6395
shift_iqr,log_linear,0.02,929,11250,0.083,0.087,0.238,-1.9959
shift_iqr,log_linear,0.05,64,11250,0.006,1.0,0.188,-30.2112
shift_iqr,log_linear,0.1,61,11250,0.005,1.0,0.179,-31.6551
shift_iqr,log_linear,0.2,52,11250,0.005,1.0,0.153,-36.8378
shift_iqr,log_linear,0.5,37,11250,0.003,1.0,0.109,-50.4392
shift_iqr,log_linear,1.0,17,11250,0.002,1.0,0.05,-104.3934
shift_iqr,pade_22,0.001,7241,11452,0.632,0.142,0.731,-0.0942
shift_iqr,pade_22,0.002,6429,11452,0.561,0.156,0.716,-0.1109
shift_iqr,pade_22,0.005,4873,11452,0.426,0.193,0.671,-0.1599
shift_iqr,pade_22,0.01,3642,11452,0.318,0.23,0.597,-0.2253
shift_iqr,pade_22,0.02,2554,11452,0.223,0.291,0.529,-0.3275
shift_iqr,pade_22,0.05,1454,11452,0.127,0.391,0.406,-0.5857
shift_iqr,pade_22,0.1,872,11452,0.076,0.462,0.287,-0.9194
shift_iqr,pade_22,0.2,555,11452,0.048,0.548,0.217,-1.3446
shift_iqr,pade_22,0.5,273,11452,0.024,0.733,0.143,-2.3143
shift_iqr,pade_22,1.0,144,11452,0.013,0.896,0.092,-3.8378
shift_iqr,rational_fit,0.001,5730,11640,0.492,0.007,0.203,0.0848
shift_iqr,rational_fit,0.002,4266,11640,0.366,0.006,0.126,0.0913
shift_iqr,rational_fit,0.005,2260,11640,0.194,0.006,0.068,0.1038
shift_iqr,rational_fit,0.01,1050,11640,0.09,0.008,0.039,0.0985
shift_iqr,rational_fit,0.02,342,11640,0.029,0.018,0.029,0.0914
shift_iqr,rational_fit,0.05,72,11640,0.006,0.056,0.019,0.0278
shift_iqr,rational_fit,0.1,24,11640,0.002,0.083,0.01,-0.0278
shift_iqr,rational_fit,0.2,3,11640,0.0,0.333,0.005,-0.1898
shift_iqr,richardson_1,0.001,6703,11640,0.576,0.022,0.543,0.0523
shift_iqr,richardson_1,0.002,5781,11640,0.497,0.02,0.42,0.0548
shift_iqr,richardson_1,0.005,5004,11640,0.43,0.02,0.359,0.0554
shift_iqr,richardson_1,0.01,4094,11640,0.352,0.02,0.301,0.0588
shift_iqr,richardson_1,0.02,2148,11640,0.185,0.021,0.167,0.0623
shift_iqr,richardson_1,0.05,51,11640,0.004,0.078,0.014,0.0377
shift_iqr,richardson_1,0.1,5,11640,0.0,0.2,0.004,0.0078
shift_iqr,richardson_a10,0.001,8108,11640,0.697,0.026,0.735,-0.0289
shift_iqr,richardson_a10,0.002,6614,11640,0.568,0.02,0.449,-0.0414
shift_iqr,richardson_a10,0.005,5545,11640,0.476,0.016,0.303,-0.055
shift_iqr,richardson_a10,0.01,4687,11640,0.403,0.016,0.265,-0.0718
shift_iqr,richardson_a10,0.02,3242,11640,0.279,0.018,0.202,-0.0838
shift_iqr,richardson_a10,0.05,10,11640,0.001,0.0,0.0,-0.0745
shift_iqr,single_exp_fit,0.001,6340,11640,0.545,0.009,0.322,0.0463
shift_iqr,single_exp_fit,0.002,5263,11640,0.452,0.008,0.236,0.0493
shift_iqr,single_exp_fit,0.005,3639,11640,0.313,0.007,0.155,0.0506
shift_iqr,single_exp_fit,0.01,1310,11640,0.113,0.011,0.08,0.1009
shift_iqr,single_exp_fit,0.02,490,11640,0.042,0.022,0.063,0.1285
shift_iqr,single_exp_fit,0.05,181,11640,0.016,0.039,0.04,0.1229
shift_iqr,single_exp_fit,0.1,55,11640,0.005,0.127,0.04,0.0792
shift_iqr,single_exp_fit,0.2,19,11640,0.002,0.211,0.023,-0.0332
shift_iqr,single_exp_fit,0.5,1,11640,0.0,0.0,0.0,-0.3736
