obs_idx,target_g,method,diagnostic,spearman_r,p_value,n,hi_iqr_prec
30,0.1,last_value,shift_iqr,,,900,
30,0.1,last_value,perturb_iqr,0.5628,0.0,900,0.0
30,0.1,richardson_1,shift_iqr,0.5634,0.0,900,0.0
30,0.1,richardson_1,perturb_iqr,0.4735,0.0,900,
30,0.1,richardson_a10,shift_iqr,0.5273,0.0,900,0.0
30,0.1,richardson_a10,perturb_iqr,0.4967,0.0,900,
30,0.1,single_exp_fit,shift_iqr,0.2183,0.0,900,0.0
30,0.1,single_exp_fit,perturb_iqr,0.2768,0.0,900,0.0
30,0.1,rational_fit,shift_iqr,0.4497,0.0,900,0.0
30,0.1,rational_fit,perturb_iqr,0.3547,0.0,900,0.0
30,0.1,pade_22,shift_iqr,0.2163,0.0,866,0.327
30,0.1,pade_22,perturb_iqr,0.3697,0.0,866,0.184
30,0.1,log_linear,shift_iqr,0.636,0.0,887,
30,0.1,log_linear,perturb_iqr,0.559,0.0,887,
30,0.1,levin_t2,shift_iqr,,,880,
30,0.1,levin_t2,perturb_iqr,0.4677,0.0,880,0.0
30,0.1,anderson_1,shift_iqr,,,899,
30,0.1,anderson_1,perturb_iqr,0.4254,0.0,899,0.12
60,0.1,last_value,shift_iqr,,,960,
60,0.1,last_value,perturb_iqr,0.5519,0.0,960,
60,0.1,richardson_1,shift_iqr,0.6415,0.0,960,
60,0.1,richardson_1,perturb_iqr,0.3276,0.0,960,
60,0.1,richardson_a10,shift_iqr,0.6397,0.0,960,
60,0.1,richardson_a10,perturb_iqr,0.5099,0.0,960,
60,0.1,single_exp_fit,shift_iqr,0.4056,0.0,960,0.0
60,0.1,single_exp_fit,perturb_iqr,0.3751,0.0,960,0.0
60,0.1,rational_fit,shift_iqr,0.5699,0.0,960,0.0
60,0.1,rational_fit,perturb_iqr,0.2604,0.0,960,0.0
60,0.1,pade_22,shift_iqr,0.4652,0.0,948,0.361
60,0.1,pade_22,perturb_iqr,0.423,0.0,946,0.222
60,0.1,log_linear,shift_iqr,0.6053,0.0,934,
60,0.1,log_linear,perturb_iqr,0.4529,0.0,934,
60,0.1,levin_t2,shift_iqr,,,933,
60,0.1,levin_t2,perturb_iqr,0.4766,0.0,933,0.174
60,0.1,anderson_1,shift_iqr,,,960,
60,0.1,anderson_1,perturb_iqr,0.4871,0.0,960,0.3
90,0.1,last_value,shift_iqr,,,960,
90,0.1,last_value,perturb_iqr,0.4292,0.0,960,
90,0.1,richardson_1,shift_iqr,0.324,0.0,960,0.0
90,0.1,richardson_1,perturb_iqr,0.3096,0.0,960,0.148
90,0.1,richardson_a10,shift_iqr,0.5748,0.0,960,
90,0.1,richardson_a10,perturb_iqr,0.4809,0.0,960,
90,0.1,single_exp_fit,shift_iqr,0.1697,0.0,960,0.143
90,0.1,single_exp_fit,perturb_iqr,0.3398,0.0,960,0.0
90,0.1,rational_fit,shift_iqr,0.3552,0.0,960,0.2
90,0.1,rational_fit,perturb_iqr,0.1284,6.6e-05,960,0.036
90,0.1,pade_22,shift_iqr,0.3968,0.0,898,0.482
90,0.1,pade_22,perturb_iqr,0.5131,0.0,890,0.408
90,0.1,log_linear,shift_iqr,0.5015,0.0,896,1.0
90,0.1,log_linear,perturb_iqr,0.5748,0.0,896,1.0
90,0.1,levin_t2,shift_iqr,,,936,
90,0.1,levin_t2,perturb_iqr,0.4158,0.0,936,0.111
90,0.1,anderson_1,shift_iqr,,,960,
90,0.1,anderson_1,perturb_iqr,0.4098,0.0,960,0.357
120,0.1,last_value,shift_iqr,,,960,
120,0.1,last_value,perturb_iqr,0.4166,0.0,960,
120,0.1,richardson_1,shift_iqr,0.3346,0.0,960,0.0
120,0.1,richardson_1,perturb_iqr,0.1686,0.0,960,0.0
120,0.1,richardson_a10,shift_iqr,0.1191,0.000217,960,
120,0.1,richardson_a10,perturb_iqr,0.4328,0.0,960,
120,0.1,single_exp_fit,shift_iqr,0.1875,0.0,960,0.154
120,0.1,single_exp_fit,perturb_iqr,0.41,0.0,960,0.048
120,0.1,rational_fit,shift_iqr,0.2583,0.0,960,0.071
120,0.1,rational_fit,perturb_iqr,0.2224,0.0,960,0.029
120,0.1,pade_22,shift_iqr,0.439,0.0,941,0.362
120,0.1,pade_22,perturb_iqr,0.3014,0.0,941,0.169
120,0.1,log_linear,shift_iqr,0.3203,0.0,913,
120,0.1,log_linear,perturb_iqr,0.5237,0.0,913,0.0
120,0.1,levin_t2,shift_iqr,,,918,
120,0.1,levin_t2,perturb_iqr,0.3496,0.0,918,0.278
120,0.1,anderson_1,shift_iqr,,,960,
120,0.1,anderson_1,perturb_iqr,0.3412,0.0,960,0.273
