method,diagnostic,spearman_r,p_value,n
ALL,shift_iqr,0.1314,0.0,103677
last_value,shift_iqr,,,11640
richardson_1,shift_iqr,0.5831,0.0,11640
richardson_a10,shift_iqr,0.7786,0.0,11640
single_exp_fit,shift_iqr,0.4055,0.0,11640
rational_fit,shift_iqr,0.4869,0.0,11640
pade_22,shift_iqr,0.4174,0.0,11289
log_linear,shift_iqr,0.6287,0.0,11250
levin_t2,shift_iqr,,,11301
anderson_1,shift_iqr,,,11637
ALL,perturb_iqr,0.3832,0.0,103648
last_value,perturb_iqr,0.5178,0.0,11640
richardson_1,perturb_iqr,0.3222,0.0,11640
richardson_a10,perturb_iqr,0.3507,0.0,11640
single_exp_fit,perturb_iqr,0.3245,0.0,11640
rational_fit,perturb_iqr,0.2903,0.0,11640
pade_22,perturb_iqr,0.4134,0.0,11260
log_linear,perturb_iqr,0.4853,0.0,11250
levin_t2,perturb_iqr,0.4535,0.0,11301
anderson_1,perturb_iqr,0.4522,0.0,11637
