target_g,feature,operator,threshold,alternative,n_cells_total,n_cells_fired,fire_rate,r1_n_total,r1_n_valid,r1_valid_rate,r1_cat_rate,r1_mean_error,r1_sd_error,r1_med_error,r1_q25_error,r1_q75_error,r1_p90_error,r1_win_rate_vs_last,alt_n_total,alt_n_valid,alt_valid_rate,alt_cat_rate,alt_mean_error,alt_sd_error,alt_med_error,alt_q25_error,alt_q75_error,alt_p90_error,alt_win_rate_vs_last,lower_error_frac_records,lower_error_frac_cells,median_rel_change,nf_r1_n_total,nf_r1_n_valid,nf_r1_valid_rate,nf_r1_cat_rate,nf_r1_mean_error,nf_r1_sd_error,nf_r1_med_error,nf_r1_q25_error,nf_r1_q75_error,nf_r1_p90_error,nf_r1_win_rate_vs_last,nf_alt_n_total,nf_alt_n_valid,nf_alt_valid_rate,nf_alt_cat_rate,nf_alt_mean_error,nf_alt_sd_error,nf_alt_med_error,nf_alt_q25_error,nf_alt_q75_error,nf_alt_p90_error,nf_alt_win_rate_vs_last
0.5,richardson_r2,<,0.5,pade_22,1170,268,0.22905982905982905,5360,5360,1.0,0.0333955223880597,0.04605382813969887,0.09916432220792373,0.006080136213155975,0.0010973727552487404,0.034310544324357345,0.15830179618240856,0.7425373134328358,5360,5353,0.9986940298507463,0.15149253731343285,0.07007849470342553,0.1464297901438992,0.0277492498354292,0.004607576248518042,0.08431291599797155,0.14025707325786677,0.39552238805970147,0.2007462686567164,0.17537313432835822,1.7616659964446846,18040,18040,1.0,0.013414634146341463,0.051000916106728605,0.05783913491682506,0.029222491608202707,0.009573963676713811,0.07185472356796627,0.13279398925463043,0.7971729490022172,18040,17577,0.9743348115299335,0.13697339246119733,0.1699706146812477,1.720155258822022,0.04088746620642593,0.012019472952673749,0.11471130420195497,0.32737622702252367,0.6159645232815965
0.5,richardson_r2,<,0.5,rational_fit,1170,268,0.22905982905982905,5360,5360,1.0,0.0333955223880597,0.04605382813969887,0.09916432220792373,0.006080136213155975,0.0010973727552487404,0.034310544324357345,0.15830179618240856,0.7425373134328358,5360,5360,1.0,0.03208955223880597,0.03319736703579416,0.06810830180783141,0.006175202049319527,0.0010952946112192117,0.03926207626594913,0.07905962335633913,0.7902985074626866,0.5494402985074627,0.5410447761194029,-0.026661124689933494,18040,18040,1.0,0.013414634146341463,0.051000916106728605,0.05783913491682506,0.029222491608202707,0.009573963676713811,0.07185472356796627,0.13279398925463043,0.7971729490022172,18040,18040,1.0,0.012860310421286032,0.03740345744197398,0.03918870587420512,0.025603849176922162,0.008774589685621087,0.05345262827392643,0.07807425927080226,0.8818736141906873
0.5,richardson_r2,<,0.5,levin_t2,1170,268,0.22905982905982905,5360,5360,1.0,0.0333955223880597,0.04605382813969887,0.09916432220792373,0.006080136213155975,0.0010973727552487404,0.034310544324357345,0.15830179618240856,0.7425373134328358,5360,5273,0.9837686567164179,0.09085820895522388,0.05036982778589185,0.08831438847121297,0.017146290079284143,0.0034255874983025736,0.07079081005500831,0.09953244894588474,0.4832089552238806,0.23283582089552238,0.12313432835820895,1.445858662642824,18040,18040,1.0,0.013414634146341463,0.051000916106728605,0.05783913491682506,0.029222491608202707,0.009573963676713811,0.07185472356796627,0.13279398925463043,0.7971729490022172,18040,17762,0.984589800443459,0.03215077605321508,0.08452491283861667,0.09550020456267785,0.07111766003072847,0.026651102111559848,0.11540659752706262,0.17521755994228386,0.46712860310421284
0.5,richardson_r2,<,0.7,rational_fit,1170,355,0.3034188034188034,7100,7100,1.0,0.030704225352112677,0.052879955616115304,0.10012351164115513,0.009061767362178487,0.001565030008465973,0.04872168863198936,0.20867284781779966,0.7070422535211267,7100,7100,1.0,0.03084507042253521,0.03706729616677711,0.06502536673747264,0.010720761487772852,0.0015113809635929785,0.04853571566618503,0.09690593213728607,0.7876056338028169,0.5835211267605633,0.5605633802816902,-0.03779867480233988,16300,16300,1.0,0.01245398773006135,0.048555666289555294,0.05069508286825059,0.02954926851049055,0.010043774826903523,0.06948427704549304,0.1303592436190589,0.8184662576687116,16300,16300,1.0,0.011349693251533743,0.036166776489628814,0.037249187084081294,0.0254130251457401,0.009035398292184159,0.05200776526799347,0.07562499826426765,0.8928220858895706
0.5,richardson_r2,<,0.7,log_linear,1170,355,0.3034188034188034,7100,7100,1.0,0.030704225352112677,0.052879955616115304,0.10012351164115513,0.009061767362178487,0.001565030008465973,0.04872168863198936,0.20867284781779966,0.7070422535211267,7100,6480,0.9126760563380282,0.1619718309859155,0.16639506500463666,0.8465340998461816,0.008744198324332753,0.0017035569680469258,0.030603742026913076,0.3153289974751741,0.6719718309859155,0.5007042253521127,0.571830985915493,-0.0617131479571037,16300,16300,1.0,0.01245398773006135,0.048555666289555294,0.05069508286825059,0.02954926851049055,0.010043774826903523,0.06948427704549304,0.1303592436190589,0.8184662576687116,16300,16240,0.996319018404908,0.018098159509202454,0.04328973792955375,0.04775532923356098,0.025019417192075358,0.008169037946053375,0.06278572941090321,0.1099284268031946,0.859877300613497
0.5,richardson_r2,<,0.85,rational_fit,1170,514,0.4393162393162393,10280,10280,1.0,0.03239299610894942,0.05476251560475131,0.0901114029066813,0.013325461626073655,0.0026863471229491365,0.06363055991619912,0.16482093460737132,0.6803501945525292,10280,10280,1.0,0.032198443579766534,0.036741456521920665,0.05696617330903375,0.01394295486801575,0.00248569195729744,0.05456294646604104,0.08559362953205805,0.7793774319066148,0.6032101167315175,0.585603112840467,-0.05587364314744281,13120,13120,1.0,0.006707317073170732,0.046032498854979155,0.0472111278032097,0.0302386467222709,0.010775799369270742,0.06449698109587904,0.11833014562921323,0.8663871951219512,13120,13120,1.0,0.005564024390243902,0.03620381757010083,0.03833277889279709,0.025608805697083972,0.009309189308814404,0.05054398267733742,0.07344784866292124,0.9247713414634147
0.5,log_log_slope,>,-0.1,pade_22,1170,109,0.09316239316239316,2180,2180,1.0,0.04541284403669725,0.08431552033475984,0.14163769840935483,0.0028697722162256308,0.0007693784516731551,0.15359829167547007,0.3271060855112394,0.5834862385321101,2180,2179,0.9995412844036697,0.08256880733944955,0.062322020253651834,0.18965168474984506,0.004726791163249311,0.0011032205791900833,0.02302105081388753,0.11065527628702304,0.6472477064220183,0.44174311926605503,0.3944954128440367,0.15742707459242664,21220,21220,1.0,0.015174363807728557,0.04632880353743608,0.05601572043125018,0.024878935886912604,0.007347253651272143,0.06363703015961379,0.12445079750465407,0.8053251649387371,21220,20751,0.9778982092365692,0.14622997172478794,0.15550595124413377,1.584054068031241,0.042724256995930264,0.013192015275470759,0.11109620774352581,0.28431454045409854,0.5570688030160226
0.5,log_log_slope,>,-0.1,rational_fit,1170,109,0.09316239316239316,2180,2180,1.0,0.04541284403669725,0.08431552033475984,0.14163769840935483,0.0028697722162256308,0.0007693784516731551,0.15359829167547007,0.3271060855112394,0.5834862385321101,2180,2180,1.0,0.023853211009174313,0.03316557550061907,0.08405426282689492,0.001956800861308325,0.0006229611924332022,0.014616133743940517,0.05869972736927047,0.826605504587156,0.6761467889908257,0.7981651376146789,-0.2812081180174805,21220,21220,1.0,0.015174363807728557,0.04632880353743608,0.05601572043125018,0.024878935886912604,0.007347253651272143,0.06363703015961379,0.12445079750465407,0.8053251649387371,21220,21220,1.0,0.016588124410933082,0.03677640456992072,0.04187898210125844,0.023913255487960056,0.00736980494939711,0.05279875744857773,0.07859319744618791,0.8644203581526861
0.5,log_log_slope,>,-0.3,rational_fit,1170,554,0.4735042735042735,11080,11080,1.0,0.013808664259927798,0.07161962060020959,0.08788624838305323,0.043385990468356644,0.006945815116410757,0.09896142510917844,0.19121839743235486,0.8014440433212996,11080,11080,1.0,0.012815884476534296,0.05184182812476957,0.06026265409788326,0.044075049771316765,0.00455984278791444,0.06800409465587803,0.10903260058269748,0.8840252707581228,0.5740072202166066,0.5938628158844765,-0.08248287613034691,12320,12320,1.0,0.021753246753246754,0.03030516632661103,0.03781397304035122,0.015346079884814054,0.005790995432734938,0.03825476521566246,0.08913685036186192,0.7695616883116884,12320,12320,1.0,0.021266233766233766,0.02258837694339452,0.024524163891730778,0.013839276289139071,0.006191568272439177,0.02917736824418923,0.057368324749148075,0.8400974025974026
0.5,oscillation_idx,>,0.05,log_linear,1170,960,0.8205128205128205,19200,19200,1.0,0.02171875,0.0473849875872004,0.06814923057477384,0.0216161681877551,0.005456140577747976,0.05945608766389727,0.12739088627973205,0.7821354166666666,19200,18520,0.9645833333333333,0.06989583333333334,0.07535436076435731,0.45934754494259233,0.017785240741427677,0.004756594843492166,0.052362824508557455,0.11017566128146311,0.7933333333333333,0.611875,0.6989583333333333,-0.14677414018639326,4200,4200,1.0,0.0009523809523809524,0.061217448504743394,0.07452415069694819,0.032916972254121185,0.009190240540287466,0.09247861462526633,0.15771759854046186,0.7961904761904762,4200,4200,1.0,0.024523809523809524,0.09183395329764318,0.4477373556896036,0.028616315617764107,0.008954930261345865,0.07797869389650935,0.14760349355320654,0.8464285714285714
0.5,oscillation_idx,>,0.1,log_linear,1170,931,0.7957264957264957,18620,18620,1.0,0.022395273899033296,0.04694981977801407,0.06865711380020681,0.021037266692978854,0.005218447347183543,0.058066683064718586,0.12642333267129263,0.784640171858217,18620,17940,0.9634801288936627,0.07207303974221267,0.07631371629040457,0.46662665714820095,0.017544304092448282,0.004660127087729517,0.05117441809663748,0.11055777345202775,0.7926960257787325,0.6058539205155746,0.6928034371643395,-0.14517042983443967,4780,4780,1.0,0.0008368200836820083,0.06123418433630714,0.07175194060492786,0.0344065706926624,0.010451793536516568,0.09269539242092982,0.1495782399850415,0.7847280334728034,4780,4780,1.0,0.021548117154811714,0.0862337437146738,0.4201936041016452,0.028824492205146976,0.009108921436358872,0.07797869389650935,0.1276323589891714,0.8424686192468619
0.5,oscillation_idx,>,0.2,log_linear,1170,906,0.7743589743589744,18120,18120,1.0,0.023013245033112584,0.045946399317239726,0.06879710353756492,0.02013110376306182,0.005026471475257271,0.05590307846856292,0.12439700260204946,0.7846578366445917,18120,17440,0.9624724061810155,0.07406181015452538,0.07652804665095819,0.473205777168008,0.016930964079200594,0.0045119360687298415,0.04862069264917518,0.10955326627135231,0.791887417218543,0.6002207505518764,0.6876379690949227,-0.14337218462356188,5280,5280,1.0,0.0007575757575757576,0.06332505487988374,0.0703863592518498,0.038438210748783744,0.011137134819439556,0.10103450025325231,0.14933405557223195,0.7846590909090909,5280,5280,1.0,0.01950757575757576,0.08458640750251663,0.40007135575719144,0.03273517607525451,0.009979892909036094,0.08032734217193727,0.1274765843160967,0.8405303030303031
0.5,oscillation_idx,>,0.05,levin_t2,1170,960,0.8205128205128205,19200,19200,1.0,0.02171875,0.0473849875872004,0.06814923057477384,0.0216161681877551,0.005456140577747976,0.05945608766389727,0.12739088627973205,0.7821354166666666,19200,19134,0.9965625,0.03890625,0.07928656564534425,0.09435615010288183,0.06700475198060574,0.02084404188788891,0.10624737851515872,0.16195691360119344,0.4150520833333333,0.19421875,0.15625,1.1674495360880632,4200,4200,1.0,0.0009523809523809524,0.061217448504743394,0.07452415069694819,0.032916972254121185,0.009190240540287466,0.09247861462526633,0.15771759854046186,0.7961904761904762,4200,3901,0.9288095238095239,0.0761904761904762,0.06405087328800314,0.09707570660766485,0.031292517005015674,0.011168552968246481,0.08201733150369843,0.1739418358875725,0.7257142857142858
0.5,curvature_idx,>,0.1,rational_fit,1170,489,0.41794871794871796,9780,9780,1.0,0.030265848670756646,0.03324019712397769,0.06876290785367951,0.009369658002791992,0.002137981478041529,0.030930383906756148,0.07147944110096342,0.8007157464212679,9780,9780,1.0,0.03251533742331288,0.027555115265046722,0.04959757430990339,0.010074604932015924,0.0021512399618014676,0.03318523732410655,0.0660929873786595,0.8223926380368098,0.5221881390593047,0.5051124744376279,-0.0022099134977235867,13620,13620,1.0,0.009177679882525698,0.06180733608822821,0.0676145300725491,0.03859916578484797,0.01305377905807095,0.09010769773049496,0.1443631115223727,0.7731277533039648,13620,13620,1.0,0.00631424375917768,0.04281991426379664,0.04473418009115911,0.032481169362003355,0.011570867523702793,0.059200116241707804,0.08641183840798049,0.8885462555066079
0.5,curvature_idx,>,0.2,pade_22,1170,307,0.2623931623931624,6140,6140,1.0,0.03061889250814332,0.01685177030119474,0.041728682965669346,0.004678917493731467,0.00117895350844108,0.017039290541198175,0.04334375619351532,0.8167752442996743,6140,6092,0.9921824104234528,0.24218241042345276,0.13047031963550734,2.0264243667778086,0.03964994256211411,0.008644831838144048,0.11220389396485465,0.1913054888520707,0.23843648208469057,0.11433224755700326,0.09120521172638436,4.233328514893663,17260,17260,1.0,0.013499420625724217,0.06161269847884324,0.07355721947694525,0.03500320336155959,0.011892805826391635,0.08401787666849225,0.14850507119967968,0.7732329084588644,17260,16838,0.975550405561993,0.10405561993047509,0.1525049583786802,1.269796580282644,0.0364746940156738,0.010641533148116021,0.09650640210681724,0.3372922334004583,0.6818076477404403
0.5,diff_ratio_cv,<,0.01,levin_t2,1170,133,0.11367521367521367,2660,2660,1.0,0.0015037593984962407,0.04452159511647116,0.05705966396270717,0.01596499262819559,0.005552826305065331,0.05702860487369528,0.14403500104066874,0.8312030075187969,2660,2621,0.9853383458646616,0.022556390977443608,0.06843379784160028,0.11046316508373225,0.03142667106800208,0.011224945026810818,0.08201733142057444,0.19169640802469567,0.7586466165413533,0.2661654135338346,0.2706766917293233,0.7763024854140899,20740,20740,1.0,0.020106075216972035,0.05055340416510881,0.07095175881384228,0.02406872480620774,0.006087593990360792,0.06479324800632388,0.13359174964653162,0.7786885245901639,20740,20414,0.9842815814850531,0.04855351976856316,0.07776852256351928,0.09276880779004382,0.06521282998086438,0.019239203631064693,0.10563479075199861,0.16237858578145414,0.43389585342333653
0.5,diff_ratio_cv,<,0.05,pade_22,1170,568,0.48547008547008547,11360,11360,1.0,0.0008802816901408451,0.06307014937433608,0.07538668986708166,0.03809565280517137,0.012328015748721888,0.08677792186425404,0.14682108346013778,0.8322183098591549,11360,11224,0.9880281690140845,0.04586267605633803,0.12460842159545694,1.114841836965451,0.03692602436578336,0.00861207744637774,0.09038291686808911,0.2632260207142539,0.7501760563380282,0.5160211267605633,0.5545774647887324,-0.1313423215145051,12040,12040,1.0,0.034136212624584716,0.03741097578917875,0.06096311503128815,0.013447908865354963,0.0028999653258995808,0.043576161463031476,0.10355841407582617,0.7397840531561461,12040,11706,0.9722591362126246,0.22940199335548173,0.16778564432020493,1.8065921472205606,0.037669668285301106,0.011916599474009412,0.11258520573573189,0.29563222330301636,0.3911960132890365
0.5,noise_var,>,1e-05,richardson_a10,1170,1014,0.8666666666666667,20280,20280,1.0,0.020562130177514792,0.05093931017831976,0.07193584192781852,0.02363392558550985,0.005865564462481309,0.06465612137564773,0.13627973543200042,0.7790927021696252,20280,20280,1.0,0.02386587771203156,0.08580949790832731,0.09817492584479125,0.045729725772783975,0.011047001407267405,0.1396749406860026,0.23184272585506677,0.5144970414201183,0.27095660749506906,0.2603550295857988,0.650915590496204,3120,3120,1.0,0.001282051282051282,0.04290251121084785,0.05074793133100279,0.01942013662868748,0.00639436289167291,0.06002441406601561,0.12444407158113584,0.8208333333333333,3120,3120,1.0,0.00641025641025641,0.0860487143017172,0.09101196759558239,0.04879586344808004,0.016191222683550638,0.17396940059309618,0.245084360427029,0.6153846153846154
0.5,noise_var,>,0.0001,single_exp_fit,1170,760,0.6495726495726496,15200,15200,1.0,0.02230263157894737,0.0570694353541845,0.07809765635451012,0.027317378729752054,0.008038388058563155,0.07230812873935044,0.14634166797007622,0.7634868421052632,15200,15200,1.0,0.019144736842105263,0.05490056332806973,0.055965127648434226,0.04369643963787156,0.01204524589495589,0.08377831767594729,0.11736505417030012,0.7131578947368421,0.39875,0.43157894736842106,0.2928947894646363,8200,8200,1.0,0.01,0.03651824731836165,0.04710704074022726,0.01573588812771936,0.002753994113344274,0.05266762786697835,0.11191679660647319,0.8239024390243902,8200,8200,1.0,0.013048780487804877,0.045877960652138734,0.0523853951135435,0.024949320387915905,0.0030769875746161773,0.0797092374609559,0.11550234058896776,0.8354878048780487
