regime,target_g,feature,spearman_vs_RR,p_vs_RR,spearman_vs_log_err,p_vs_log_err,n_cells,n_dropped_nan
ALL,0.5,log_log_slope,-0.0338,0.248,0.107,0.0002,1170,0
ALL,0.5,curvature_idx,-0.1026,0.0004,-0.3734,0.0,1170,0
ALL,0.5,oscillation_idx,-0.0704,0.0161,-0.3202,0.0,1170,0
ALL,0.5,noise_var,0.1635,0.0,0.214,0.0,1170,0
ALL,0.5,richardson_r2,-0.2544,0.0,0.1033,0.0004,1170,0
ALL,0.5,diff_ratio_cv,0.0567,0.0525,-0.3271,0.0,1170,0
broken_power_law,0.5,log_log_slope,0.2833,0.0222,0.5872,0.0,65,0
broken_power_law,0.5,curvature_idx,-0.1431,0.2555,-0.0084,0.9471,65,0
broken_power_law,0.5,oscillation_idx,0.0147,0.9073,0.1994,0.1113,65,0
broken_power_law,0.5,noise_var,0.3576,0.0034,0.4147,0.0006,65,0
broken_power_law,0.5,richardson_r2,-0.4163,0.0006,-0.6799,0.0,65,0
broken_power_law,0.5,diff_ratio_cv,0.4652,0.0001,0.6404,0.0,65,0
damped_osc_pow,0.5,log_log_slope,-0.2282,0.0675,-0.2796,0.0241,65,0
damped_osc_pow,0.5,curvature_idx,0.5254,0.0,0.0558,0.6588,65,0
damped_osc_pow,0.5,oscillation_idx,0.4047,0.0008,-0.0693,0.5831,65,0
damped_osc_pow,0.5,noise_var,0.6492,0.0,0.6169,0.0,65,0
damped_osc_pow,0.5,richardson_r2,-0.5115,0.0,-0.0283,0.8231,65,0
damped_osc_pow,0.5,diff_ratio_cv,0.6657,0.0,0.3906,0.0013,65,0
delayed_plateau,0.5,log_log_slope,0.6229,0.0,0.8335,0.0,65,0
delayed_plateau,0.5,curvature_idx,-0.1315,0.2965,-0.1437,0.2534,65,0
delayed_plateau,0.5,oscillation_idx,-0.2501,0.0445,-0.3184,0.0097,65,0
delayed_plateau,0.5,noise_var,-0.0655,0.6043,-0.0339,0.7888,65,0
delayed_plateau,0.5,richardson_r2,-0.3438,0.005,-0.0356,0.7784,65,0
delayed_plateau,0.5,diff_ratio_cv,-0.1896,0.1303,-0.2287,0.0669,65,0
four_exp,0.5,log_log_slope,0.7865,0.0,0.9512,0.0,65,0
four_exp,0.5,curvature_idx,-0.2004,0.1095,-0.2135,0.0878,65,0
four_exp,0.5,oscillation_idx,-0.3037,0.0139,-0.3823,0.0017,65,0
four_exp,0.5,noise_var,0.2134,0.0878,0.2274,0.0685,65,0
four_exp,0.5,richardson_r2,-0.2145,0.0862,-0.1099,0.3836,65,0
four_exp,0.5,diff_ratio_cv,0.091,0.471,0.0517,0.6825,65,0
heavy_noise_plat,0.5,log_log_slope,-0.4703,0.0001,-0.3198,0.0094,65,0
heavy_noise_plat,0.5,curvature_idx,-0.4589,0.0001,0.1204,0.3395,65,0
heavy_noise_plat,0.5,oscillation_idx,-0.2838,0.022,-0.4475,0.0002,65,0
heavy_noise_plat,0.5,noise_var,-0.214,0.0869,0.598,0.0,65,0
heavy_noise_plat,0.5,richardson_r2,0.5573,0.0,0.6223,0.0,65,0
heavy_noise_plat,0.5,diff_ratio_cv,-0.4954,0.0,-0.3636,0.0029,65,0
log_oscillatory,0.5,log_log_slope,-0.176,0.1607,-0.2559,0.0397,65,0
log_oscillatory,0.5,curvature_idx,0.0943,0.4551,0.0212,0.8669,65,0
log_oscillatory,0.5,oscillation_idx,0.0659,0.6022,0.0039,0.9756,65,0
log_oscillatory,0.5,noise_var,0.0407,0.7476,0.0142,0.9103,65,0
log_oscillatory,0.5,richardson_r2,0.0211,0.8677,0.1107,0.38,65,0
log_oscillatory,0.5,diff_ratio_cv,-0.0033,0.9793,-0.0398,0.7531,65,0
log_slow,0.5,log_log_slope,0.2809,0.0234,0.0085,0.9463,65,0
log_slow,0.5,curvature_idx,0.7707,0.0,0.5813,0.0,65,0
log_slow,0.5,oscillation_idx,0.6298,0.0,0.3907,0.0013,65,0
log_slow,0.5,noise_var,0.5104,0.0,0.4901,0.0,65,0
log_slow,0.5,richardson_r2,-0.7551,0.0,-0.5378,0.0,65,0
log_slow,0.5,diff_ratio_cv,0.6097,0.0,0.6142,0.0,65,0
mixed_pow_rat,0.5,log_log_slope,0.8161,0.0,0.9558,0.0,65,0
mixed_pow_rat,0.5,curvature_idx,-0.2839,0.0219,-0.2765,0.0258,65,0
mixed_pow_rat,0.5,oscillation_idx,-0.3769,0.002,-0.4401,0.0002,65,0
mixed_pow_rat,0.5,noise_var,0.1948,0.1199,0.1873,0.1351,65,0
mixed_pow_rat,0.5,richardson_r2,-0.0035,0.9779,0.1105,0.3807,65,0
mixed_pow_rat,0.5,diff_ratio_cv,0.0744,0.5557,0.0497,0.6945,65,0
multiphase,0.5,log_log_slope,0.5493,0.0,0.4955,0.0,65,0
multiphase,0.5,curvature_idx,0.2474,0.0469,0.0942,0.4553,65,0
multiphase,0.5,oscillation_idx,0.1556,0.2158,-0.0455,0.7189,65,0
multiphase,0.5,noise_var,-0.0122,0.9235,0.0346,0.7845,65,0
multiphase,0.5,richardson_r2,-0.2117,0.0905,-0.2609,0.0358,65,0
multiphase,0.5,diff_ratio_cv,-0.0035,0.9782,-0.0371,0.7694,65,0
noisy_plateau,0.5,log_log_slope,0.0011,0.9928,-0.1878,0.134,65,0
noisy_plateau,0.5,curvature_idx,-0.1759,0.161,-0.3612,0.0031,65,0
noisy_plateau,0.5,oscillation_idx,-0.2172,0.0822,-0.2451,0.0491,65,0
noisy_plateau,0.5,noise_var,-0.1665,0.1849,-0.1829,0.1448,65,0
noisy_plateau,0.5,richardson_r2,-0.0753,0.5513,0.1023,0.4173,65,0
noisy_plateau,0.5,diff_ratio_cv,-0.5136,0.0,-0.6567,0.0,65,0
osc_exp,0.5,log_log_slope,-0.1906,0.1284,0.8951,0.0,65,0
osc_exp,0.5,curvature_idx,-0.0434,0.7314,-0.3747,0.0021,65,0
osc_exp,0.5,oscillation_idx,0.0898,0.477,-0.4797,0.0001,65,0
osc_exp,0.5,noise_var,-0.0658,0.6024,0.1159,0.358,65,0
osc_exp,0.5,richardson_r2,-0.2626,0.0346,0.6521,0.0,65,0
osc_exp,0.5,diff_ratio_cv,0.0506,0.6889,-0.3078,0.0126,65,0
power_law,0.5,log_log_slope,0.1111,0.3783,-0.3818,0.0017,65,0
power_law,0.5,curvature_idx,0.8015,0.0,0.4295,0.0004,65,0
power_law,0.5,oscillation_idx,0.6653,0.0,0.2143,0.0865,65,0
power_law,0.5,noise_var,0.557,0.0,0.724,0.0,65,0
power_law,0.5,richardson_r2,-0.7879,0.0,-0.3731,0.0022,65,0
power_law,0.5,diff_ratio_cv,0.7441,0.0,0.5755,0.0,65,0
rational_decay,0.5,log_log_slope,0.8185,0.0,0.9507,0.0,65,0
rational_decay,0.5,curvature_idx,-0.2271,0.0689,-0.2454,0.0488,65,0
rational_decay,0.5,oscillation_idx,-0.3129,0.0112,-0.4111,0.0007,65,0
rational_decay,0.5,noise_var,0.1919,0.1256,0.1361,0.2797,65,0
rational_decay,0.5,richardson_r2,-0.519,0.0,-0.4086,0.0007,65,0
rational_decay,0.5,diff_ratio_cv,0.003,0.981,-0.0866,0.4926,65,0
single_exp,0.5,log_log_slope,-0.1917,0.1261,0.851,0.0,65,0
single_exp,0.5,curvature_idx,-0.4549,0.0001,-0.4495,0.0002,65,0
single_exp,0.5,oscillation_idx,-0.2812,0.0232,-0.5598,0.0,65,0
single_exp,0.5,noise_var,-0.4039,0.0008,0.0154,0.9029,65,0
single_exp,0.5,richardson_r2,0.1174,0.3517,0.3955,0.0011,65,0
single_exp,0.5,diff_ratio_cv,-0.3103,0.0119,-0.5591,0.0,65,0
slow_osc_power,0.5,log_log_slope,-0.1692,0.1778,-0.0736,0.5599,65,0
slow_osc_power,0.5,curvature_idx,0.034,0.788,-0.2208,0.0771,65,0
slow_osc_power,0.5,oscillation_idx,0.0968,0.4428,-0.1637,0.1925,65,0
slow_osc_power,0.5,noise_var,-0.0586,0.6431,0.0824,0.5141,65,0
slow_osc_power,0.5,richardson_r2,-0.0431,0.733,0.206,0.0996,65,0
slow_osc_power,0.5,diff_ratio_cv,-0.0386,0.7599,-0.0502,0.6912,65,0
staircase,0.5,log_log_slope,0.316,0.0104,0.9587,0.0,65,0
staircase,0.5,curvature_idx,0.0814,0.5193,0.1621,0.1969,65,0
staircase,0.5,oscillation_idx,-0.0145,0.909,-0.1074,0.3945,65,0
staircase,0.5,noise_var,-0.0891,0.4804,0.4199,0.0005,65,0
staircase,0.5,richardson_r2,-0.5305,0.0,-0.4538,0.0001,65,0
staircase,0.5,diff_ratio_cv,-0.1048,0.4061,-0.6952,0.0,65,0
three_exp,0.5,log_log_slope,0.8143,0.0,0.9868,0.0,65,0
three_exp,0.5,curvature_idx,-0.2547,0.0406,-0.3288,0.0075,65,0
three_exp,0.5,oscillation_idx,-0.314,0.0109,-0.4523,0.0002,65,0
three_exp,0.5,noise_var,0.2327,0.0621,0.1544,0.2194,65,0
three_exp,0.5,richardson_r2,-0.2336,0.0611,-0.0419,0.7405,65,0
three_exp,0.5,diff_ratio_cv,0.0731,0.5627,-0.0585,0.6433,65,0
two_exp,0.5,log_log_slope,0.5528,0.0,0.99,0.0,65,0
two_exp,0.5,curvature_idx,-0.2741,0.0272,-0.3398,0.0056,65,0
two_exp,0.5,oscillation_idx,-0.341,0.0054,-0.4831,0.0,65,0
two_exp,0.5,noise_var,0.0209,0.8685,0.0774,0.5402,65,0
two_exp,0.5,richardson_r2,-0.1932,0.1231,0.3269,0.0079,65,0
two_exp,0.5,diff_ratio_cv,-0.1621,0.197,-0.2921,0.0182,65,0
