round,electricity,nomao
0,0.6723241493045053,0.5601515983715469
1,0.6612807304130726,0.5268009072695244
2,0.6421410396841468,0.49736138431596666
3,0.6250658063821204,0.47126470486951394
4,0.6092158631715213,0.4474500656283578
5,0.5951275994817666,0.42553789064938835
6,0.5818834513093704,0.40573160930977287
7,0.5695271072016244,0.3880681391812436
8,0.5582831586438484,0.37145086779193887
9,0.5480721179097086,0.3561883880038679
10,0.5386269404196811,0.3418924282540712
11,0.5307968354482966,0.3286437925222078
12,0.5259573598558062,0.31654264990077663
13,0.5179090619672546,0.3051748921394556
14,0.5090465950811986,0.2944892919687891
15,0.5028965650729544,0.2846576185932392
16,0.49641360784785765,0.2751975147753206
17,0.4901764339778803,0.26633281314341023
18,0.48497523929219655,0.2581062982874617
19,0.47873501103109545,0.25062038281214494
20,0.4716851813080531,0.2432059938703897
21,0.4671659596863664,0.23626940912528843
22,0.46165823420191343,0.22997717997314587
23,0.456409626722691,0.22380816378212798
24,0.453114493796792,0.2181850904646121
25,0.4481417132860302,0.21304404507605307
26,0.4457205765612747,0.20800285131046184
27,0.44261679688451516,0.20322097840627185
28,0.4400178675394796,0.1986608589482847
29,0.4356560679938729,0.19442154958262667
30,0.4334862701834057,0.19032216727750906
31,0.431356203610483,0.18631278716830837
32,0.4277272960737316,0.18276137740704035
33,0.4249259303138441,0.1792176217170416
34,0.4232376811331857,0.17598160334827503
35,0.4195077521565154,0.17283629363271125
36,0.41639831789848253,0.16986251092369561
37,0.4136359543767405,0.1670396105595334
38,0.41216994702247123,0.16402285818016513
39,0.4104457292469424,0.1614198831007172
40,0.40835711469150965,0.1589079671209019
41,0.4069711129837421,0.15662914481088056
42,0.4041581930795917,0.15445592246725928
43,0.4029525009245026,0.15227844429103882
44,0.40051876091911387,0.15023810603183932
45,0.39787952514850555,0.148156694842787
46,0.3967230500782659,0.14605680390939507
47,0.395410948173305,0.14421533328752187
48,0.3932026541044476,0.14257857673049587
49,0.39183928159347214,0.1407859326733027
50,0.3892873764431866,0.13942765168025256
51,0.3881077912597977,0.1380434429491079
52,0.38653304041604275,0.13649384274913398
53,0.38533348004110374,0.1352353255672092
54,0.3835146179993882,0.13372838601521878
55,0.3820130632707092,0.13257958397542716
56,0.38026505520683007,0.13126673498882033
57,0.3792273643601599,0.13003112698679398
58,0.3784087881362443,0.1289034563289807
59,0.37707754523121045,0.12761779688758082
60,0.3762161248418737,0.12646793671577616
61,0.37524936696908884,0.12548760129048303
62,0.37384252638836496,0.12451865711601647
63,0.372337638838565,0.1235363784712416
64,0.37168609864231267,0.12262497754678633
65,0.3702725290762583,0.12185733029858006
66,0.36893591216580274,0.12112521538104233
67,0.3678711675790634,0.11979979160745073
68,0.3670824106980387,0.11900175353232488
69,0.3660421936464378,0.11832587393837062
70,0.3648119665425208,0.11748535404162584
71,0.36407987517368945,0.11665773325802803
72,0.363309417311877,0.11590071474133747
73,0.3617164536132549,0.11525753513140688
74,0.36052855305896925,0.11451318369883529
75,0.35919780725442446,0.11383139585074155
76,0.35867812460785564,0.11310977691017879
77,0.3579080499626238,0.11272922037728698
78,0.357251736791715,0.11215458488494189
79,0.35585941574459706,0.11150801479119263
80,0.35545576868985107,0.11069061798764368
81,0.3546212283115697,0.11016284604823703
82,0.3540866560763352,0.10961325064595494
83,0.35356593031909317,0.10922848707728113
84,0.3527338984551351,0.10854026574890611
85,0.35165021213888137,0.10796334252852326
86,0.35094703258045323,0.10748431819276126
87,0.3498441372894476,0.10708248791463612
88,0.3487090146737643,0.1066425434436936
89,0.3482620105727242,0.10599868264476649
90,0.347229281303551,0.10550201094269414
91,0.3459234089697686,0.10505463239483792
92,0.34559284352823727,0.10476199303675039
93,0.34421254403946316,0.10405524253732937
94,0.342946435214431,0.10373867642752292
95,0.3423712546823617,0.10349433386938053
96,0.3419758035472208,0.10328843890895764
97,0.341205519615628,0.10304300560477873
98,0.3409051277957738,0.10283941905861771
99,0.33999722420318007,0.10238637982396255
100,0.3395183861882385,0.10211553369944243
101,0.3390980295593999,0.10183100712011843
102,0.3385196722968184,0.10143488412719567
103,0.33740896979726265,0.10133291277054216
104,0.33648023666538773,0.100808270255647
105,0.3361110526727313,0.10051528714030704
106,0.33578319602098117,0.10000246267397717
107,0.33538855707740345,0.09958005187808767
108,0.334686387723714,0.09914585245874125
109,0.3341674098873594,0.09885789874877135
110,0.33315873133702695,0.09867013276788522
111,0.3328324963026177,0.09822772812209327
112,0.33229722870426653,0.0977414674110074
113,0.33193117446412757,0.09760274115307956
114,0.3316109478793507,0.09746420445971082
115,0.33121537277721624,0.09723450846431123
116,0.33082125281617475,0.09707151531486656
117,0.3304068150076266,0.0969809618603794
118,0.3296079119153298,0.0966679004611797
119,0.3293210406439899,0.09647439822127163
120,0.32920749875239336,0.09624567931093303
121,0.3289058579991916,0.09595972812934779
122,0.32830316524385,0.09588539220734739
123,0.32805424555830415,0.09575806413624666
124,0.3276093441918856,0.09565042212660062
125,0.32737752853888225,0.09539623045686699
126,0.32682565071531006,0.09522613849348743
127,0.3258851895297103,0.09510548103385542
128,0.3253725755762679,0.09467594190998561
129,0.32472624637093633,0.0944891746798237
130,0.32460098940677745,0.09426916566658544
131,0.32435767672585075,0.09397883736503967
132,0.32353627047659805,0.09385963061322637
133,0.3232903512030643,0.09379730347675384
134,0.3230340327567943,0.0936583561982195
135,0.3228216207246398,0.093393024543403
136,0.32202505305276663,0.09323783415732649
137,0.3211177156711836,0.09303535017985093
138,0.320329860610563,0.09283097371518102
139,0.3197390968178356,0.09272016434061482
140,0.3189269797294593,0.0922649631731216
141,0.3186018776060209,0.09219177593516169
142,0.31821482154903413,0.09193573067857054
143,0.3179155885526111,0.09160887713441014
144,0.317401743373153,0.09146738880778107
145,0.31701309428677005,0.09138132035267571
146,0.31673736877906006,0.09132335539587932
147,0.31648013461799945,0.09123514669172936
148,0.3159582012112913,0.09098045411876485
149,0.3156800399965281,0.09086789734404091
150,0.31526201759386374,0.09077531888924999
151,0.3151111616328382,0.09073114638325575
152,0.3149598668585665,0.09037898500032816
153,0.31471727429375207,0.09034887142442687
154,0.31437627213483027,0.09031224905647797
155,0.3137932876955672,0.09015394951410491
156,0.3135904162574731,0.09007212573299676
157,0.3132210029300173,0.08983995393106899
158,0.3128334886035574,0.08970264268118301
159,0.3125048930097523,0.08938119959711374
160,0.3119449821309231,0.08930139769543549
161,0.3109666411312258,0.08912733736290061
162,0.31085291698356243,0.08899877346485745
163,0.31058188064238906,0.08887383812904809
164,0.30973832745649377,0.08869555641292282
165,0.30939692690832277,0.08852844337578723
166,0.3089060985802713,0.08841468047902372
167,0.3083275692699866,0.08820577674744486
168,0.3074432399772162,0.08818190900639374
169,0.30687927076426363,0.08806977132322892
170,0.3066054683744786,0.08779357750163184
171,0.3063116641031295,0.08764746070884187
172,0.30583498312779533,0.08755833691797811
173,0.3055194063571494,0.0874454291281596
174,0.30509793547752917,0.0873765800091295
175,0.30496325569115995,0.08725065623923672
176,0.3045624233168937,0.08709445913566247
177,0.30439167051976795,0.08703034864526923
178,0.30417140388328767,0.08700030093187248
179,0.3035163656461887,0.08686258814985173
180,0.30338324505538816,0.08680779735224635
181,0.3030065717892746,0.08671377581883663
182,0.30238013752130966,0.08659617507901204
183,0.3020857149335751,0.08635278854006263
184,0.30171993854291745,0.08624444812190633
185,0.3013789063133772,0.0860915646205636
186,0.3012056741439022,0.08600548367991918
187,0.3008915220060686,0.08592175202710306
188,0.30072086371460055,0.08583756621085778
189,0.3004641523340024,0.08579368457953981
190,0.30007176497023036,0.08558302674151305
191,0.29950078749446113,0.08556271387235438
192,0.2992586721961916,0.08548157492844148
193,0.29894208903616093,0.0853261956537036
194,0.29865213730186746,0.08519093640638654
195,0.2983652122256054,0.0851376641166741
196,0.29791538273343604,0.08492349063059584
197,0.2977828321072888,0.08480983991143928
198,0.2975701536113457,0.08472140541741029
199,0.29711955963471604,0.0846391561908064
200,0.29677211064698117,0.0845828835327507
201,0.29656832028912994,0.08440954452172361
202,0.2961947912207318,0.08431669759056623
203,0.29603536115721796,0.08427071585910458
204,0.2959373218156929,0.08425322571906892
205,0.29584854104496916,0.0839408118379717
206,0.2954216065752221,0.08382658938030521
207,0.29520175351094197,0.08365540620468953
208,0.29467202417111393,0.08353940858281382
209,0.294569032570035,0.08336203731157464
210,0.2942873399700321,0.08322630949646852
211,0.29379552617116583,0.08315768914127565
212,0.2932680817994252,0.08306069710040949
213,0.2930100170793589,0.08298468541674311
214,0.29251289986646467,0.08282539105395599
215,0.292170310066835,0.08273742544198931
216,0.2919654441877898,0.08264392105071447
217,0.29173685359494983,0.08252681865640368
218,0.29143152117032683,0.08243265027916244
219,0.29081845412365087,0.08241807951699352
220,0.29066341948034163,0.08238012504728442
221,0.290405470274679,0.08233474678013729
222,0.2902580162494194,0.08226379490738807
223,0.289748537787739,0.08204717208306136
224,0.2897010447085303,0.08189371407994715
225,0.28962302100655984,0.0818478203426766
226,0.2888538012334162,0.08164046155432118
227,0.2886641104052971,0.08154472886352726
228,0.2885933571170031,0.08145057411394352
229,0.28846607443275935,0.0813652363348408
230,0.2882196777265853,0.08127387053250577
231,0.28800701999202166,0.08114384345144507
232,0.2876195078991563,0.08105341118203571
233,0.28741949982885756,0.08085796299445312
234,0.28724663300350906,0.0806975076610031
235,0.2871320427017571,0.08065837977177481
236,0.28667652247111125,0.08060204963792209
237,0.286629825427338,0.08056456707852296
238,0.28649303976472634,0.08049851633174872
239,0.28636848488311245,0.08042941449816901
240,0.2862001921676039,0.08029137415471566
241,0.28584119209309794,0.08021230322049744
242,0.28570166958924,0.08014553252734766
243,0.28511299637864557,0.08019239081239886
244,0.28474075295921225,0.0801683949504082
245,0.2844699117001795,0.08016397330568897
246,0.2844435636567599,0.08013229474825606
247,0.28377106815946296,0.08010447079756654
248,0.28365513585202523,0.08001938988798477
249,0.2835794832033966,0.0798904792414842
250,0.28330201695074625,0.07972044584277568
251,0.2830949386568121,0.07970647018519642
252,0.28301249898102415,0.07970105112200741
253,0.282685721412386,0.07965769262327076
254,0.28255282574604174,0.0795898910159971
255,0.2820524533663351,0.07951845002365363
256,0.28185874054228344,0.07946934234740959
257,0.2812540435232553,0.07937079617173402
258,0.2808091673652481,0.07922360844349922
259,0.2806502005207098,0.07900979743141252
260,0.28058595993901597,0.07891697920323502
261,0.28050401974557154,0.07888885034490299
262,0.2802595641997,0.0787715545778277
263,0.2801385395235722,0.07871316363030584
264,0.27958595739833214,0.07849946686785478
265,0.27909225158744544,0.07847290296084536
266,0.27884743495290076,0.07842476092861006
267,0.2785135987170396,0.07830258437777032
268,0.278424886412605,0.07823447400487712
269,0.2782708671737229,0.07819138476027755
270,0.27788020640809985,0.07813438853348921
271,0.2776065969720833,0.07797806999588025
272,0.2772091764615553,0.07791784185760273
273,0.2770258919632929,0.07781186960240184
274,0.27695171505477595,0.07778163559294536
275,0.27689475909569944,0.07767047080162948
276,0.2767491570590014,0.07763559458115922
277,0.27651552035822985,0.07761971440090142
278,0.276298894953922,0.07754771955245869
279,0.2763142115571946,0.07748406755464295
280,0.2757975243937791,0.07743722501394597
281,0.2755206763186118,0.07744295865724796
282,0.275345552995689,0.077399253391693
283,0.275168483713604,0.07740804662174663
284,0.2750190270286408,0.07725004451968853
285,0.2748244638955324,0.0771867104859832
286,0.27463268189620477,0.07717085333142533
287,0.27444658147217804,0.07711992943129292
288,0.27420773220748523,0.07705142501072629
289,0.2737488161381598,0.07693290271121188
290,0.2735162272922949,0.07680481144469305
291,0.2735050854066308,0.07671882584795892
292,0.27326065176058084,0.07666940886490152
293,0.27305945278509935,0.07663735978744407
294,0.27271392064281996,0.07663876193021012
295,0.272700430769584,0.0766170167988176
296,0.2725637994212778,0.07657908369321005
297,0.2724174045911201,0.07655383576612898
298,0.2720897795968022,0.07650970368434613
299,0.2719397054660163,0.07648539268761988
300,0.2717230584833369,0.07646227134977573
301,0.27171255608077266,0.07640032556908957
302,0.27134020656620356,0.07626961541794107
303,0.271210525243356,0.07621321571812323
304,0.2711965447867134,0.07603605170336926
305,0.27103334930257883,0.07602278406213868
306,0.2708220341980998,0.07596224728154234
307,0.2705595679301519,0.07594166409869674
308,0.27044775968669293,0.07589483503689966
309,0.27003377163763687,0.0758662166265397
310,0.2698629577787232,0.07579081257552225
311,0.2698546210565076,0.07572328120164455
312,0.2697802531793471,0.07566877080918957
313,0.26973572934951784,0.07568525525812596
314,0.2695563183331527,0.0755827005856771
315,0.26940547095808387,0.07557691431138343
316,0.269203164086178,0.0755464998197772
317,0.26894793603211403,0.07553020574507188
318,0.268701314378902,0.07539729178195921
319,0.2686226316949854,0.07537668628397723
320,0.26842037707372457,0.07538416331898677
321,0.2679591780248897,0.07535870366338741
322,0.2678850017545833,0.07532259535723954
323,0.26775920553971005,0.07526571917392116
324,0.2677162024564587,0.07520334336719514
325,0.267632565557737,0.07516451673257353
326,0.2673255055058912,0.07506989666783087
327,0.2671847552853419,0.0750625892562192
328,0.2669962269118418,0.07502083571177154
329,0.2668419891494025,0.07492936001377777
330,0.26671224634187113,0.07489916387871118
331,0.2666489682293064,0.07482106721402647
332,0.2664951480252813,0.07475521088525772
333,0.2663540469240332,0.07468142355082885
334,0.26601590230119015,0.07463819458439545
335,0.265805756279143,0.07458237933179755
336,0.26557193584879835,0.07448831591323134
337,0.2653152367689752,0.07450029862133419
338,0.26523355309872604,0.0744447943811376
339,0.2651625633090144,0.07442521900170321
340,0.26506591631267334,0.07440381346637365
341,0.26501117758580317,0.0743384572517885
342,0.26470295652573583,0.07427034882043612
343,0.26461858421084905,0.07420333335050552
344,0.26449981981803256,0.07416641207259192
345,0.26432625146249605,0.0740920261390802
346,0.2643350148791628,0.07408641623382148
347,0.26431402449557323,0.07403791031629767
348,0.2642297451128242,0.07398983553137835
349,0.26397249020077584,0.07395995963804167
350,0.26376229109279925,0.0739189671390838
351,0.2637406164011873,0.07388589473296749
352,0.2633620403302921,0.07385580470516032
353,0.26332735669902224,0.07380776153181845
354,0.26317488274538126,0.07377753026257054
355,0.2630028655309047,0.07376329546787191
356,0.2628652232490598,0.07370663422516195
357,0.2627802264640283,0.07367801868400274
358,0.2625991426383507,0.07367429820769074
359,0.2623550488477297,0.07369773795330706
360,0.2621980451754257,0.07365971683379545
361,0.26187859211133224,0.07364933940252195
362,0.26172939533926093,0.07363488880154259
363,0.2616809944464515,0.07361362099260849
364,0.26139753331354193,0.07358957998831961
365,0.26134554642243274,0.07356759350976609
366,0.26123571682603913,0.07354535302317439
367,0.2610851158426908,0.07352426056382273
368,0.2610059591591536,0.07349254307775373
369,0.26081419628808206,0.07338456019165154
370,0.2607477850457819,0.07338420806531872
371,0.2607027255186596,0.07334411987387604
372,0.2604146680566637,0.07323064261500302
373,0.26026344723456446,0.07319777801106583
374,0.2600780388018265,0.0731659623064402
375,0.2600763386055985,0.07313280036880002
376,0.26005149418044965,0.07314296919782338
377,0.2600242949172402,0.07315224691939766
378,0.25995729286667835,0.07302170821088223
379,0.25966206109435974,0.07295825196434384
380,0.2592538645647918,0.0728983084315278
381,0.25915164194900486,0.07285717002331396
382,0.25905067841243995,0.07284849144057709
383,0.2589831919620628,0.0727546674973641
384,0.25879312565683044,0.07265767554457049
385,0.2587115023856902,0.07260529065698826
386,0.25865578941523937,0.07253883856398402
387,0.25834235782978254,0.07249959361081218
388,0.25805863264964074,0.07244160999762618
389,0.2579107857236346,0.07241196394490658
390,0.25787549614879585,0.07244248054958963
391,0.2577587307695451,0.07245135160578493
392,0.25777627264222475,0.07239364008131077
393,0.2577499125684985,0.07235800820727627
394,0.25765931939827946,0.07232790160584425
395,0.2573633252671182,0.07230953711524758
396,0.25730660949377976,0.07228886766349026
397,0.25728248206177506,0.07227612756902702
398,0.25707880624941326,0.07214290240293306
399,0.2569979063242266,0.07212386795496463
400,0.25676652763197627,0.0720658127345551
401,0.25673025403269334,0.07207093384273972
402,0.2565617817845704,0.07203717038630647
403,0.25647614486859016,0.07200457067904344
404,0.256361933186877,0.07199155659953468
405,0.2561645042814836,0.0719908084474956
406,0.2558596989420788,0.07194655037279159
407,0.2558476833150152,0.07193624858626957
408,0.2558564463734893,0.07193864490158437
409,0.25574485500156546,0.07188116507672193
410,0.25562635667682004,0.07184332385123632
411,0.2555417061416687,0.07181623718569849
412,0.25549569167835395,0.07179972295090509
413,0.2552372894329534,0.07175350478517646
414,0.2552285321076276,0.07172463248865471
415,0.25493668108152867,0.07168494794271417
416,0.25489151337954247,0.0716803174851689
417,0.2547242312873304,0.07167585722894475
418,0.2546312693277131,0.07162524192833318
419,0.2544689370849406,0.07158194232633994
420,0.254479178398694,0.07156925467808446
421,0.2544186720731582,0.07153008587373984
422,0.25418807564160156,0.07151065248172103
423,0.2540771723889825,0.07147570511782572
424,0.25403472898493407,0.07143542349783825
425,0.2539273086958434,0.07144335564400996
426,0.25373812424294123,0.07141991725406524
427,0.2536964459424253,0.07142683219649684
428,0.2535008538135761,0.07140128921782149
429,0.253424784588506,0.0713581837514347
430,0.253245334361936,0.07138082221449422
431,0.2531126844145848,0.0712855505503211
432,0.252902161508925,0.07125423056926566
433,0.2527362256473065,0.07123070703708309
434,0.2526006622281032,0.07123770714816542
435,0.252352974031806,0.0712353769712203
436,0.2521153354054675,0.07119590269145579
437,0.2519265640230558,0.07123090028787431
438,0.2518915953342718,0.07118264919281128
439,0.25188287943212634,0.07120618689859742
440,0.25165240904128944,0.07120317684098738
441,0.25164189250476654,0.07115768302897206
442,0.2514740204479671,0.0711160620567664
443,0.2513667060691009,0.07112124695416067
444,0.251382928866271,0.07117355999192072
445,0.2514228490601144,0.07118098133625378
446,0.25121857846367746,0.07115920155488897
447,0.2509583173890307,0.07115656820889857
448,0.250759637286647,0.07110334440770087
449,0.25071239637810155,0.07107819598747364
450,0.2504385264473002,0.07107824268159782
451,0.250270182117254,0.07100447266165334
452,0.2500349125559983,0.07095075122393954
453,0.24981395663651945,0.07091884184559313
454,0.249736858582758,0.07092616288529217
455,0.24963331416911452,0.07083379414862347
456,0.24958277753521504,0.07082867847094404
457,0.24934782796496233,0.07083554600468438
458,0.24933546149356542,0.07087603448745497
459,0.24929385865942494,0.07080406408505267
460,0.24921515487748577,0.07077792702120635
461,0.24916159561368662,0.07077001066654398
462,0.24900301345833634,0.07068648192058995
463,0.24899950763261372,0.07066730649488333
464,0.24895207120930962,0.07065767649658937
465,0.2488062133265519,0.07067852602628852
466,0.24875550429945065,0.07066338061706438
467,0.24853098853676212,0.07065218406957026
468,0.24840014562583343,0.07055160625321005
469,0.2480797074446903,0.07058063005619161
470,0.2480523729251878,0.07051747374692738
471,0.24806980889022942,0.07042338980128945
472,0.24806017313728826,0.07044171252444316
473,0.24788078177640757,0.07046428630256478
474,0.24783728787498635,0.07045939154304565
475,0.2477412005694213,0.07042936466634041
476,0.24764937810366972,0.07040723000907927
477,0.2475873326029007,0.07033896363562055
478,0.24745931205028457,0.07033199819821145
479,0.24730320194241148,0.07029091144827246
480,0.24725826670657425,0.07028859499301161
481,0.2472118288228011,0.07025612454233758
482,0.24715959281133784,0.07021840414339298
483,0.24712602145541518,0.07018931664278358
484,0.24689479940410247,0.07020495555539062
485,0.24663236320451115,0.07022411047119886
486,0.24655891291477422,0.07019874029432163
487,0.24640036117294403,0.07013909770020164
488,0.24621750749826674,0.07010302100864242
489,0.2461723217638127,0.07002164740239454
490,0.24597284904260308,0.06995938435595643
491,0.2457750373432505,0.06994724445771648
492,0.24542236163303266,0.06996443072507866
493,0.24542356009438548,0.06995309763489052
494,0.24536084768102687,0.06993148478542166
495,0.24524342087509507,0.06997303977101343
496,0.24517839037215797,0.06996468785639157
497,0.24507258688835964,0.06998250925629304
498,0.245019248842669,0.06998235755079407
499,0.2449443401276191,0.06999417693558856
