dataset,obs_depth,target_round,selected_method,cascade_pred,true_val,cascade_err,richardson_err,rational_err,current_err,ref_error,ref_best_method,cascade_skill,improvement,perturb_iqr,L_hat,assumed_mode,nearest_regime,log_log_slope,curvature_idx,oscillation_idx,noise_var,richardson_r2,diff_ratio_cv,phase2_features_path,phase2_features_rows,git_head
covertype,30,300,richardson_1,0.49951159941626466,0.4083646501671605,0.09114694924910416,0.09114694924910416,0.02460847243906139,0.2710953633742178,0.2710953633742178,last_value,0.3362172931127769,0.6637827068872231,0.005396591991827349,0.0,zero,rational_decay,-0.1716788339162152,0.004529597182814112,0.0,5.612171382483003e-06,0.9353328298988907,0.007664228744148893,results\phase2\phase2_features.csv,23400,0375f24
covertype,30,400,richardson_1,0.47716241215674166,0.3748681323241892,0.10229427983255246,0.10229427983255246,0.04759972019498754,0.3045918812171891,0.3045918812171891,last_value,0.3358404676571519,0.6641595323428481,0.005574015351366257,0.0,zero,rational_decay,-0.1716788339162152,0.004529597182814112,0.0,5.612171382483003e-06,0.9353328298988907,0.007664228744148893,results\phase2\phase2_features.csv,23400,0375f24
covertype,30,500,richardson_1,0.4605179914198535,0.3491575180685675,0.11136047335128602,0.11136047335128602,0.06686290990909682,0.3303024954728108,0.3303024954728108,last_value,0.337146933122256,0.662853066877744,0.0056932523913278965,0.0,zero,rational_decay,-0.1716788339162152,0.004529597182814112,0.0,5.612171382483003e-06,0.9353328298988907,0.007664228744148893,results\phase2\phase2_features.csv,23400,0375f24
covertype,60,300,richardson_1,0.43901062314624606,0.4083646501671605,0.030645972979085556,0.030645972979085556,0.012639977904831123,0.1529866545800166,0.1529866545800166,last_value,0.20031794971408304,0.799682050285917,0.00027832392258464456,0.0,zero,rational_decay,-0.2094524480866777,0.002287144713414316,0.0,3.335419439477786e-06,0.9416002809465122,0.00788135431026996,results\phase2\phase2_features.csv,23400,0375f24
covertype,60,400,richardson_1,0.4156055464676922,0.3748681323241892,0.040737414143503015,0.040737414143503015,0.03501063588105302,0.1864831724229879,0.1864831724229879,last_value,0.2184508854831198,0.7815491145168801,0.0002296221498207518,0.0,zero,rational_decay,-0.2094524480866777,0.002287144713414316,0.0,3.335419439477786e-06,0.9416002809465122,0.00788135431026996,results\phase2\phase2_features.csv,23400,0375f24
covertype,60,500,richardson_1,0.3983139450915588,0.3491575180685675,0.049156427022991334,0.049156427022991334,0.05388568664201798,0.2121937866786096,0.2121937866786096,last_value,0.23165818279799139,0.7683418172020087,0.0001948963530415404,0.0,zero,rational_decay,-0.2094524480866777,0.002287144713414316,0.0,3.335419439477786e-06,0.9416002809465122,0.00788135431026996,results\phase2\phase2_features.csv,23400,0375f24
covertype,90,300,richardson_1,0.4148075368754407,0.4083646501671605,0.006442886708280193,0.006442886708280193,0.020086074350877337,0.10410136352201038,0.10410136352201038,last_value,0.061890512192167006,0.938109487807833,0.009969852296520143,0.0,zero,rational_decay,-0.25954530491359046,0.0021744806200564098,0.0,2.546035356095997e-07,0.9975731572214351,0.0019381573949349689,results\phase2\phase2_features.csv,23400,0375f24
covertype,90,400,richardson_1,0.4001330462408061,0.3748681323241892,0.025264913916616893,0.025264913916616893,0.0436241728058967,0.1375978813649817,0.1375978813649817,last_value,0.1836141201157095,0.8163858798842905,0.012554569414863326,0.0,zero,rational_decay,-0.25954530491359046,0.0021744806200564098,0.0,2.546035356095997e-07,0.9975731572214351,0.0019381573949349689,results\phase2\phase2_features.csv,23400,0375f24
covertype,90,500,richardson_1,0.3903298187101933,0.3491575180685675,0.0411723006416258,0.0411723006416258,0.06325295332522868,0.1633084956206034,0.1633084956206034,last_value,0.2521136483755068,0.7478863516244931,0.014564812730169352,0.0,zero,rational_decay,-0.25954530491359046,0.0021744806200564098,0.0,2.546035356095997e-07,0.9975731572214351,0.0019381573949349689,results\phase2\phase2_features.csv,23400,0375f24
covertype,120,300,richardson_1,0.4257714785139964,0.4083646501671605,0.01740682834683588,0.01740682834683588,0.021181431517075522,0.07640988966499762,0.07640988966499762,last_value,0.22780857848574698,0.772191421514253,0.02065579385589489,0.0,zero,rational_decay,-0.21031410951414897,0.001497005345596187,0.0,1.9545004155218012e-08,0.9981370280154871,0.0007245041803542864,results\phase2\phase2_features.csv,23400,0375f24
covertype,120,400,richardson_1,0.41369625927283143,0.3748681323241892,0.03882812694864224,0.03882812694864224,0.04464854965487053,0.10990640750796893,0.10990640750796893,last_value,0.35328356034043734,0.6467164396595626,0.030195836925194564,0.0,zero,rational_decay,-0.21031410951414897,0.001497005345596187,0.0,1.9545004155218012e-08,0.9981370280154871,0.0007245041803542864,results\phase2\phase2_features.csv,23400,0375f24
covertype,120,500,richardson_1,0.4058416463824222,0.3491575180685675,0.05668412831385472,0.05668412831385472,0.0642192505506019,0.13561702176359064,0.13561702176359064,last_value,0.41797207737438175,0.5820279226256182,0.0382569472656919,0.0,zero,rational_decay,-0.21031410951414897,0.001497005345596187,0.0,1.9545004155218012e-08,0.9981370280154871,0.0007245041803542864,results\phase2\phase2_features.csv,23400,0375f24
covertype,150,300,richardson_1,0.42161651707219017,0.4083646501671605,0.013251866905029663,0.013251866905029663,0.015612511159297626,0.05778662788822081,0.05778662788822081,last_value,0.22932410817712578,0.7706758918228742,0.009367881208151185,0.0,zero,rational_decay,-0.1834302227794436,0.0024736262413381413,0.0,2.3868264349319382e-08,0.9992794441135628,0.00039093280510399316,results\phase2\phase2_features.csv,23400,0375f24
covertype,150,400,richardson_1,0.407637496806104,0.3748681323241892,0.03276936448191481,0.03276936448191481,0.03721508609232271,0.09128314573119212,0.09128314573119212,last_value,0.35898592472276375,0.6410140752772362,0.0110888651845924,0.0,zero,rational_decay,-0.1834302227794436,0.0024736262413381413,0.0,2.3868264349319382e-08,0.9992794441135628,0.00039093280510399316,results\phase2\phase2_features.csv,23400,0375f24
covertype,150,500,richardson_1,0.3982524995894188,0.3491575180685675,0.04909498152085129,0.04909498152085129,0.0555007453531044,0.11699375998681383,0.11699375998681383,last_value,0.4196376073936311,0.5803623926063689,0.013169661794823706,0.0,zero,rational_decay,-0.1834302227794436,0.0024736262413381413,0.0,2.3868264349319382e-08,0.9992794441135628,0.00039093280510399316,results\phase2\phase2_features.csv,23400,0375f24
higgs,30,300,rational_fit,0.5233581284985717,0.5329168250571038,0.009558696558532143,0.0013605268738421383,0.009558696558532143,0.055298862993966025,0.055298862993966025,last_value,0.1728552096916558,0.8271447903083442,0.04827518273795528,0.0,zero,multiphase,-0.050671615179259714,0.0047980238556114205,0.0,4.3517802918389954e-07,0.943571943269063,0.002291687323171963,results\phase2\phase2_features.csv,23400,0375f24
higgs,30,400,rational_fit,0.5203326123040797,0.530932187092263,0.010599574788183297,0.006936947519905368,0.010599574788183297,0.057283500958806854,0.057283500958806854,last_value,0.18503713304474106,0.8149628669552589,0.051566821819058695,0.0,zero,multiphase,-0.050671615179259714,0.0047980238556114205,0.0,4.3517802918389954e-07,0.943571943269063,0.002291687323171963,results\phase2\phase2_features.csv,23400,0375f24
higgs,30,500,rational_fit,0.5184645175222964,0.5300865883045046,0.011622070782208227,0.011881720339928958,0.011622070782208227,0.058129099746565216,0.058129099746565216,last_value,0.1999355027495495,0.8000644972504505,0.053666793426083825,0.0,zero,multiphase,-0.050671615179259714,0.0047980238556114205,0.0,4.3517802918389954e-07,0.943571943269063,0.002291687323171963,results\phase2\phase2_features.csv,23400,0375f24
higgs,60,300,rational_fit,0.5238249015835428,0.5329168250571038,0.009091923473561025,0.018095733712209516,0.009091923473561025,0.02828323253782339,0.02828323253782339,last_value,0.32145984237842423,0.6785401576215758,0.004811991509536373,0.0,zero,multiphase,-0.05951609378338009,0.002446073450562711,0.0,2.3435532354193678e-07,0.9612966441828943,0.0024500703464153035,results\phase2\phase2_features.csv,23400,0375f24
higgs,60,400,rational_fit,0.5208382610238662,0.530932187092263,0.010093926068396764,0.024645676917603998,0.010093926068396764,0.030267870502664218,0.030267870502664218,last_value,0.33348649577142475,0.6665135042285752,0.005281945130810373,0.0,zero,multiphase,-0.05951609378338009,0.002446073450562711,0.0,2.3435532354193678e-07,0.9612966441828943,0.0024500703464153035,results\phase2\phase2_features.csv,23400,0375f24
higgs,60,500,rational_fit,0.5189947840600334,0.5300865883045046,0.011091804244471204,0.030322458408496844,0.011091804244471204,0.03111346929042258,0.03111346929042258,last_value,0.35649525743776533,0.6435047425622347,0.005555554710241939,0.0,zero,multiphase,-0.05951609378338009,0.002446073450562711,0.0,2.3435532354193678e-07,0.9612966441828943,0.0024500703464153035,results\phase2\phase2_features.csv,23400,0375f24
higgs,90,300,rational_fit,0.5293123952325698,0.5329168250571038,0.0036044298245340167,0.0071221871375311,0.0036044298245340167,0.01642470122336359,0.01642470122336359,last_value,0.2194517742220379,0.7805482257779621,0.00044443652190828686,0.0,zero,multiphase,-0.06174676879809355,0.002978526109418593,0.0,1.966805403259886e-08,0.9947749120753765,0.0005643015484840259,results\phase2\phase2_features.csv,23400,0375f24
higgs,90,400,rational_fit,0.5269230940335269,0.530932187092263,0.004009093058736091,0.008764517233038949,0.004009093058736091,0.01840933918820442,0.01840933918820442,last_value,0.2177749574685914,0.7822250425314086,0.0006935718743388275,0.0,zero,multiphase,-0.06174676879809355,0.002978526109418593,0.0,1.966805403259886e-08,0.9947749120753765,0.0005643015484840259,results\phase2\phase2_features.csv,23400,0375f24
higgs,90,500,rational_fit,0.5254612071473459,0.5300865883045046,0.0046253811571587145,0.010363934773449768,0.0046253811571587145,0.019254937975962783,0.019254937975962783,last_value,0.24021792035543738,0.7597820796445626,0.0008501363188622157,0.0,zero,multiphase,-0.06174676879809355,0.002978526109418593,0.0,1.966805403259886e-08,0.9947749120753765,0.0005643015484840259,results\phase2\phase2_features.csv,23400,0375f24
higgs,120,300,rational_fit,0.5309233298009619,0.5329168250571038,0.0019934952561418973,0.002466407412887839,0.0019934952561418973,0.009993825838908177,0.009993825838908177,last_value,0.19947268326217762,0.8005273167378224,0.008089121410601807,0.0,zero,multiphase,-0.04668917005338989,0.004736597445291769,0.0,1.1361465488849625e-08,0.9892788264196567,0.00025765890406479754,results\phase2\phase2_features.csv,23400,0375f24
higgs,120,400,rational_fit,0.5288663997481085,0.530932187092263,0.002065787344154524,0.002759741244588776,0.002065787344154524,0.011978463803749007,0.011978463803749007,last_value,0.17245845360470813,0.8275415463952919,0.009921891778330028,0.0,zero,multiphase,-0.04668917005338989,0.004736597445291769,0.0,1.1361465488849625e-08,0.9892788264196567,0.00025765890406479754,results\phase2\phase2_features.csv,23400,0375f24
higgs,120,500,rational_fit,0.5276215339871309,0.5300865883045046,0.0024650543173737605,0.0033361858533526023,0.0024650543173737605,0.012824062591507368,0.012824062591507368,last_value,0.19222101418985765,0.8077789858101424,0.011125079277849004,0.0,zero,multiphase,-0.04668917005338989,0.004736597445291769,0.0,1.1361465488849625e-08,0.9892788264196567,0.00025765890406479754,results\phase2\phase2_features.csv,23400,0375f24
higgs,150,300,rational_fit,0.5321591195951102,0.5329168250571038,0.0007577054619936074,0.00021060048355137084,0.0007577054619936074,0.006599277763236544,0.006599277763236544,last_value,0.1148164222173911,0.8851835777826089,0.0015853376751839843,0.0,zero,multiphase,-0.03377481397464368,0.00630789454026818,0.0,5.5478332795721115e-09,0.7617836114685357,0.00014174884197315369,results\phase2\phase2_features.csv,23400,0375f24
higgs,150,400,rational_fit,0.5303420521211729,0.530932187092263,0.0005901349710900616,0.000782129067746995,0.0005901349710900616,0.008583915728077374,0.008583915728077374,last_value,0.06874892412559136,0.9312510758744087,0.001743873713571653,0.0,zero,multiphase,-0.03377481397464368,0.00630789454026818,0.0,5.5478332795721115e-09,0.7617836114685357,0.00014174884197315369,results\phase2\phase2_features.csv,23400,0375f24
higgs,150,500,rational_fit,0.5292502201372397,0.5300865883045046,0.0008363681672649559,0.0008265359353476498,0.0008363681672649559,0.009429514515835735,0.009429514515835735,last_value,0.08869684286082556,0.9113031571391744,0.0018393340631582822,0.0,zero,multiphase,-0.03377481397464368,0.00630789454026818,0.0,5.5478332795721115e-09,0.7617836114685357,0.00014174884197315369,results\phase2\phase2_features.csv,23400,0375f24
adult,30,300,richardson_1,0.24933851416399955,0.2718139946260366,0.022475480462037067,0.022475480462037067,0.0372261823060763,0.062277916326603566,0.062277916326603566,last_value,0.36089005200766655,0.6391099479923334,0.0014781141225838068,0.0,zero,rational_decay,-0.15563186364750867,0.0040637372070444315,0.0,1.1015025638163765e-06,0.9416262606087993,0.007210159295663678,results\phase2\phase2_features.csv,23400,0375f24
adult,30,400,richardson_1,0.239095713463631,0.272113009811212,0.03301729634758099,0.03301729634758099,0.041600401058822484,0.06197890114142818,0.06197890114142818,last_value,0.5327183241316203,0.4672816758683796,0.0015347028673343421,0.0,zero,rational_decay,-0.15563186364750867,0.0040637372070444315,0.0,1.1015025638163765e-06,0.9416262606087993,0.007210159295663678,results\phase2\phase2_features.csv,23400,0375f24
adult,30,500,richardson_1,0.23144144893885832,0.2729784847967337,0.04153703585787538,0.04153703585787538,0.0449621395685767,0.06111342615590648,0.06111342615590648,last_value,0.679671202722463,0.32032879727753705,0.0016225639200703745,0.0,zero,rational_decay,-0.15563186364750867,0.0040637372070444315,0.0,1.1015025638163765e-06,0.9416262606087993,0.007210159295663678,results\phase2\phase2_features.csv,23400,0375f24
adult,60,300,richardson_1,0.23201430631787,0.2718139946260366,0.0397996883081666,0.0397996883081666,0.02291807274709126,0.026008669717169197,0.026008669717169197,last_value,1.5302469807555552,-0.5302469807555552,0.0004557514084869707,0.0,zero,rational_decay,-0.17297699247905665,0.001955904457695719,0.0,5.919849330990672e-07,0.9612731479813429,0.007888885940542238,results\phase2\phase2_features.csv,23400,0375f24
adult,60,400,richardson_1,0.22136329172556013,0.272113009811212,0.050749718085651874,0.050749718085651874,0.026643568549137714,0.02570965453199381,0.02570965453199381,last_value,1.973955660216963,-0.973955660216963,0.00041948406567282603,0.0,zero,rational_decay,-0.17297699247905665,0.001955904457695719,0.0,5.919849330990672e-07,0.9612731479813429,0.007888885940542238,results\phase2\phase2_features.csv,23400,0375f24
adult,60,500,richardson_1,0.21343961524793226,0.2729784847967337,0.05953886954880144,0.05953886954880144,0.02960214194756472,0.02484417954647211,0.02484417954647211,last_value,2.396491678762481,-1.396491678762481,0.0003929994856791963,0.0,zero,rational_decay,-0.17297699247905665,0.001955904457695719,0.0,5.919849330990672e-07,0.9612731479813429,0.007888885940542238,results\phase2\phase2_features.csv,23400,0375f24
adult,90,300,richardson_1,0.2699419313118539,0.2718139946260366,0.0018720633141827148,0.0018720633141827148,0.003147701048098861,0.014197687259839775,0.014197687259839775,last_value,0.1318569200688142,0.8681430799311858,0.006073345594081847,0.0,zero,rational_decay,-0.13305536018837355,0.002282935198135323,0.0,1.6573875892162373e-08,0.9838699531682699,0.001520359645217096,results\phase2\phase2_features.csv,23400,0375f24
adult,90,400,richardson_1,0.2682575504044312,0.272113009811212,0.0038554594067807813,0.0038554594067807813,0.005312504460865064,0.013898672074664387,0.013898672074664387,last_value,0.27739768130862097,0.722602318691379,0.007604764301470501,0.0,zero,rational_decay,-0.13305536018837355,0.002282935198135323,0.0,1.6573875892162373e-08,0.9838699531682699,0.001520359645217096,results\phase2\phase2_features.csv,23400,0375f24
adult,90,500,richardson_1,0.2672555406218107,0.2729784847967337,0.005722944174922973,0.005722944174922973,0.007299130561913336,0.01303319708914269,0.01303319708914269,last_value,0.4391051662750097,0.5608948337249904,0.008713129636152894,0.0,zero,rational_decay,-0.13305536018837355,0.002282935198135323,0.0,1.6573875892162373e-08,0.9838699531682699,0.001520359645217096,results\phase2\phase2_features.csv,23400,0375f24
adult,120,300,rational_fit,0.26630002109724754,0.2718139946260366,0.005513973528789073,0.006428440201372065,0.005513973528789073,0.0076436473457781595,0.0076436473457781595,last_value,0.7213798961872075,0.27862010381279245,0.001964183294060118,0.0,zero,rational_decay,-0.08970384085055569,0.0050605484430270116,0.0,1.3557614035139179e-08,0.9968256002682354,0.00041278092871714644,results\phase2\phase2_features.csv,23400,0375f24
adult,120,400,rational_fit,0.2638971946171631,0.272113009811212,0.008215815194048903,0.009634320797514362,0.008215815194048903,0.007344632160602771,0.007344632160602771,last_value,1.118614930522897,-0.11861493052289697,0.00228118560129692,0.0,zero,rational_decay,-0.08970384085055569,0.0050605484430270116,0.0,1.3557614035139179e-08,0.9968256002682354,0.00041278092871714644,results\phase2\phase2_features.csv,23400,0375f24
adult,120,500,rational_fit,0.2624245959958203,0.2729784847967337,0.010553888800913402,0.012396756547228494,0.010553888800913402,0.006479157175081074,0.006479157175081074,last_value,1.628898406956973,-0.628898406956973,0.0024819505477423065,0.0,zero,rational_decay,-0.08970384085055569,0.0050605484430270116,0.0,1.3557614035139179e-08,0.9968256002682354,0.00041278092871714644,results\phase2\phase2_features.csv,23400,0375f24
adult,150,300,rational_fit,0.2685256251715803,0.2718139946260366,0.003288369454456319,0.0023199374101153247,0.003288369454456319,0.004356717870203308,0.004356717870203308,last_value,0.7547813634998738,0.2452186365001262,0.001597694634400515,0.0,zero,multiphase,-0.06741882073782166,0.007746556569851559,0.0,8.604183184006533e-09,0.9891688869768535,0.00030068849581436533,results\phase2\phase2_features.csv,23400,0375f24
adult,150,400,rational_fit,0.26665462618888075,0.272113009811212,0.005458383622331253,0.0040854803832549025,0.005458383622331253,0.00405770268502792,0.00405770268502792,last_value,1.3451906278080834,-0.34519062780808346,0.002077649066599241,0.0,zero,multiphase,-0.06741882073782166,0.007746556569851559,0.0,8.604183184006533e-09,0.9891688869768535,0.00030068849581436533,results\phase2\phase2_features.csv,23400,0375f24
adult,150,500,rational_fit,0.2655303392132892,0.2729784847967337,0.0074481455834444765,0.005784058025512795,0.0074481455834444765,0.0031922276995062226,0.0031922276995062226,last_value,2.3332125037936873,-1.3332125037936875,0.0023669327240199434,0.0,zero,multiphase,-0.06741882073782166,0.007746556569851559,0.0,8.604183184006533e-09,0.9891688869768535,0.00030068849581436533,results\phase2\phase2_features.csv,23400,0375f24
jannis,30,300,rational_fit,0.6447769307843744,0.6937566748192046,0.048979744034830186,0.0023339521286883658,0.048979744034830186,0.13287862332027622,0.13287862332027622,last_value,0.36860514363378616,0.6313948563662138,0.007497427331163875,0.0,zero,multiphase,-0.09330218375812799,0.002199394958884064,0.0,2.802389665831695e-07,0.9329327193757733,0.003696705414839229,results\phase2\phase2_features.csv,23400,0375f24
jannis,30,400,rational_fit,0.6364037217003806,0.6907154220228485,0.054311700322467904,0.016828867308764872,0.054311700322467904,0.13591987611663225,0.13591987611663225,last_value,0.39958615232891526,0.6004138476710847,0.008517308415019853,0.0,zero,multiphase,-0.09330218375812799,0.002199394958884064,0.0,2.802389665831695e-07,0.9329327193757733,0.003696705414839229,results\phase2\phase2_features.csv,23400,0375f24
jannis,30,500,rational_fit,0.6312332384664652,0.6895512489191259,0.05831801045266072,0.028959931350702295,0.05831801045266072,0.1370840492203549,0.1370840492203549,last_value,0.4254179153908549,0.5745820846091452,0.009168405206926744,0.0,zero,multiphase,-0.09330218375812799,0.002199394958884064,0.0,2.802389665831695e-07,0.9329327193757733,0.003696705414839229,results\phase2\phase2_features.csv,23400,0375f24
jannis,60,300,richardson_1,0.650776752272607,0.6937566748192046,0.04297992254659755,0.04297992254659755,0.028611118551841064,0.06419233028404658,0.06419233028404658,last_value,0.6695491868952941,0.330450813104706,0.0014560221031153509,0.0,zero,multiphase,-0.10949382442324422,0.0010582110111618743,0.0,2.0369114770947577e-07,0.9540049797196218,0.004219599892355477,results\phase2\phase2_features.csv,23400,0375f24
jannis,60,400,richardson_1,0.631475960637535,0.6907154220228485,0.05923946138531355,0.05923946138531355,0.03278317769870476,0.06723358308040261,0.06723358308040261,last_value,0.8810992761529736,0.11890072384702648,0.0014994187555191774,0.0,zero,multiphase,-0.10949382442324422,0.0010582110111618743,0.0,2.0369114770947577e-07,0.9540049797196218,0.004219599892355477,results\phase2\phase2_features.csv,23400,0375f24
jannis,60,500,richardson_1,0.6169001886209579,0.6895512489191259,0.07265106029816804,0.07265106029816804,0.036059499500643466,0.06839775618412525,0.06839775618412525,last_value,1.0621848486168608,-0.06218484861686088,0.0015303765916031553,0.0,zero,multiphase,-0.10949382442324422,0.0010582110111618743,0.0,2.0369114770947577e-07,0.9540049797196218,0.004219599892355477,results\phase2\phase2_features.csv,23400,0375f24
jannis,90,300,richardson_1,0.6837458250399715,0.6937566748192046,0.010010849779233055,0.010010849779233055,0.005014299428211855,0.03735833530107924,0.03735833530107924,last_value,0.26796830475858635,0.7320316952414136,0.005860666192774255,0.0,zero,rational_decay,-0.109004838154524,0.0010921240408300545,0.0,1.732022504692357e-08,0.9927154001072243,0.0010055947227107975,results\phase2\phase2_features.csv,23400,0375f24
jannis,90,400,richardson_1,0.6772789026364402,0.6907154220228485,0.01343651938640833,0.01343651938640833,0.006844447193671721,0.04039958809743527,0.04039958809743527,last_value,0.33259050448737953,0.6674094955126204,0.006580267590601596,0.0,zero,rational_decay,-0.109004838154524,0.0010921240408300545,0.0,1.732022504692357e-08,0.9927154001072243,0.0010055947227107975,results\phase2\phase2_features.csv,23400,0375f24
jannis,90,500,richardson_1,0.6730941279134489,0.6895512489191259,0.016457121005676978,0.016457121005676978,0.008637044248952064,0.0415637612011579,0.0415637612011579,last_value,0.39594879120849413,0.6040512087915059,0.007355193813027072,0.0,zero,rational_decay,-0.109004838154524,0.0010921240408300545,0.0,1.732022504692357e-08,0.9927154001072243,0.0010055947227107975,results\phase2\phase2_features.csv,23400,0375f24
jannis,120,300,rational_fit,0.6870765666578168,0.6937566748192046,0.006680108161387754,0.008622048668856075,0.006680108161387754,0.022600011137810183,0.022600011137810183,last_value,0.2955798614723612,0.7044201385276387,0.013945222184794548,0.0,zero,multiphase,-0.07972603381370706,0.0019571912095531514,0.0,9.197323292200903e-09,0.9968081123699333,0.00031877428359323876,results\phase2\phase2_features.csv,23400,0375f24
jannis,120,400,rational_fit,0.6817904198507238,0.6907154220228485,0.008925002172124774,0.011894626125019347,0.008925002172124774,0.025641263934166214,0.025641263934166214,last_value,0.34807184993062984,0.6519281500693701,0.01804722554493743,0.0,zero,multiphase,-0.07972603381370706,0.0019571912095531514,0.0,9.197323292200903e-09,0.9968081123699333,0.00031877428359323876,results\phase2\phase2_features.csv,23400,0375f24
jannis,120,500,rational_fit,0.6785594910025196,0.6895512489191259,0.010991757916606337,0.014817110152325341,0.010991757916606337,0.026805437037888846,0.026805437037888846,last_value,0.41005703063411164,0.5899429693658884,0.02083644307041921,0.0,zero,multiphase,-0.07972603381370706,0.0019571912095531514,0.0,9.197323292200903e-09,0.9968081123699333,0.00031877428359323876,results\phase2\phase2_features.csv,23400,0375f24
jannis,150,300,rational_fit,0.6892705394720567,0.6937566748192046,0.004486135347147813,0.004273054002816967,0.004486135347147813,0.014082147205104145,0.014082147205104145,last_value,0.3185689853832653,0.6814310146167347,0.010053500977518337,0.0,zero,multiphase,-0.06360071928619755,0.0035049419806295113,0.0,9.418149362629917e-09,0.9931805144339371,0.0001899045758235128,results\phase2\phase2_features.csv,23400,0375f24
jannis,150,400,rational_fit,0.6846688925293875,0.6907154220228485,0.0060465294934610725,0.005775932748186552,0.0060465294934610725,0.017123400001460176,0.017123400001460176,last_value,0.3531150059535759,0.6468849940464241,0.01383235855782139,0.0,zero,multiphase,-0.06360071928619755,0.0035049419806295113,0.0,9.418149362629917e-09,0.9931805144339371,0.0001899045758235128,results\phase2\phase2_features.csv,23400,0375f24
jannis,150,500,rational_fit,0.6818976308939998,0.6895512489191259,0.007653618025126097,0.007350899501947672,0.007653618025126097,0.01828757310518281,0.01828757310518281,last_value,0.41851469197719926,0.5814853080228007,0.016499400845028878,0.0,zero,multiphase,-0.06360071928619755,0.0035049419806295113,0.0,9.418149362629917e-09,0.9931805144339371,0.0001899045758235128,results\phase2\phase2_features.csv,23400,0375f24
miniboone,30,300,richardson_1,0.16427784511511034,0.1410897556232803,0.023188089491830044,0.023188089491830044,0.04748180753020009,0.11193888399769919,0.11193888399769919,last_value,0.20714955039489813,0.7928504496051019,0.0006138355026998055,0.0,zero,rational_decay,-0.271180948929235,0.0025592562155862795,0.0,4.047823091525447e-07,0.9145144011790087,0.009423445680054605,results\phase2\phase2_features.csv,23400,0375f24
miniboone,30,400,richardson_1,0.1533919892879067,0.1384659255516576,0.014926063736249107,0.014926063736249107,0.051391095796520306,0.11456271406932189,0.11456271406932189,last_value,0.1302872741581292,0.8697127258418708,0.0005649102888095059,0.0,zero,rational_decay,-0.271180948929235,0.0025592562155862795,0.0,4.047823091525447e-07,0.9145144011790087,0.009423445680054605,results\phase2\phase2_features.csv,23400,0375f24
miniboone,30,500,richardson_1,0.14544753766592616,0.1371171131773968,0.008330424488529359,0.008330424488529359,0.054044459494437064,0.11591152644358269,0.11591152644358269,last_value,0.07186881878036525,0.9281311812196348,0.0005512858592739978,0.0,zero,rational_decay,-0.271180948929235,0.0025592562155862795,0.0,4.047823091525447e-07,0.9145144011790087,0.009423445680054605,results\phase2\phase2_features.csv,23400,0375f24
miniboone,60,300,richardson_1,0.13430860203303358,0.1410897556232803,0.006781153590246725,0.006781153590246725,0.03079323329950792,0.049395814223043094,0.049395814223043094,last_value,0.1372819478109407,0.8627180521890593,0.00022055092402889498,0.0,zero,rational_decay,-0.3318306166671998,0.0012921572626106207,0.0,3.3312314585938346e-07,0.9235968988678793,0.011336829907278863,results\phase2\phase2_features.csv,23400,0375f24
miniboone,60,400,richardson_1,0.12375094443674789,0.1384659255516576,0.014714981114909709,0.014714981114909709,0.03393892071868479,0.052019644294665796,0.052019644294665796,last_value,0.2828735435320655,0.7171264564679345,0.00020356908400344376,0.0,zero,rational_decay,-0.3318306166671998,0.0012921572626106207,0.0,3.3312314585938346e-07,0.9235968988678793,0.011336829907278863,results\phase2\phase2_features.csv,23400,0375f24
miniboone,60,500,richardson_1,0.11613675404904733,0.1371171131773968,0.020980359128349474,0.020980359128349474,0.03611740757111917,0.05336845666892659,0.05336845666892659,last_value,0.3931228376811043,0.6068771623188958,0.00019130249053335435,0.0,zero,rational_decay,-0.3318306166671998,0.0012921572626106207,0.0,3.3312314585938346e-07,0.9235968988678793,0.011336829907278863,results\phase2\phase2_features.csv,23400,0375f24
miniboone,90,300,richardson_1,0.1340309671950384,0.1410897556232803,0.007058788428241897,0.007058788428241897,0.005476772997543705,0.027187529624077,0.027187529624077,last_value,0.25963331445865184,0.7403666855413481,0.0012662121415736305,0.0,zero,rational_decay,-0.3634588568143323,0.001486009512661609,0.0,2.2784513572232535e-08,0.9946623190318571,0.003162011474327524,results\phase2\phase2_features.csv,23400,0375f24
miniboone,90,400,richardson_1,0.12998052846771774,0.1384659255516576,0.00848539708393986,0.00848539708393986,0.006446452634093658,0.029811359695699702,0.029811359695699702,last_value,0.2846363658201032,0.7153636341798968,0.0013954296351855466,0.0,zero,rational_decay,-0.3634588568143323,0.001486009512661609,0.0,2.2784513572232535e-08,0.9946623190318571,0.003162011474327524,results\phase2\phase2_features.csv,23400,0375f24
miniboone,90,500,richardson_1,0.12747461015384448,0.1371171131773968,0.009642503023552323,0.009642503023552323,0.007262956560005862,0.031160172069960496,0.031160172069960496,last_value,0.30944960772049257,0.6905503922795074,0.0014824477275496573,0.0,zero,rational_decay,-0.3634588568143323,0.001486009512661609,0.0,2.2784513572232535e-08,0.9946623190318571,0.003162011474327524,results\phase2\phase2_features.csv,23400,0375f24
miniboone,120,300,richardson_1,0.139137278711586,0.1410897556232803,0.001952476911694312,0.001952476911694312,0.0036080506888868658,0.017123060848408506,0.017123060848408506,last_value,0.11402616208513817,0.8859738379148618,0.0017410973689565568,0.0,zero,rational_decay,-0.2664899548541023,0.0018820008708498384,0.0,5.6890002517518145e-09,0.9926183161876497,0.0012083877465530791,results\phase2\phase2_features.csv,23400,0375f24
miniboone,120,400,richardson_1,0.13616833082320018,0.1384659255516576,0.0022975947284574194,0.0022975947284574194,0.004382751162382015,0.019746890920031207,0.019746890920031207,last_value,0.11635222667517467,0.8836477733248254,0.0022249375058372156,0.0,zero,rational_decay,-0.2664899548541023,0.0018820008708498384,0.0,5.6890002517518145e-09,0.9926183161876497,0.0012083877465530791,results\phase2\phase2_features.csv,23400,0375f24
miniboone,120,500,richardson_1,0.13441866647422854,0.1371171131773968,0.002698446703168267,0.002698446703168267,0.005078644994213954,0.021095703294292,0.021095703294292,last_value,0.1279145172608871,0.8720854827391129,0.002563434241871554,0.0,zero,rational_decay,-0.2664899548541023,0.0018820008708498384,0.0,5.6890002517518145e-09,0.9926183161876497,0.0012083877465530791,results\phase2\phase2_features.csv,23400,0375f24
miniboone,150,300,richardson_1,0.14121958554648437,0.1410897556232803,0.00012982992320406672,0.00012982992320406672,0.0006658532855656207,0.011437195653346194,0.011437195653346194,last_value,0.011351552175823995,0.988648447824176,0.00345979872438823,0.0,zero,rational_decay,-0.18909316155009176,0.003644429198465638,0.0,4.4704132322802245e-09,0.9936422260240165,0.0005753663001273945,results\phase2\phase2_features.csv,23400,0375f24
miniboone,150,400,richardson_1,0.13854686031277907,0.1384659255516576,8.093476112147613e-05,8.093476112147613e-05,0.0010468700987554536,0.014061025724968895,0.014061025724968895,last_value,0.005755964230813977,0.9942440357691861,0.005365159727577257,0.0,zero,rational_decay,-0.18909316155009176,0.003644429198465638,0.0,4.4704132322802245e-09,0.9936422260240165,0.0005753663001273945,results\phase2\phase2_features.csv,23400,0375f24
miniboone,150,500,richardson_1,0.136979361264365,0.1371171131773968,0.00013775191303180834,0.00013775191303180834,0.0015053301099984262,0.015409838099229689,0.015409838099229689,last_value,0.008939218708514161,0.9910607812914859,0.006918784884447637,0.0,zero,rational_decay,-0.18909316155009176,0.003644429198465638,0.0,4.4704132322802245e-09,0.9936422260240165,0.0005753663001273945,results\phase2\phase2_features.csv,23400,0375f24
bank_marketing,30,300,richardson_1,0.18745499656947998,0.1987385656075606,0.011283569038080615,0.011283569038080615,0.002688961807092688,0.041333241056925596,0.041333241056925596,last_value,0.27299018295082367,0.7270098170491763,0.00046756176727433263,0.0,zero,rational_decay,-0.12241915738077229,0.009945258848097225,0.0,1.9600648015639793e-06,0.9638727185240017,0.007962578915361167,results\phase2\phase2_features.csv,23400,0375f24
bank_marketing,30,400,richardson_1,0.1812248397380124,0.1995616584923184,0.01833681875430601,0.01833681875430601,0.005216457243856415,0.040510148172167776,0.040510148172167776,last_value,0.4526475360291128,0.5473524639708872,0.0004998226066069145,0.0,zero,rational_decay,-0.12241915738077229,0.009945258848097225,0.0,1.9600648015639793e-06,0.9638727185240017,0.007962578915361167,results\phase2\phase2_features.csv,23400,0375f24
bank_marketing,30,500,richardson_1,0.1765353070853919,0.201157308677899,0.024622001592507103,0.024622001592507103,0.007852059092947422,0.03891449798658719,0.03891449798658719,last_value,0.6327205249054906,0.3672794750945095,0.0005229907259476363,0.0,zero,rational_decay,-0.12241915738077229,0.009945258848097225,0.0,1.9600648015639793e-06,0.9638727185240017,0.007962578915361167,results\phase2\phase2_features.csv,23400,0375f24
bank_marketing,60,300,richardson_1,0.17786137500162477,0.1987385656075606,0.02087719060593582,0.02087719060593582,0.007180376814769657,0.018544516284486307,0.018544516284486307,last_value,1.1257878224303401,-0.12578782243034003,0.000844687187948695,0.0,zero,rational_decay,-0.13595988346742036,0.004515610880163956,0.0,9.985516854663308e-07,0.9739597453567423,0.007344746929062776,results\phase2\phase2_features.csv,23400,0375f24
bank_marketing,60,400,richardson_1,0.17130369736406392,0.1995616584923184,0.02825796112825449,0.02825796112825449,0.009886323706506772,0.017721423399728486,0.017721423399728486,last_value,1.5945649788316347,-0.5945649788316346,0.0008926815400669419,0.0,zero,rational_decay,-0.13595988346742036,0.004515610880163956,0.0,9.985516854663308e-07,0.9739597453567423,0.007344746929062776,results\phase2\phase2_features.csv,23400,0375f24
bank_marketing,60,500,richardson_1,0.16638413392174478,0.201157308677899,0.03477317475615421,0.03477317475615421,0.012632433346918326,0.016125773214147904,0.016125773214147904,last_value,2.156372553078327,-1.1563725530783269,0.0009266654698809329,0.0,zero,rational_decay,-0.13595988346742036,0.004515610880163956,0.0,9.985516854663308e-07,0.9739597453567423,0.007344746929062776,results\phase2\phase2_features.csv,23400,0375f24
bank_marketing,90,300,richardson_1,0.1967424063327433,0.1987385656075606,0.0019961592748172774,0.0019961592748172774,0.0013518508756773795,0.010072533673649298,0.010072533673649298,last_value,0.1981784662621103,0.8018215337378897,0.003944414360638415,0.0,zero,rational_decay,-0.1196248725511322,0.005034268631849076,0.0,4.1550708182154414e-08,0.987495721425921,0.0014370982781900395,results\phase2\phase2_features.csv,23400,0375f24
bank_marketing,90,400,richardson_1,0.19531400946030258,0.1995616584923184,0.004247649032015827,0.004247649032015827,0.003442189443287308,0.009249440788891478,0.009249440788891478,last_value,0.45923306381043355,0.5407669361895665,0.004830091727737351,0.0,zero,rational_decay,-0.1196248725511322,0.005034268631849076,0.0,4.1550708182154414e-08,0.987495721425921,0.0014370982781900395,results\phase2\phase2_features.csv,23400,0375f24
bank_marketing,90,500,richardson_1,0.19443340167581152,0.201157308677899,0.00672390700208747,0.00672390700208747,0.005800626035548095,0.007653790603310895,0.007653790603310895,last_value,0.87850678841133,0.12149321158866998,0.005479777883099529,0.0,zero,rational_decay,-0.1196248725511322,0.005034268631849076,0.0,4.1550708182154414e-08,0.987495721425921,0.0014370982781900395,results\phase2\phase2_features.csv,23400,0375f24
bank_marketing,120,300,rational_fit,0.19059232722081723,0.1987385656075606,0.00814623838674336,0.009933856435942384,0.00814623838674336,0.004706822263304905,0.004706822263304905,last_value,1.7307299768365294,-0.7307299768365295,0.0011531653090523786,0.0,zero,multiphase,-0.09412235905522139,0.011276367355067266,0.034482758620689655,4.043986551601828e-08,0.9981810070305325,0.0006805819079974402,results\phase2\phase2_features.csv,23400,0375f24
bank_marketing,120,400,rational_fit,0.18794886097796823,0.1995616584923184,0.011612797514350182,0.014577694937809554,0.011612797514350182,0.003883729378547085,0.003883729378547085,last_value,2.9901150112304076,-1.9901150112304078,0.0012437979319537273,0.0,zero,multiphase,-0.09412235905522139,0.011276367355067266,0.034482758620689655,4.043986551601828e-08,0.9981810070305325,0.0006805819079974402,results\phase2\phase2_features.csv,23400,0375f24
bank_marketing,120,500,rational_fit,0.18627125662320612,0.201157308677899,0.014886052054692872,0.01892849149065326,0.014886052054692872,0.0022880791929665023,0.0022880791929665023,last_value,6.505916447495445,-5.505916447495445,0.0012894605003408999,0.0,zero,multiphase,-0.09412235905522139,0.011276367355067266,0.034482758620689655,4.043986551601828e-08,0.9981810070305325,0.0006805819079974402,results\phase2\phase2_features.csv,23400,0375f24
bank_marketing,150,300,rational_fit,0.19472614754402576,0.1987385656075606,0.004012418063534834,0.0030706968825234826,0.004012418063534834,0.002248074008316614,0.0022099884352483057,window_min,1.81558328520575,-0.7848247204901332,0.005909727308448992,0.0,zero,multiphase,-0.07388265520081541,0.015561107581990589,0.1896551724137931,2.259083958498094e-08,0.977523563123139,0.0005542850498137145,results\phase2\phase2_features.csv,23400,0375f24
bank_marketing,150,400,rational_fit,0.19323237848877992,0.1995616584923184,0.0063292800035384955,0.0049975627537710565,0.0063292800035384955,0.001424981123558794,0.0013868955504904856,window_min,4.563631342893919,-3.44165883947399,0.007833692418271171,0.0,zero,multiphase,-0.07388265520081541,0.015561107581990589,0.1896551724137931,2.259083958498094e-08,0.977523563123139,0.0005542850498137145,results\phase2\phase2_features.csv,23400,0375f24
bank_marketing,150,500,rational_fit,0.1923350423098542,0.201157308677899,0.008822266368044784,0.007211122571592343,0.008822266368044784,0.00017066906202178878,0.00017066906202178878,last_value,51.692241484976776,-50.692241484976776,0.009166045859544142,0.0,zero,multiphase,-0.07388265520081541,0.015561107581990589,0.1896551724137931,2.259083958498094e-08,0.977523563123139,0.0005542850498137145,results\phase2\phase2_features.csv,23400,0375f24
