round,covertype,higgs,adult,jannis,miniboone,bank_marketing
0,1.138767159880826,0.6841416185361764,0.5289275148273893,1.0875770589689884,0.5634221767284409,0.34747970337135714
1,1.0945799780152745,0.6772183085965113,0.5138012161212417,1.068721223740234,0.5375787638712383,0.335640424118723
2,1.0568471516431166,0.6698189818998918,0.49707637532168103,1.0509690922531092,0.5132587985282941,0.3261530077414255
3,1.0236052384323426,0.6644490405590421,0.4822378637453516,1.0341364589920257,0.4914397509119225,0.31734001267230527
4,0.9975045381549033,0.6592519043204372,0.47142108579761405,1.019569757191567,0.4713283183951556,0.31032784841027816
5,0.9748254461634088,0.6553684466639567,0.4592598061308864,1.005922394182644,0.45334583474890616,0.3035544054550789
6,0.952956293241851,0.6498364168396414,0.4488343364437181,0.9926349114729638,0.43675600740913517,0.2977599511463716
7,0.9299118062327003,0.6448717409831295,0.43849837533044334,0.9807441779757398,0.4213961499866645,0.2956874577465949
8,0.9087595476717064,0.6402181143179528,0.4292606900393969,0.9687566198259565,0.4072819195886258,0.28990364358130644
9,0.8920750649918886,0.6356466837664273,0.42147245152004664,0.9576938851431903,0.3942502369141902,0.28495738523833375
10,0.8733863961421383,0.6314271100256772,0.4145165092412568,0.94718299180691,0.3818845238430765,0.2809482333483612
11,0.858767100851151,0.6282946416381547,0.40796882744845353,0.9368838881808494,0.37068731267011934,0.2770461967353152
12,0.8448649093643494,0.6254317781333715,0.40222030009531734,0.9278211928043194,0.3600809875730641,0.27318441402898297
13,0.8296904750035281,0.6225359843738951,0.3955622038113106,0.9191131160164147,0.35064938304008453,0.27061854106711164
14,0.8173347392707011,0.6196969419231468,0.3903403257050611,0.9108470740471768,0.34137462232987537,0.2670873369151125
15,0.8036706620817075,0.6168694539285327,0.3850830273845933,0.9027464404962893,0.33263786595773154,0.2657603133314514
16,0.7922572985230057,0.6141356344112993,0.37965689660223007,0.8953390149541447,0.3242752497389724,0.2626118161786114
17,0.7798251637410466,0.6122614966795676,0.3743151626960076,0.888441668314073,0.3166479335264576,0.26085372925559386
18,0.7685362619407251,0.6098328441290269,0.3697713814970964,0.8816770639922531,0.3095114453306652,0.25807050491304084
19,0.758073073472915,0.6079592605555988,0.36591807084286004,0.8755659167322535,0.3027887736912835,0.256915834843272
20,0.7491628049236607,0.6060698632300964,0.36224980318127736,0.8695210653710396,0.296507744048757,0.2546419012930315
21,0.7403984289493979,0.6034070436836566,0.35824555586094936,0.8636173175291608,0.2907724533634918,0.2523069274087046
22,0.7305270073057933,0.6011862885809139,0.35455252563151674,0.858496895534975,0.2851698882842024,0.2500734536786114
23,0.7214507199898552,0.5990031858196616,0.3509721866119468,0.8532219248568399,0.2799733293279665,0.24820574698573217
24,0.7142837818649771,0.5968646711070036,0.3475417049790627,0.8479267787298402,0.2750071291812301,0.24629205831254555
25,0.7064531485342935,0.5947341469623251,0.3443028427258535,0.8430874276895797,0.2702900791840836,0.24521136987696085
26,0.6995673532653045,0.5931242540744662,0.34142921191467357,0.8388201845671345,0.26588631294387316,0.24358162282455564
27,0.6941008000286673,0.5916347861844687,0.33842452064313644,0.8346649388702989,0.26157733974660763,0.24190866761094937
28,0.6865871947974224,0.5898483457475946,0.3360967213395296,0.8303280084908824,0.2570554136938346,0.24109193766049866
29,0.6794600135413783,0.5882156880510698,0.3340919109526402,0.8266352981394808,0.2530286396209795,0.24007180666448624
30,0.6738636783246497,0.5869698259901599,0.3316198387867274,0.8227989304150768,0.24914161887064123,0.23864964063645042
31,0.6692275423740742,0.5853389688561852,0.32955922336965016,0.8193256195710013,0.24585238581711832,0.2372768413933369
32,0.6641565688812887,0.5840766138002497,0.32752331072091445,0.8158474759939301,0.24231624433554746,0.23604601393570668
33,0.6578844597518634,0.5828079494072551,0.32567367853617973,0.8124336314345856,0.23919694877870812,0.23490223503142948
34,0.6518439410359944,0.5815495152222083,0.323772084125798,0.8092050309635928,0.23620639939678997,0.23375379293230134
35,0.6463688770760875,0.5804174971547831,0.32194426853378666,0.805873382989845,0.23315502111766181,0.23233055366370237
36,0.6418790791552414,0.5793706106150229,0.3203878588112652,0.8030287453510686,0.23032674846428675,0.23131084304278626
37,0.6376722866545182,0.5782228083790018,0.3186720172472413,0.800300513558842,0.22778574428509818,0.23027627234741918
38,0.6333822500481515,0.5772305036437627,0.31716413541710026,0.7975368811993333,0.2254815027309629,0.2293305060433136
39,0.6282716590240519,0.5762174993951001,0.3157943722822763,0.794887755886312,0.22314006111530937,0.2284828984019692
40,0.6249230465773525,0.5750701243132885,0.3146797834393806,0.7921645253996369,0.22068248610481422,0.2275445433062657
41,0.6202720358972782,0.5741589022242768,0.31328026139558623,0.7894379045237475,0.21847517349432277,0.22669065343699077
42,0.6156294566249354,0.5734306331121727,0.3121200007849736,0.7871647669173585,0.21639234699904333,0.22616148535724526
43,0.6118588989010134,0.5723880019154797,0.31100525818547803,0.7850271246781447,0.21421398781748377,0.22519548556607874
44,0.6082431177039623,0.5714512139342227,0.30994752290852084,0.782824340623379,0.21215041879975102,0.224444489232989
45,0.603897469931641,0.5704574421511689,0.3088082730595077,0.7810035174315585,0.21019955433778242,0.22371033979694124
46,0.6004589725011252,0.5693842639041944,0.30782600239411945,0.7790941166778625,0.20850489525178062,0.2230694936410237
47,0.5972469373487233,0.5685651649889564,0.30693335919750114,0.7772497660166514,0.206708262793696,0.22265129391527058
48,0.5935209201291524,0.5676922679441367,0.30602829832015854,0.7753572194358943,0.20514420034749886,0.22193066885017818
49,0.5904094155352038,0.5672033402553965,0.3051606291141035,0.7735678612974115,0.20366933475818236,0.2214221887183988
50,0.5869034896713515,0.5664742122995555,0.3043932549787762,0.7717891019339305,0.20212080971811983,0.22099254040211688
51,0.5836483485107485,0.5657921875821791,0.3036160992676016,0.7700956779396833,0.20049374508799814,0.2205713113016427
52,0.5803043417196648,0.5650242125147205,0.3027408326925379,0.7686092952396355,0.19932152790074387,0.22019128510612102
53,0.5777724837725152,0.5644818154499429,0.301943698198584,0.7670138094349765,0.19784071028552788,0.21975839534175237
54,0.5745710134062536,0.5638393504897485,0.30124631628496323,0.7655322310981494,0.19651086070889415,0.2194672352024165
55,0.5717473631182782,0.5633614924618066,0.30055898864156655,0.7638272665643017,0.19499990179486323,0.21910819787081826
56,0.5690081673509625,0.5628085791300992,0.299810957442521,0.7622433794395311,0.19380327691221483,0.2186952576484689
57,0.5660961305217721,0.5623254274209503,0.29905834378900953,0.760774176565346,0.19255180433933855,0.2182458054961664
58,0.5639787595448366,0.561756212126002,0.2985069816865348,0.759295867075438,0.1915157758728731,0.21782305055347037
59,0.5613513047471771,0.5612000575949272,0.2978226643432058,0.7579490051032511,0.1904855698463234,0.2172830818920469
60,0.5593009490128039,0.560737151552461,0.2971285801944872,0.7566938350781164,0.18951747541292618,0.21689536741816384
61,0.5568678664419607,0.5602239583274621,0.29652479199383913,0.755543342767863,0.1885443411696809,0.2164306404560526
62,0.554673387991495,0.5596263174505212,0.29597830363901173,0.7543512785860305,0.18745133823909235,0.21596277213059006
63,0.5529915997488977,0.5590138180807331,0.2955333595408653,0.7532197933490792,0.18655333704017718,0.21554668376342337
64,0.5511673292721849,0.5584205795560091,0.2950619971930671,0.7519109101967469,0.18553087714244232,0.2152433087644034
65,0.549299321788372,0.5578718354400249,0.2946753264666526,0.750717539840092,0.18464652402281712,0.2148615367897308
66,0.5473671567636885,0.5571979962021477,0.2942339600915102,0.7496468533087846,0.18369951779907484,0.21468145202671904
67,0.5453875617039353,0.556661244212806,0.29379035496161615,0.7485821670952424,0.18299093118915347,0.21439040135630327
68,0.5433912888033297,0.5562163950528708,0.2933865473274405,0.7475350294459034,0.18222615413204635,0.2140762914133007
69,0.5415597192330587,0.5559056073744448,0.2930251802706286,0.7465097788399222,0.18143446368850533,0.2138103115124467
70,0.5397801273353698,0.5554641566551322,0.292421308950704,0.7456056817492064,0.18054226611885205,0.21363398792006072
71,0.5381065306018815,0.5549555839532829,0.2921423471199759,0.7447112091288265,0.17967632484672386,0.21324116998065495
72,0.5362738742142398,0.5544947759278236,0.2916085336009194,0.7438272362500526,0.17879234965789254,0.21282287997037194
73,0.5344744919678752,0.5541535251355487,0.29127067243209404,0.7429465951421705,0.17804674598007905,0.21269111647651162
74,0.5328933360372484,0.5538441541151147,0.290919361252798,0.7420703226040541,0.17730886995216977,0.21230704598165873
75,0.5312078265319221,0.5535150616301042,0.2906454363350202,0.7412677695478098,0.17656271923660638,0.21202490011887795
76,0.529624060578528,0.5530381927771084,0.2902861887373927,0.7405343132925828,0.17580928993241482,0.2117407663774133
77,0.5281395070986954,0.5527307208688252,0.28994679137223917,0.7397140624327393,0.17515533128833144,0.21127503467401373
78,0.5267376041593201,0.5524224453796155,0.28954731803748723,0.7388458274817158,0.17454860332621627,0.21110047110765562
79,0.525247883357696,0.5521315039375352,0.2891344121753695,0.7380633748971687,0.17390354771812339,0.21090995436659932
80,0.5239333975100161,0.5518050861511188,0.28882374756268137,0.7373155908863861,0.17331750905551527,0.21078671198409846
81,0.522566163286009,0.5516610732891923,0.28836938375183846,0.7366435638222214,0.17267578389950014,0.21050059292284704
82,0.5210046379325978,0.5513610325331008,0.288157459473662,0.7359152277160242,0.1720895311409299,0.21043049778577022
83,0.5196697151779894,0.5510861191332477,0.2878421408023976,0.7352290848287742,0.1714854626363742,0.21001828718709778
84,0.5182826294723707,0.5508811995260748,0.28740729687006894,0.7345257835102217,0.17092070825152653,0.20993905611563116
85,0.517106703592072,0.5504216597320047,0.2870725310822379,0.7339260081360796,0.17034113967364223,0.20922456549491475
86,0.5158314351369929,0.5501599000233061,0.2868295456899609,0.7331361000165241,0.16974317417956758,0.2091191421004883
87,0.5147142588432042,0.5498236742994308,0.28653541262164234,0.7325484729742058,0.16922928397142206,0.2089076943030344
88,0.513625396025039,0.5496091264033617,0.28622323400487315,0.7318219110026449,0.1687856714570014,0.20884213258093567
89,0.5124660136891709,0.5493415262804674,0.2860116818858764,0.7311150101202838,0.16827728524735733,0.20881109928120994
90,0.5113779041473822,0.5488733016790358,0.2856899505571787,0.7305980374475034,0.16783585498851353,0.20854097813019537
91,0.5101547947497805,0.5486812763849785,0.2854129096606287,0.7299899057583985,0.16742024495620927,0.20836185562544035
92,0.5089933138363826,0.5484023207248641,0.28503505037638943,0.7294720197899495,0.16704871880489316,0.20820607628669094
93,0.5078956534994011,0.5480186492160973,0.284888110710716,0.7288396866401968,0.16664536530816093,0.20777507428447306
94,0.5067633073433775,0.5478183911950886,0.2845896165050772,0.7283510059223265,0.16616484839438941,0.20758062219260612
95,0.5057890003578859,0.5475290316692281,0.2841800520674564,0.727747051910833,0.165762478208317,0.20732422705804515
96,0.5046819782653361,0.5473685190940256,0.283998800880352,0.7271160280712128,0.16535863228547829,0.2071526355326796
97,0.5034585696021487,0.5472298624020588,0.2837553976483762,0.7265805339675605,0.16499542780630264,0.20710195341777976
98,0.5024662381056584,0.5469785443739372,0.28357881970908283,0.7260069609508176,0.1646300091608363,0.2069054065924076
99,0.5016011171349142,0.5467482446203239,0.2833881672253303,0.725338934965106,0.1642292692048614,0.2067790599353725
100,0.5007332069560388,0.5465447047457463,0.2832200902400521,0.724795929825081,0.16381049905905787,0.2067194855431454
101,0.49973690509267177,0.5462070174221746,0.2830887815249804,0.7243040594440094,0.16341266760299564,0.20643951400047145
102,0.49882310373553296,0.5458442829246312,0.2828480695683289,0.7239200247019786,0.1630066236577128,0.20637935331005752
103,0.4978925236365553,0.5456061301246657,0.28277796962070506,0.7233647347242218,0.16269965258479807,0.2062929427344115
104,0.49699930177281443,0.5454166502736923,0.2826094035465958,0.7228214996949465,0.16234140330728672,0.2059688516202729
105,0.496089329273103,0.5451624912553178,0.2824188074968538,0.7222661898174617,0.16199996343478226,0.2057207618701597
106,0.4952344392153631,0.5449962674066888,0.2821080467866243,0.7217044948769347,0.1617159009552561,0.20545044310267518
107,0.4943918042645102,0.5448276414961944,0.28179580697655654,0.721300553630555,0.1613482178717086,0.20521363568579054
108,0.49334445825632556,0.544612518270642,0.2815426913053489,0.7208311398635237,0.1609648846185736,0.2047497925037195
109,0.4926252483216026,0.5444355372360383,0.28132895810083614,0.7205078129606507,0.16067363523113923,0.2047271661383905
110,0.49189490854619156,0.5442803182846723,0.2811672317589104,0.7200199799921252,0.16030858467458578,0.2044921406347986
111,0.4909839786558177,0.5441377717671059,0.280831539870761,0.7195775138247931,0.16009012379003706,0.20443666612936282
112,0.4901545711546163,0.5440124235723371,0.2806949832965074,0.7192540501395128,0.1598419684012765,0.20423347659693655
113,0.48926071871080423,0.5437211565140488,0.2805138879301613,0.7187703769059995,0.15961732649504756,0.2039766128295431
114,0.4883223245966104,0.5435429565023397,0.2803381845127876,0.7183392830788083,0.15937119602185068,0.2037950311011024
115,0.48757817913216916,0.5434217974321308,0.2801782219156479,0.7179368222405377,0.15915913736985693,0.20380210402030247
116,0.4869565644386822,0.5433297384179813,0.2800050232748586,0.7176117568690626,0.15894878563307324,0.20369862998204374
117,0.4862962477866266,0.5431777305670238,0.27983955538200345,0.7172283102577659,0.15863951111640173,0.20366294353462555
118,0.4856081486637304,0.5430455509308214,0.27969190832176705,0.716801943955651,0.15845680314041746,0.20357731854429853
119,0.4847745398321581,0.542910650896012,0.27945764197181483,0.7163566859570147,0.15821281647168886,0.2034453878708655
120,0.48409583178960974,0.542777920310461,0.27921494959095633,0.7158255831597002,0.15792379731947112,0.20341336284303238
121,0.4834358430709131,0.542578415366717,0.27909499170385055,0.7154464223866166,0.15772282885834726,0.20325953973299696
122,0.4828068025699631,0.5424641334143986,0.2789884560326255,0.7152003242522236,0.15744195589928803,0.20319503130115413
123,0.4819991542951528,0.542352662085423,0.2789294615391182,0.7146824562900209,0.15724565272723448,0.20306575840684615
124,0.48135574314612706,0.5421176729924704,0.27882626247561526,0.7143370153928746,0.1570851881017749,0.20298828298640295
125,0.4804932586828699,0.5420265395653542,0.2786654739379604,0.7140127573374586,0.15686275645650158,0.2029736693364049
126,0.47973450433711984,0.5419393578531911,0.27847686600582283,0.7136760679516408,0.15659931190404905,0.2027161172119721
127,0.4789815961573382,0.5418678290034943,0.2783405887786962,0.7132944688754284,0.1564540540063334,0.20253909333882683
128,0.4782446270425912,0.5418033750540653,0.2782290159593067,0.7129470994503606,0.1562004472331759,0.20252522451674843
129,0.47773834036208795,0.5416373832364534,0.2781832007743007,0.7126563072477141,0.156012925074321,0.20231688250814203
130,0.477102368239338,0.5415604562713768,0.2780276275166978,0.7124261162055261,0.1558153820518445,0.2020769166983129
131,0.4765524298884063,0.5414884750902261,0.2779684149673302,0.712037109873568,0.15555039077116795,0.202068055446068
132,0.4760394632273501,0.5413381086923144,0.2777868160023042,0.7117091968082567,0.15533480575382208,0.20202037882911061
133,0.47537731420979423,0.5411500251938887,0.2777152307962581,0.7114865464541407,0.1552306503227746,0.20202858714194954
134,0.474803924692748,0.5409826582770705,0.27762234190841717,0.7113467369040579,0.15508123962515452,0.20202270301778158
135,0.4743140034082349,0.5408510762460583,0.2774371535742789,0.7111428538498344,0.15491844571533928,0.20201996206818673
136,0.4737042051612967,0.5407306933574177,0.27734418442267944,0.7109319195733024,0.15475905163795164,0.2018000186361643
137,0.47306536804905924,0.5406574071113786,0.27720762915398395,0.7106926580430551,0.15449270589683378,0.20171960244313988
138,0.4725077795132462,0.5406095304154049,0.2771528133314197,0.7104891306312932,0.1542611865900931,0.20161770400351103
139,0.4716870701777216,0.540557699623218,0.2770303434969675,0.7102224113869102,0.15412449421151128,0.2016426104519127
140,0.47118435220036836,0.5404045469054932,0.2769813301804136,0.7099982139400258,0.15393899212388504,0.20163323263561692
141,0.4707098402172828,0.5403236263315727,0.27694430959329025,0.709706018193107,0.15366928223301857,0.2016548576761956
142,0.4702183960894334,0.5401809536001356,0.27692701979755746,0.7094052857723254,0.15352287124289618,0.20159130045312446
143,0.4696621024367558,0.5400944246899589,0.2767561616612877,0.7091729316344976,0.1533798698632337,0.20151624826102105
144,0.4686646600618649,0.5400480670020961,0.276694185752822,0.708912217979693,0.1532838762032861,0.20145795967597208
145,0.4682146255696083,0.5399121615617294,0.27665101216070603,0.7087825393535182,0.15309026155349514,0.20113864974526088
146,0.4676891534920868,0.5398163684480907,0.27652095366004414,0.7085143202674046,0.15292993253038625,0.20116237739925114
147,0.46714678527698444,0.5396398879046239,0.27637130567955653,0.7083135948575042,0.15284049247117107,0.20104483551693145
148,0.4666252271650091,0.5395646551283422,0.27632799811936,0.7081153295923801,0.15268628407940274,0.20094855404280898
149,0.46615127805538137,0.5395161028203403,0.2761707124962399,0.7078388220243087,0.15252695127662655,0.2009866396158772
150,0.46561427229911156,0.5394116489775669,0.2760535999248929,0.7076628362194826,0.1523242426802521,0.20101916130589706
151,0.46516574342179356,0.5393299066297774,0.27592887541225025,0.7074594703967753,0.15214804743832192,0.200985345205854
152,0.46472428129114435,0.5392751578704161,0.27583291683280514,0.7071823678023342,0.15198688167440827,0.20076024356355643
153,0.4641531670452072,0.5392061296038326,0.27578416835964265,0.7069094907594168,0.1519320393741342,0.20045795083954265
154,0.4635409733554271,0.5391205094182414,0.2756354828196024,0.7066820786463481,0.15177249394478073,0.2003932152871292
155,0.4632370708406234,0.5389672189035293,0.2755296407952072,0.7064588090584827,0.1515681219837483,0.20039525730216254
156,0.4629267247550782,0.5389352110857576,0.27542469138454734,0.7063146761406731,0.15140305252914413,0.20037556370916665
157,0.46266345707282974,0.5388849588298162,0.2753034257324459,0.7061436702130269,0.15114690043913467,0.20035122525708063
158,0.4618592361229275,0.5388712645995619,0.27527183030964547,0.7059678330046465,0.15107718819565055,0.20031945452123212
159,0.46146798778118736,0.5388110224727953,0.2751611127092306,0.7057758892754041,0.1509071976587648,0.20029258830714977
160,0.46099844130623546,0.5387838694145395,0.2751411003094983,0.7055750501910132,0.1508043687603454,0.20025630278265882
161,0.4606000376133709,0.5387939721635604,0.2750838239359155,0.7053102745127947,0.15061733021017124,0.20026330923114324
162,0.4600602005136583,0.5386440912741751,0.27500296519245887,0.7051238764553931,0.15049820178759984,0.20030373111535676
163,0.45976849586644286,0.5385641929871616,0.2750034725729625,0.7049821553419103,0.1504296542472177,0.20017591605244323
164,0.45927450305961875,0.5385174501571407,0.27492529437519614,0.704784158729718,0.15034732620086996,0.20005933622177946
165,0.45825778079804047,0.5384742492529213,0.274850248971203,0.70468572015852,0.150241046386073,0.20003086819744884
166,0.4577772366700484,0.5383981782061554,0.274817664133486,0.7043906720188459,0.15013369888631928,0.20002081079182685
167,0.4574430487165988,0.5383319508207868,0.274754821105597,0.704223776511939,0.15005401413052044,0.19983847589415038
168,0.45691105915251784,0.5382063693738809,0.2745678482866021,0.7041378673860343,0.14994866128868012,0.19972272203792873
169,0.45644791285128666,0.5381755048872153,0.27454858562613865,0.7040391503680581,0.14987290378278975,0.19976021427180085
170,0.45618172896897535,0.5381621534605584,0.274465495602571,0.7039787761533017,0.149636075977376,0.19966594016685926
171,0.4556865742095144,0.5380202781849278,0.27444222815786706,0.7039150310227149,0.1494910502854818,0.19967141948903558
172,0.45510778497826415,0.537956346656979,0.27446200734244786,0.703845600537528,0.14944944404291025,0.1996366708645324
173,0.454855781349926,0.5379266237068783,0.2744199209924969,0.703766132592968,0.14936466636921608,0.19955385008173043
174,0.4544591844864402,0.5378672473925731,0.2744319646908231,0.7035595033534522,0.14927093520541937,0.1995454783629138
175,0.45410615037202945,0.5377895742513273,0.2743208477765593,0.7034661269060004,0.14910604871562502,0.19951785089858876
176,0.4535811357262459,0.537772200785412,0.27427232703932386,0.7032988775403649,0.14891919992821084,0.19953979706929753
177,0.45339871861249487,0.5377299837439432,0.27432534778557277,0.7031569818728853,0.14887188750730518,0.1994855746227781
178,0.45279244710314864,0.5376531460546603,0.2742838694047729,0.7029758521316677,0.14872856495045159,0.19955702126516958
179,0.4518307579275369,0.5376076456539766,0.2741783229267581,0.7027937320928342,0.14863564888962488,0.19945486517102898
180,0.4514880233147925,0.5375425360408697,0.2741181766647208,0.7025744909615083,0.14855563788899492,0.19945844891126435
181,0.45116484791303973,0.5374314440304128,0.2741124933215126,0.7025004204907009,0.14843067489191897,0.19952968394521445
182,0.45073504484966226,0.5373362507297353,0.2740699568101718,0.7023460892154204,0.1483931947783877,0.19948062670426553
183,0.45024867234440535,0.5373304940381622,0.27406321604951867,0.7022257542134258,0.14826778966141843,0.19943989837346898
184,0.4499563792324539,0.5372760770525185,0.2740310641207065,0.7019800748221022,0.14816018593312785,0.19933423462888375
185,0.44951408238997576,0.5372439660762628,0.27396291394975264,0.7018052572180522,0.14801647269369744,0.1993070531102167
186,0.44889738537859586,0.5372525093360808,0.2739610952487359,0.7017190937131648,0.14797012419447483,0.19926622816074716
187,0.4480719563679072,0.5372261315657321,0.27392945522507944,0.7015856300642104,0.1479033985810912,0.19924285543034773
188,0.44773034137066386,0.5371881932381128,0.2738814939648745,0.7014483742256662,0.14779085496078717,0.19921257870603257
189,0.4473408898343965,0.5371174339709869,0.2738511281602282,0.7013396296814142,0.14767188280864615,0.1992382263204335
190,0.4468672099655303,0.5370555139301095,0.27385945175336157,0.7012405710712984,0.14758242691833343,0.19913827712547796
191,0.44633093902325677,0.5369567837973621,0.2737721269407758,0.7010702296925262,0.14749036023536513,0.199117053364909
192,0.44578805763181173,0.5368786581819008,0.2737336590661061,0.7009555975138253,0.14738424418532384,0.19910039172950506
193,0.4454715080517233,0.5368505662928816,0.27375945606688556,0.7009000274650361,0.147328083834128,0.19910463652666588
194,0.4451566208282758,0.536783678432635,0.27375125947799145,0.7007974301782647,0.14728935732038656,0.19899587080346623
195,0.44452690136026496,0.5367018831225586,0.27374709733200897,0.7007362807285145,0.1472507093963295,0.1990097405270296
196,0.443879203639218,0.5366087057897968,0.27367751798730805,0.7006670761218209,0.14716949088383122,0.19909288076306542
197,0.44361517725627203,0.5365605072511103,0.2736527971844021,0.7005364081954746,0.14703376350219885,0.19911694107908376
198,0.44291050991909153,0.5364877870076036,0.2735168315498676,0.7004100787477823,0.14695446320117445,0.19909895727659518
199,0.4422233116051583,0.5363971148603318,0.27351244376041295,0.7003086495615197,0.14686334168401946,0.1989642293567967
200,0.4417975608214766,0.5363735914022568,0.2734950082578649,0.7001192928540718,0.14682092487537385,0.19891029605112986
201,0.4413393318195584,0.5362942791286494,0.2735168082348721,0.6999960334458895,0.14673875968009292,0.19891598282753384
202,0.44110094976231856,0.5361960716956865,0.27345236204136164,0.6999526062302031,0.14665431800521533,0.19888678698849205
203,0.44080098154806063,0.5361127202709912,0.273412425351344,0.6998848281314982,0.1465391475041421,0.19890956084234324
204,0.4405412216499082,0.5360492249332656,0.2733014997032235,0.6998218910033808,0.14643929227274569,0.19881251193227958
205,0.44017878612621547,0.5359819896327791,0.2732506286203281,0.6996964897765562,0.146331709726948,0.19886136744793043
206,0.43995769383294425,0.5359247082751767,0.27323900617189856,0.6995842263200046,0.14627842846274902,0.1988467960605048
207,0.4393610895844884,0.5358890888429817,0.27319902968979465,0.6995170222677055,0.1462320158050994,0.19882694621104985
208,0.4389199476695825,0.5357840533442377,0.27317592750722813,0.6993985270324375,0.14616122350929886,0.1987405182678
209,0.4384579339440936,0.5357530903385088,0.2731404947056076,0.6992993085178171,0.14608361553581467,0.198725823377462
210,0.43788921538708725,0.5357398516266506,0.27314867236492535,0.6991726257634633,0.1460068287890846,0.1987015469568097
211,0.4376450954767112,0.5357190104304732,0.27315260098885374,0.6989634142344945,0.14592232270472158,0.1987328539303371
212,0.43745375484181315,0.5356674800198553,0.2731183707686023,0.698829745597379,0.14588502846010326,0.19873755710335433
213,0.4369388195267575,0.5355513847407622,0.2731161086169599,0.6986920155394677,0.14582974570732646,0.19877992951889728
214,0.4365404534661318,0.53550763761742,0.27312805522938544,0.698669779101565,0.14574814968128766,0.19877793802915797
215,0.43623988406346403,0.5353623292168336,0.273184093771206,0.698555039446073,0.14572759762193194,0.19878732471401012
216,0.4356489406964049,0.5353639812651815,0.2730631056528058,0.6985440551962016,0.1456522339801091,0.1988268323836694
217,0.4350970327652765,0.5353689830510391,0.2730676440959225,0.6984559922533898,0.14555288225931895,0.19885000259809954
218,0.4347897296001026,0.5353775563617776,0.273013590687898,0.698375532229942,0.1454694343294666,0.19873339145437743
219,0.4345660259698792,0.5353586643180074,0.2729074035823762,0.6982938683484287,0.1454329468646374,0.1987049079574506
220,0.434327555748595,0.5352597923885246,0.2729103316104257,0.6982772285014706,0.14541764973978186,0.1986875708262162
221,0.43406981237409215,0.5352340675205846,0.27282816969052937,0.698117701669589,0.14536522867268428,0.19867779961197332
222,0.4337981691081739,0.535126999076546,0.27283344771244566,0.6980231473834211,0.14526613890711113,0.19870554583697764
223,0.43342976848313874,0.5351072048585793,0.2727945604943307,0.698016267780876,0.14519631928356938,0.19874460545173483
224,0.4330164282770483,0.5350770944320776,0.27283646251980564,0.6979153455471578,0.14515366624477472,0.19876938346148582
225,0.43263930965092795,0.5350187338937087,0.2728132177112352,0.6978553609121085,0.14513056722665474,0.19877715481061956
226,0.43231595981326965,0.5349726591957852,0.27269036776278666,0.6977090593323844,0.14506029573675938,0.1988109172160248
227,0.43195007821996767,0.5349777840236976,0.2726715649683375,0.6975790536105201,0.1449951917264755,0.19882488122217593
228,0.43149227246276817,0.5349583822476104,0.27269689927117097,0.6975509291381009,0.1449012308998768,0.19880827148562163
229,0.4311438702890987,0.5349551854426234,0.2726142755336205,0.6973907799320159,0.14485563338476304,0.19882318557794698
230,0.43083916771728054,0.534947012203272,0.2726203741724523,0.697282747990508,0.14479170653316692,0.19881838529013188
231,0.430615613747298,0.5348567861096942,0.2725984008467328,0.697211961927373,0.144692442921658,0.19885264768862718
232,0.4302922581287183,0.5347692229003778,0.2725786468942911,0.6971614390645071,0.14466458184448264,0.19883756663699684
233,0.4299715271889501,0.5347113810717814,0.272589977820683,0.6971223441137312,0.14455928740612053,0.1988304779516519
234,0.42948115556584565,0.5346235098113049,0.2725719115583817,0.6970218879888602,0.14448126176196052,0.19878940456498212
235,0.42926877742979513,0.534588840270528,0.27252576825809,0.6969804906534687,0.14442072429344338,0.1987435755730485
236,0.4290412466614721,0.5345547985316628,0.2725184088329155,0.6969212778987445,0.14431216228919108,0.19874517347929133
237,0.4287607657728571,0.5345219444546446,0.2725029407594818,0.6968283603550971,0.14425937514741957,0.19874500599849412
238,0.428388322701162,0.5344699461038487,0.27252859245876654,0.6967920267996817,0.14419341040550746,0.1987249395356337
239,0.4279038722940084,0.5344101686556127,0.2725600969550918,0.6967436353446874,0.1441411874333695,0.19874743244763637
240,0.4276883227442525,0.5344009145367453,0.27256478661511113,0.6967454274241892,0.14406726458408672,0.19874570684825055
241,0.4274295580074137,0.5343488175834186,0.2725393925039835,0.6966636741745115,0.143970488703549,0.19872276693315977
242,0.42712693239398786,0.5343354046590054,0.27249669883899214,0.6966032276567964,0.14392201834887774,0.19873999312956048
243,0.42692675276836,0.534291506950895,0.2724257051060184,0.6965436544120702,0.14386605193123517,0.1987377256380687
244,0.42646359016413893,0.5342477592154254,0.27248529169665603,0.696568341221854,0.14378885322330928,0.19869747199445126
245,0.42613705012796094,0.5342221117031336,0.2724597396455262,0.6965539153483761,0.14372259897997242,0.19866679133505355
246,0.4259326836023848,0.5342293200184235,0.27240494462303083,0.6965346185718996,0.1436747364884109,0.1986453369218047
247,0.42574905037216926,0.5340949948348033,0.27230564941679375,0.6964333436238778,0.14365185344240064,0.19861287078002893
248,0.4256036665814662,0.5340525185529994,0.27229854183759716,0.6964369637059094,0.14356095843206657,0.19861885273962596
249,0.42497533142287724,0.5339349308068504,0.27230655802926723,0.6963594791043638,0.1434823309457906,0.19863097803822746
250,0.42454315377465524,0.5338814103994176,0.2723041169668113,0.696287880962812,0.14343156105826427,0.19862892558638204
251,0.4239699795265972,0.5338663110689036,0.2723119063200822,0.6961816296991045,0.14339265970647183,0.1986241356085812
252,0.4234998327394215,0.5338465671134568,0.27231256217983063,0.6962177819740154,0.14334023526152861,0.19864836324845953
253,0.42319287369745806,0.5338519104767339,0.2723175416270488,0.6961570673365072,0.14331507609478397,0.19862616989896775
254,0.4225629464176797,0.5338208058358145,0.27227574473065425,0.6959821749402043,0.14324408463557042,0.19862901772164343
255,0.42232231586286717,0.5337932881632509,0.2722528583796038,0.6959232714604217,0.14320178895248087,0.19862462412338502
256,0.42186920594658806,0.5337914841402748,0.27229003312990924,0.6957947395181947,0.14311727060647453,0.19853331657834844
257,0.42153644164272414,0.5337864220682826,0.27226240496247384,0.6957752390468538,0.14304996792675656,0.19855133332869998
258,0.4211168091570756,0.5337707538003589,0.2722459199500168,0.6957424915394259,0.14299793909176892,0.198541993791185
259,0.42075533313806285,0.533741124602218,0.27231365143495495,0.6956884624699359,0.1429354424478828,0.1985661430486846
260,0.42052806280666866,0.5336619794180437,0.27227970584629385,0.6956510758151934,0.1428886798440606,0.19858260052346402
261,0.42005817268352874,0.533633680062341,0.2722780381133061,0.6956065138864773,0.14282979657604794,0.19860311173822257
262,0.4197211742855624,0.533642325863624,0.27224040688895906,0.6955366425957552,0.14282144776174602,0.19866050963237747
263,0.41918582808857363,0.5336256801722545,0.27216215874466015,0.6954767597227053,0.1428200166534286,0.19869156799757764
264,0.41900094990997716,0.5335903758794585,0.27218823019692034,0.6954505502912418,0.14276945024297613,0.19873217541123403
265,0.4188090534236282,0.5336141903659358,0.27218696794015196,0.6954492625280444,0.142717616688388,0.19874784559106565
266,0.41829316018769314,0.5336142715834383,0.27210615806865684,0.695447940336623,0.14270684763678404,0.19882256741204096
267,0.41804147804252584,0.5335646932918772,0.27210194001241816,0.6954147242231362,0.14256215025759353,0.1988505492957337
268,0.41787152988137216,0.533533368138492,0.27210353465463033,0.6954078960948766,0.1425259029041178,0.19883841212308878
269,0.41754352413315365,0.5334855345131716,0.27208656975712997,0.6954194767422005,0.1424975763967994,0.19883580585459282
270,0.41717479280439296,0.5334976293289562,0.27209778835061327,0.6953442572586803,0.14247168016963802,0.19886323009587886
271,0.41685894907753523,0.5334942316259355,0.27209682561594434,0.6952629178250701,0.14242877109576144,0.198843835042967
272,0.4163045829748363,0.5334547779786418,0.27208383121743074,0.6952105274267703,0.14237746376524546,0.19887211537450486
273,0.41602786330393127,0.5333889334522424,0.2720909276739605,0.6950841878289993,0.14227347764004167,0.19891785675325357
274,0.4159161472570037,0.533373466137657,0.272103367238878,0.6950315210239109,0.1422427146060567,0.19878069418929226
275,0.41565816898651237,0.5333826061679418,0.2721439792453069,0.6949882324038941,0.14221116283582788,0.19882236904042833
276,0.4153956537109563,0.5332607042716179,0.2720972142718791,0.6949553342976033,0.1421941947469057,0.19885557337832607
277,0.41521291336528293,0.5332898613760293,0.2720510735461369,0.6948866769589622,0.1421333203332035,0.1988293481033685
278,0.4149459490456652,0.5332779031814433,0.27205646024497965,0.6948565388821835,0.14208531163079152,0.19880261565909207
279,0.41479439582583544,0.5332679665621088,0.2721056915244531,0.6948503282005483,0.1419920437219238,0.19891819841600408
280,0.41454002517536387,0.5332745242730202,0.27209625062066595,0.694814576925912,0.1419144074426466,0.1989080788161377
281,0.4143055513869573,0.5332636548994582,0.2720796599789889,0.6947631911400725,0.14185200918660384,0.19893383882567622
282,0.41404069924113474,0.5332535717883544,0.2720741236313379,0.6947788532556028,0.1418245505267826,0.19890456338876122
283,0.41379950077022043,0.5332482564910365,0.2720656880517431,0.6946567136839388,0.14181696303870808,0.19892619694974617
284,0.41338224078980557,0.5332395418688858,0.2720589512227243,0.6946001522233819,0.14173704703014484,0.19884332842366484
285,0.41298654964984105,0.5332426328079994,0.2720888312088936,0.6945141895493905,0.14169372904992797,0.1988850979427529
286,0.4127249912281884,0.5332613210683695,0.2721153217666457,0.6945124159046828,0.1416318593549727,0.1988854910364671
287,0.4124692547961877,0.5332124936039864,0.27210280926880864,0.6944497470619552,0.14159948413423218,0.1989583706363938
288,0.4120941980917232,0.5331782216297853,0.27209091753858206,0.6942959110499515,0.14157031535253028,0.19897233205039225
289,0.41173666544332344,0.5332051047920175,0.27207432618503496,0.6942490906753158,0.1415470718149701,0.1989809078689803
290,0.41130378642481186,0.5332247691293338,0.2720431610559059,0.6941417435160848,0.14148998232926943,0.19895782657178332
291,0.4109600731363397,0.5332088912012742,0.27200407148741407,0.6941053850339711,0.1414565267593113,0.19901300938476063
292,0.41040403338661313,0.5331880056839018,0.2719931630236331,0.6940591598238087,0.1413931256166768,0.19905775389995095
293,0.41015572321756105,0.5331307308807968,0.272000001470812,0.6940452882073205,0.14132538623261368,0.19903052688123224
294,0.4098863370888437,0.5331074632805891,0.27202545155743896,0.6939494564884437,0.14129037224731084,0.19886476731775393
295,0.40959195695667094,0.5330221967951407,0.27196779558345796,0.6939561044513656,0.14126887898267496,0.19881708151614114
296,0.40935846564628287,0.5329700688494551,0.27194331444416525,0.6939549385962676,0.14122775837233248,0.19884312403775511
297,0.4090752877826152,0.5329572624643749,0.2719471436312193,0.6939046071258214,0.14117960415018585,0.19884633659248718
298,0.4087041474010753,0.5329133132394747,0.2719152458082115,0.6938411473755682,0.14111125889226928,0.19882013054559972
299,0.4083646501671605,0.5329168250571038,0.27181399462603667,0.6937566748192046,0.14108975562328033,0.19873856560756065
300,0.4080588509596035,0.5328915220370667,0.2717793867233485,0.6936796127099735,0.14106043985871536,0.1987921024104612
301,0.4078068332992794,0.53288653371801,0.27178381799157975,0.6936528287570933,0.14099585680523452,0.1988004115180751
302,0.4074667456049668,0.5328570626958187,0.27182648097832296,0.6936764508215898,0.1409355716189571,0.19886756697813776
303,0.4072885284203851,0.5328219642113725,0.27181552669188963,0.6936280938080829,0.14090561147592567,0.19885069478466455
304,0.4069694691713747,0.5328306560061943,0.2718051986603663,0.6936443744347007,0.14085481954189408,0.19882795869776843
305,0.40678602832913324,0.532827773355071,0.27179413456587187,0.6935727671723313,0.14082551875956273,0.19886232312180518
306,0.4064065827546653,0.5328511093654335,0.2717785508021172,0.6935253356780531,0.14078802316849265,0.19886760554223623
307,0.40607488427316685,0.5328740361722235,0.271807289818231,0.6934891746077966,0.140728681159291,0.19889908668507436
308,0.4057673957945907,0.5328076172900262,0.27175318569052853,0.6935198335738558,0.1407079701261004,0.19890769222694532
309,0.40563129033854334,0.5327787639611448,0.27178107220004405,0.6934978449179263,0.14068060663026913,0.19893816629617378
310,0.40521032646879673,0.5327343141534477,0.27179428483280654,0.693456274414476,0.14066065131173347,0.19889677980970505
311,0.4046480735223027,0.5327482260755809,0.271753579476117,0.6933834939124246,0.1406138047514135,0.19886445390909324
312,0.4043273819564138,0.532715519191721,0.2717868352875511,0.6932988124274425,0.14057864130575218,0.19884981885253195
313,0.4041522118382641,0.532648191244039,0.27181374248613954,0.6932757985460334,0.1405544526567819,0.1988612395286164
314,0.4035520950610277,0.5326381549369762,0.27181945206776476,0.6931821627700813,0.14053047172905958,0.19888012034570737
315,0.4030625938712472,0.5325963295027822,0.2718356667412249,0.6931675591272719,0.14050638064038262,0.19888490144865753
316,0.40245934652221915,0.5325811565069796,0.2717840097105097,0.6931429998154971,0.1404585229918405,0.19889523336251877
317,0.4019325171403605,0.5325711711123918,0.27181049319855594,0.6931313488671939,0.14041486036531517,0.19891222301783798
318,0.4015304176798478,0.5325336690775553,0.27182060925657847,0.6930735726440351,0.14041431151074305,0.19894486765673897
319,0.40121914392994695,0.5324854056729162,0.2718354487131532,0.6930462186825472,0.1404187081419354,0.19895577943558818
320,0.4006387080397637,0.5324050296722279,0.2717939547779111,0.6929218954522253,0.14034708321436629,0.19898810338720885
321,0.4004017395249778,0.532401622760678,0.27179178836630113,0.6929294607001277,0.14032123871721092,0.19900698686882903
322,0.4001075318054675,0.5322624379840206,0.2718255772962555,0.6928965551391967,0.14027754699906453,0.19897809060820984
323,0.39986028825165,0.5322307094740921,0.2717723617677369,0.6928238694137596,0.14024284669794632,0.19898855609714114
324,0.39953173772934886,0.5320684098375013,0.27174496625798006,0.6927222289889517,0.14021005846159817,0.19896075372792116
325,0.3992167195022989,0.5320282585364906,0.2718198890548658,0.6927082452138607,0.1402108878848366,0.19886606037447838
326,0.3987568838659167,0.5320011242487303,0.27179286521331314,0.6926962169056914,0.1402044025853958,0.1988032432161815
327,0.39854646763237495,0.5320204374663225,0.27174271677339634,0.6926835993806435,0.14010570777279485,0.19879737567344102
328,0.3982836480908488,0.5320108992538203,0.2717383087155697,0.6927108465122874,0.1400466913884582,0.19883176626213836
329,0.3979208866298887,0.5319892043321195,0.2718260181732091,0.6926497232309039,0.14003471539021253,0.19885930338251898
330,0.3974997854060545,0.5319780214109792,0.271786618603779,0.6926874486335802,0.14000437091882914,0.19885704244131125
331,0.3972730058704537,0.5320152035316434,0.2717736724675525,0.6926199070178056,0.13995742343535406,0.1988303348299735
332,0.39673260047187076,0.5319969969945744,0.27178016221139645,0.6925543361970906,0.13994309322069687,0.1988092583184562
333,0.3963656644554962,0.5319993739028227,0.2717938776831184,0.6924946427874431,0.13989466497543002,0.19880324987758138
334,0.39610671401518627,0.5319396308271812,0.27178664939500746,0.6924250197168349,0.13984235270751857,0.1988061168491759
335,0.3957149872022923,0.5319048510589635,0.27178431947280635,0.6923880524484041,0.1398258683883269,0.19881629945354864
336,0.39546188633560625,0.5317992464296115,0.27172366483384064,0.6923525832833014,0.1398578041119444,0.1988036948308907
337,0.3951457402759718,0.531776680173718,0.2717935990576392,0.6922931374119107,0.13985245555003217,0.19879070319755257
338,0.3948399504979537,0.5317587180903028,0.2717963381198474,0.6922682786102193,0.13981821108954412,0.19888280015223012
339,0.39460127050692806,0.5317416509835183,0.27177321565907825,0.6922588942670433,0.13979841998826026,0.19889226951019812
340,0.39434019766984796,0.5317473795801146,0.2717816055026359,0.6921930440827421,0.13978115458449286,0.19890132209888572
341,0.39416630744786557,0.5317077150171569,0.27181397900867066,0.6921731310936977,0.13976693613198554,0.19890269011338363
342,0.3934085434684995,0.5316803898493019,0.27183820768073164,0.6921527158003523,0.1397171190500869,0.19891563316535912
343,0.39314283441724507,0.5316845843721607,0.27184999804021565,0.6921011807290498,0.139714513755763,0.1989204534332085
344,0.39274295631571793,0.5316290595639955,0.27182394939009386,0.6920567055851999,0.1396699434555136,0.19892257766278368
345,0.39249801256698325,0.5316220504967643,0.2718475354234708,0.6920100478075877,0.13964715559553906,0.19897671012432055
346,0.39205453039867455,0.531649756903961,0.27183230117065116,0.6920304027596957,0.13958617175130822,0.19902082789792772
347,0.39189027694183487,0.5316148187002012,0.2718396669850169,0.6920024069917798,0.13955508558494473,0.19904818516298436
348,0.3916985975857833,0.5316537854315363,0.27180415243652295,0.6919857323158906,0.1395343662569594,0.19908827228698495
349,0.3913820655019866,0.5316051071809157,0.2718042922596394,0.6919778579923018,0.13947316328654655,0.19912283832404248
350,0.39081105525456666,0.5315464627435112,0.2718153081118208,0.6919458689301883,0.13945562211862977,0.19908635476818343
351,0.3905055033300826,0.5315339451956134,0.27182477247985104,0.6918745314450861,0.1394539714606286,0.19906068270506555
352,0.3900630040747857,0.5314886754123406,0.27184922558950353,0.6918512508948872,0.13944363479902666,0.19912121563739907
353,0.3897740460497639,0.5315036751155721,0.27186068912813566,0.691829055810151,0.13941504734539145,0.19912883433440715
354,0.3891022329524191,0.531534917456844,0.27179867986898915,0.6918188911079205,0.1394079866597493,0.19912541941256845
355,0.38878856800563216,0.5315041589367235,0.27179189925972974,0.6917826212590678,0.139352303819558,0.1991820039574882
356,0.38849281517384177,0.5314659108908483,0.2717861302703657,0.6917742268553014,0.13934800859069627,0.1991640515208656
357,0.3880808977749997,0.5314520880180658,0.27176057705049844,0.6917523367170424,0.13932971281628606,0.19916874721092492
358,0.38770685589502113,0.5314583057529958,0.2717620725732777,0.6916848029580055,0.13930700561305356,0.19923176563369457
359,0.3874302309290078,0.5314051236902221,0.2717785774412369,0.691654715663353,0.13932040436646778,0.19923832855689888
360,0.38705579621030195,0.5314402970331871,0.2718009192342807,0.6915575881707132,0.139272412449531,0.19923475732552837
361,0.38675902785568395,0.5314147252876436,0.2718359837946604,0.6915206552293492,0.13926002872115142,0.1990938649025071
362,0.3863583622897315,0.5313490324977701,0.27185439262892497,0.6914979320789436,0.13925212492192768,0.19914704088996313
363,0.3861951144166488,0.5313550241177304,0.2718587257787913,0.6914649667739851,0.13921848574609103,0.19913023651656545
364,0.3859443078263968,0.5313414400847118,0.271894264688593,0.6914190057853395,0.13920812873432217,0.1991836578691576
365,0.3853283218993754,0.5313470881374592,0.27193678102221525,0.6913302324565198,0.13917819611760895,0.19919364432165643
366,0.38499572834671675,0.5313236641956893,0.27192088741000764,0.6912729289847009,0.1391398802529756,0.1991949645247675
367,0.3847224683276301,0.5312948628991495,0.2719011958062485,0.6912964044964465,0.13910603435099775,0.19915405237624884
368,0.38442291277631496,0.5312857335803209,0.2719018209293698,0.6913215427291944,0.13909546222547084,0.19917916549097228
369,0.38415644865259524,0.5313020283860795,0.27191098946266856,0.6912619191154089,0.13907786694508856,0.19919539506765493
370,0.3837167379433706,0.531287653737738,0.2718976678616233,0.6912582329212016,0.13906157532937724,0.19926189146930734
371,0.38356406802552784,0.5313010788885264,0.27190240226857415,0.691130158460631,0.1390429390194324,0.19926548877318728
372,0.3829744834369214,0.5313307991297536,0.271890990104477,0.6911135715777783,0.13903421359661555,0.19924918109959158
373,0.38271590684832113,0.5312832717555905,0.2718864322596629,0.6911142328813641,0.1389986684180072,0.1992270049189635
374,0.3824696732160905,0.5313120049302533,0.2719448620411147,0.6911271323244551,0.13897188937863086,0.19922200556255706
375,0.3821997435045592,0.531305808458757,0.271913758145073,0.6910874701150298,0.13894869456553058,0.19928757047456722
376,0.38197096947312287,0.5313100094037878,0.2719491228801778,0.6910950138123547,0.13891395584091876,0.1993091890727171
377,0.3817716949473924,0.5313193583197883,0.2719515514079455,0.6910672827283568,0.13889272448023518,0.199337987777823
378,0.3814966440836459,0.5313120376222877,0.27193906811711394,0.6910060134866844,0.13886877855464436,0.19940983086256345
379,0.38114499536444585,0.5312988118662616,0.2719517219098248,0.691008263909505,0.13886859723908768,0.19945351152764165
380,0.3808615431654926,0.5312603018303226,0.2719928686990081,0.6910165525001272,0.13886923097696682,0.19946615598309317
381,0.38046267832299524,0.5312523234222172,0.2719948398604965,0.6910152837064335,0.13884717367720717,0.19947071897373264
382,0.3801141673705923,0.5312180627019879,0.27201823571563594,0.6910082331013478,0.13880476496552638,0.19943491241577851
383,0.3800015251247939,0.531234732667157,0.2720812805577057,0.6910107294673259,0.13885824387635798,0.19944545848530676
384,0.3797066312410007,0.5312044632953555,0.2720636045010295,0.6909850034907732,0.13881302679223984,0.19947484276422456
385,0.3791950608188159,0.5311980493823831,0.27210641215308845,0.6909684348263381,0.13878245326783514,0.19948028635556922
386,0.37882918935162074,0.5311799215437338,0.27209900262556486,0.6909220687268663,0.13874784953686634,0.1995174136788856
387,0.3784959409409773,0.531157363834126,0.27208544371368326,0.6908921273043728,0.13875847768186841,0.1995463624052345
388,0.37830796328676236,0.5311739593517503,0.27207673283041495,0.6908781055421218,0.13870992954512604,0.19952949285126334
389,0.3779239942513456,0.5311565493320056,0.2720740976597026,0.6908318519964338,0.1386842419835652,0.19953711747342376
390,0.3777432380688187,0.5311300462197079,0.2720078639229567,0.6908280612301391,0.138672831981153,0.19956391411477606
391,0.3773965670123017,0.5310902356836197,0.2720208610511297,0.6908119041989789,0.13865536659889707,0.19955681659887842
392,0.3771799207515344,0.5310343920904692,0.2720820809401465,0.6907993212481625,0.13865282729591147,0.19954888883872826
393,0.3768918224609273,0.5310215025630978,0.27209597242533895,0.690790945323283,0.13860157442637067,0.199560371580522
394,0.3765597776062964,0.5310238564057249,0.2721450930232975,0.6907744352345095,0.13860076094378732,0.19956781010899158
395,0.37613166799650916,0.5310294827984904,0.27211922252462767,0.6907830076553141,0.13854823923585172,0.19951859145296988
396,0.37585513899558964,0.5310367771705626,0.27209384190493163,0.6907761000401367,0.13855698063644045,0.19950285678917018
397,0.3755482049136686,0.530969025827562,0.2721123807611821,0.6907280289690616,0.13852655365250546,0.19951814428690473
398,0.3752050629846538,0.5309995392194252,0.2721144502186891,0.6907116578169872,0.13850933329091378,0.19955553850707514
399,0.3748681323241892,0.530932187092263,0.272113009811212,0.6907154220228485,0.13846592555165763,0.19956165849231847
400,0.37450000611080564,0.5309103044964779,0.2721497743197037,0.690669165607339,0.13842752817050955,0.19954802713556813
401,0.3743505552417103,0.5309349326124416,0.2721865304925198,0.6906009115737626,0.138444342416608,0.19958923743886386
402,0.37385491830457873,0.5309815874640853,0.2722272724445934,0.6905513776793676,0.1384101238663195,0.19955115518911565
403,0.37361727138315354,0.5309843532938519,0.2722374886365418,0.6905232649735573,0.13842576414180852,0.19956813183563293
404,0.37350031752403406,0.5310288530005397,0.27228487165352233,0.6904869057137751,0.1383841423556972,0.19958721547780753
405,0.37335923201682497,0.5310054940175577,0.27231483148779556,0.6904400215429939,0.13834334780480043,0.19960218422195958
406,0.37303121671346856,0.530960905717967,0.2723519588523646,0.6904521625407221,0.13832786207490474,0.1996490689202665
407,0.3726855990179465,0.5309307040980898,0.27233992589065187,0.6904467981133773,0.13833154356653543,0.1995987121087619
408,0.37248896811503573,0.5309061532674741,0.27234932936741874,0.6904281935759032,0.1383420236751074,0.19962198432517655
409,0.3723095163683997,0.530861823574126,0.2723558930874282,0.6904027710088841,0.1383105734364732,0.19966300438403392
410,0.3720566236614696,0.5308191386425477,0.27235339428610383,0.6903284139337732,0.13830120669674884,0.1997121489733263
411,0.37173127380762006,0.5307772896522922,0.2723932446170893,0.6903377071945801,0.13826987570419783,0.19974418840041872
412,0.37143092538192185,0.5307670890563061,0.27241942944301867,0.6903043912784819,0.13823536364597602,0.1997317900510177
413,0.37128317905040725,0.5307912505138832,0.2723902204124156,0.6902850826842618,0.13820721936416622,0.19976443206388836
414,0.3710844372587285,0.5307670688908334,0.2724090449077327,0.6902613688302012,0.13819772071486366,0.1998078992466909
415,0.3707369840957307,0.5307682092620339,0.27240304314517894,0.6902668752548896,0.13817547268028527,0.19982534172159086
416,0.37057793634527836,0.5306798520773076,0.27240011023060184,0.6902821263089475,0.13818053229395524,0.19990013699123454
417,0.37006058221445204,0.5306858019981071,0.27236293479974744,0.6902573997994118,0.1381832480128487,0.1998840455447037
418,0.36972527092696394,0.5306865881110125,0.2723101989469974,0.6902266644345864,0.1381471943110046,0.19990102585100894
419,0.36955113364042186,0.5306875378431178,0.2722839741491838,0.6902855352506919,0.13811781636815965,0.1999129271980545
420,0.3693031706326068,0.530641249632679,0.27227952908706565,0.6902606896045576,0.13810180541935452,0.19994797373221956
421,0.36892765471171685,0.530628347898036,0.27227000757638664,0.6903159398868105,0.13807448988833085,0.19997081682801224
422,0.368765400692113,0.5306232542761619,0.2722686203313802,0.6903171675246119,0.13807669145631826,0.20000772830048238
423,0.3684037923776698,0.5306024655695694,0.2722881831465522,0.690319746701931,0.1380713642441257,0.20003544686839106
424,0.36812955241194495,0.5306097255405162,0.27228233239894684,0.6902200275216036,0.13806469647927852,0.20004294722306254
425,0.3679571001766642,0.5305969196644221,0.27226427370693196,0.6901892985272481,0.13804229208186541,0.20006044056564512
426,0.36758347502986083,0.5306485246360793,0.27223935666453,0.6901657131486139,0.13803388063372068,0.20009614483407764
427,0.3672220539746207,0.5306501770318328,0.2721866413064543,0.6901922230433933,0.13801287726221892,0.2001361286350691
428,0.36695185867976415,0.5306246895134812,0.27219970191076603,0.6901849546509538,0.13799255580769706,0.20016826424959946
429,0.3666578113336478,0.5306276492144858,0.2721910422804678,0.6901778039279336,0.1379663414031696,0.20017533512356167
430,0.36654665268326936,0.5305497286412656,0.272216827475914,0.6901284579377253,0.13793885135626058,0.200186699585974
431,0.36636621093942234,0.5304987968421389,0.27227171738936395,0.6900653168270104,0.13791919217839121,0.20019968078545952
432,0.3662126817569875,0.5305078593524998,0.2722521901132505,0.6901039169963258,0.13788861783117187,0.20020765706530427
433,0.3660394346981615,0.5305033821752342,0.27224834703880957,0.6901288576225075,0.13788354049523827,0.2001934612151915
434,0.36586606908620517,0.530512324118574,0.2722648562181539,0.690089145506695,0.1378629206743185,0.20017559401288743
435,0.3656298946589437,0.5304504591641327,0.2722588757479851,0.6900596490101383,0.13782634036502808,0.20017875269719326
436,0.3653734254926943,0.5304204658967168,0.27227847361433993,0.690078341139079,0.13781741050600657,0.20018716027335917
437,0.3651721533232541,0.5304248166623421,0.2722503603690127,0.6900350727304151,0.1378178217898298,0.20019116364809203
438,0.36497108265581363,0.530413399424289,0.2722309398216633,0.6900633008852589,0.13781696903250504,0.20021497543901895
439,0.36477070930558364,0.5304615319710893,0.27226138091089286,0.6900583507443699,0.13779524979681557,0.20019255689652232
440,0.36439588829825903,0.5304201268218767,0.27227651433204325,0.6900444842917463,0.13777626237328602,0.2002030692329295
441,0.36424651212681564,0.5304168895001902,0.27230537128489063,0.690026299532713,0.13773997227335735,0.20018410557749333
442,0.36404748266300846,0.530404847627007,0.2723292359250373,0.6900362191322431,0.13771580559355046,0.2001952333877119
443,0.36373866250396636,0.5304032569457167,0.27236052777388203,0.690007824595908,0.1376896079499112,0.2001939629711035
444,0.3633921640095482,0.5304090831928859,0.27232007545118436,0.6900238682952857,0.13769679561585443,0.2002208756615179
445,0.36318468152284533,0.5304146923274747,0.27232601565965475,0.6899576902124934,0.13770052728983345,0.20023806758928892
446,0.36304116254600105,0.5304346796221702,0.2723357099081516,0.6899464345552377,0.13769494138641108,0.2002437955197265
447,0.3626634609750373,0.5304646048558072,0.2723354474455524,0.6899202584959325,0.1376955041881345,0.20028642440968045
448,0.3623650115552818,0.5304632503140745,0.27235160484541915,0.6899024428812407,0.1376986470611597,0.20030245678311753
449,0.3618647184548748,0.5304342382226077,0.2724112018604015,0.6899245509317113,0.13770799426822056,0.2002922778646622
450,0.36152271940176306,0.5304390365854718,0.2724003901313242,0.6899219126927886,0.13771940435870636,0.20029516987570592
451,0.36128494285679585,0.5304240521922976,0.272409036376719,0.6899605311478806,0.13771402946713796,0.2003322224944418
452,0.3611354663178415,0.5304119691394591,0.27241202607476483,0.6899689696911518,0.13769522605304452,0.200332744926007
453,0.3607811508757675,0.5303277489604915,0.27246984217559145,0.6899629198237043,0.1377010730058152,0.20031295523464876
454,0.3603753451042549,0.5303097793709891,0.272502142506156,0.6899940084187569,0.1376880913457455,0.2003276523385267
455,0.35999532599121925,0.5303510332606046,0.272471712241746,0.6899585017365142,0.13768342686300944,0.2003248863178852
456,0.35981624726556505,0.5303504378809358,0.2724899455034014,0.6899755286629297,0.13766807741892892,0.20032885914933113
457,0.35965676388769635,0.5304032684690289,0.2724749614852557,0.6899784011599098,0.13765232232681468,0.20031776941296836
458,0.35936781672592916,0.5304091291372465,0.2725032763277042,0.6899403932444761,0.13763725506724023,0.2003655562017633
459,0.3590972198895451,0.5304512695926785,0.2725028939819522,0.6899513879659778,0.1376441662722393,0.20038215507659177
460,0.3589088095339793,0.5304346561948718,0.27252863702714625,0.6899124942303616,0.13762606301042576,0.20041394997732406
461,0.3584435137631893,0.5303981699172002,0.2725370271596795,0.689932789564989,0.13757356430238318,0.20045048026728787
462,0.35813962260152665,0.5303982577673604,0.2725308304884715,0.6899438123622383,0.1375591973982648,0.20047028470007056
463,0.3579850305859127,0.5303905371846185,0.27254520466566845,0.6899308491565112,0.1375373506249373,0.20052814278945644
464,0.35788021167163836,0.5303759756677084,0.27256560423398124,0.6899534591478595,0.13752210756445774,0.20050375602271292
465,0.3575097127905182,0.5303693189227874,0.27256885283797194,0.6899640657590508,0.13750283630750354,0.200532044678943
466,0.3573387876760748,0.5303655821121331,0.27259235814689836,0.6899460627082076,0.1374942500232486,0.20057778536031978
467,0.35703709920122206,0.5303438002247199,0.2725875083655483,0.6899085264493112,0.13748874847129944,0.20059384942588837
468,0.3569457509459383,0.53032868848121,0.2725946268166075,0.6899211651941571,0.13748417634673543,0.2006431160335133
469,0.35661183177520944,0.5302734162918236,0.27264323604100843,0.6898821196341229,0.1374729533213577,0.20069463839010582
470,0.3564036009318246,0.5302774372429044,0.272668329323304,0.6898863898021713,0.13747058344395055,0.20077502774046072
471,0.35606972474127035,0.5302533965040742,0.27268674677855714,0.6898965461512705,0.13748092262946612,0.20080836498271684
472,0.35574733867475544,0.5302641755266899,0.27271618795569813,0.6899018902588341,0.13748886669787336,0.20079966600892526
473,0.35538710626121967,0.5302599808705443,0.2727240502458282,0.6898624721034432,0.13747578578981315,0.20077071611044056
474,0.3552193674050481,0.530250365587442,0.27274477762891375,0.6898216497994206,0.1374363422002056,0.20079393439335436
475,0.35502694689748987,0.5302692143239289,0.27276570376798354,0.6898362172571372,0.13739860703340348,0.20082373208938095
476,0.3546718573968046,0.5302438048112991,0.2727694818038817,0.6898215446362893,0.13738355229654875,0.2009295268233079
477,0.3544688343625682,0.5302827988747908,0.2727886674350205,0.6898479829635314,0.1373463611343097,0.20091414843401373
478,0.35426630120037894,0.530308935947456,0.2727860191485689,0.6898715447773918,0.1373441698540687,0.20097934278771024
479,0.35409728519509687,0.5302956710469946,0.27278125741329184,0.6898737346150846,0.1373304288906386,0.20096737078693275
480,0.3538803277482534,0.5302738629345636,0.272771257098728,0.6898186100390513,0.137294011402088,0.20091769124411873
481,0.3537314943310929,0.5302643033855013,0.2727895221888202,0.6898052750922266,0.13728986906886034,0.20093613287379972
482,0.35353352170788094,0.5302346700321705,0.27278329816196556,0.6897842557609112,0.1372721012398383,0.20094593617380477
483,0.353305305037446,0.5302408072251275,0.2727963511806859,0.6897575460884686,0.13726037553746592,0.2008877887203256
484,0.35304809590995256,0.5302919784388165,0.27282784038134766,0.6897842300222078,0.13724517644615195,0.2008909979877942
485,0.3528212082603519,0.5303028160980905,0.2728480396094227,0.6898044679364289,0.13723156344094053,0.20093794863889458
486,0.35263297892736084,0.5302873071424985,0.27286886740221444,0.6897806970700724,0.1372014663504769,0.2009444316307532
487,0.3525037056329923,0.5303001290309651,0.27287376795389934,0.6897613958358664,0.13720410074461478,0.20093782672819074
488,0.3522271142531575,0.530302801780965,0.2728440505540754,0.689774603645968,0.13718620170159979,0.2009956716558376
489,0.35206042547115535,0.5302944239952152,0.2728730396573978,0.6897720310846012,0.13716896775101012,0.20101513242262775
490,0.35183518444555556,0.5302620187862209,0.2728163088515383,0.68973279244164,0.13715753172228204,0.2010130654989445
491,0.35160823972985683,0.5302264950514217,0.2727962719027362,0.6896860310498208,0.13715612400175534,0.2009749237688732
492,0.3513909188501192,0.5302208047843296,0.2728379453093407,0.6896486012720473,0.13717188945059422,0.20100966847112692
493,0.35113244752410044,0.5302350617900671,0.2728073574024656,0.6896559176019522,0.1371736372135072,0.20099889652366434
494,0.35089404472979646,0.5301992721999661,0.27285383261448437,0.6896277284022039,0.137161672898134,0.20104725746476235
495,0.35069714581186995,0.5301817172960521,0.27286822445237885,0.6896586779598003,0.1371555832846708,0.20105150893897256
496,0.35029038670754387,0.5301385921665597,0.27294044183915805,0.6896395619672748,0.13715627389939952,0.20108314421127998
497,0.3497530614172116,0.5301134456319507,0.27296118891723825,0.6895863548590053,0.1371604380438873,0.20109815763155683
498,0.3494902444470433,0.530089749813684,0.2729803073840838,0.6895855691244992,0.137123114859806,0.2011592998037423
499,0.3491575180685675,0.5300865883045046,0.27297848479673376,0.6895512489191259,0.13711711317739686,0.20115730867789902
