assumed_mode,method,target_g,noise,regime_set,n_capped_excluded,valid_rate,cat_rate,med_error,med_skill,n,med_skill_vs_assumed,win_rate_vs_assumed,med_skill_vs_last,win_rate_vs_last,med_skill_vs_wmean,win_rate_vs_wmean,med_skill_vs_wmin,win_rate_vs_wmin
zero,richardson_1,0.5,0.0,core,0,1.0,0.0194,0.01520040605163325,0.4116894863412872,360,0.125,0.8806,0.2995,0.7694,0.2059,0.8667,0.2896,0.8028
zero,richardson_1,0.5,0.0,holdout,0,1.0,0.0,0.004928706295639618,0.19170097450797452,120,0.0611,0.8667,0.1917,0.8333,0.0773,1.0,0.1917,0.8333
zero,richardson_2,0.5,0.0,core,0,0.9778,0.0861,0.011803382598312505,0.38381609338113853,360,0.0971,0.8722,0.302,0.7528,0.1815,0.8278,0.243,0.7861
zero,richardson_2,0.5,0.0,holdout,0,0.9667,0.0333,0.0038025676207947036,0.12727835059814904,120,0.0544,0.85,0.1273,0.8083,0.0514,0.9667,0.1273,0.8083
zero,richardson_3,0.5,0.0,core,0,0.9583,0.0778,0.010020128125497185,0.3901113016396542,360,0.1003,0.8583,0.3314,0.7528,0.1941,0.7972,0.3028,0.7861
zero,richardson_3,0.5,0.0,holdout,0,0.9167,0.0833,0.0038029618239961357,0.12727835103536647,120,0.0551,0.8083,0.1273,0.7583,0.0514,0.9167,0.1273,0.7583
zero,single_exp_fit,0.5,0.0,core,0,1.0,0.0056,0.020518146546301692,0.6289163513354179,360,0.198,0.9889,0.4673,0.8944,0.2866,0.8917,0.4649,0.8889
zero,single_exp_fit,0.5,0.0,holdout,0,1.0,0.0,0.02659556304926,0.5620263725846474,120,0.2274,1.0,0.562,1.0,0.2268,1.0,0.562,1.0
zero,double_exp_fit,0.5,0.0,core,0,0.9722,0.0333,0.011785944204273112,0.4510040697284518,360,0.1002,0.9722,0.3079,0.8667,0.2857,0.8833,0.2163,0.8611
zero,double_exp_fit,0.5,0.0,holdout,0,1.0,0.0,0.014367804359795431,0.5123232492093439,120,0.1058,1.0,0.5123,1.0,0.2,1.0,0.5123,1.0
zero,rational_fit,0.5,0.0,core,0,1.0,0.0056,0.016586181643208887,0.42208737386903183,360,0.0898,0.9417,0.3079,0.8417,0.1998,0.8472,0.2394,0.8444
zero,rational_fit,0.5,0.0,holdout,0,1.0,0.0,0.00649535574255955,0.19529754330322882,120,0.0578,0.8833,0.1953,0.85,0.1057,1.0,0.1953,0.85
zero,log_fit,0.5,0.0,core,0,1.0,0.0417,0.03854709113758429,0.9435004492006844,360,0.2977,0.825,0.8106,0.6306,0.5348,0.925,0.8475,0.6611
zero,log_fit,0.5,0.0,holdout,0,1.0,0.0,0.038909026415069,0.8144564067972481,120,0.3635,0.8,0.8145,0.6167,0.4607,1.0,0.8145,0.6167
zero,log_linear,0.5,0.0,core,0,0.9833,0.0889,0.014418608616567255,0.34926565725736214,360,0.1046,0.9028,0.3125,0.8222,0.171,0.8528,0.3073,0.8528
zero,log_linear,0.5,0.0,holdout,0,1.0,0.0,0.01237411300525626,0.29085130251519864,120,0.1288,0.975,0.2909,0.8,0.1682,1.0,0.2909,0.8
zero,stability_weighted,0.5,0.0,core,0,1.0,0.0194,0.019114468384478223,0.8501964416077585,360,0.1721,0.95,0.755,0.7556,0.4177,0.875,0.732,0.7889
zero,stability_weighted,0.5,0.0,holdout,0,1.0,0.0,0.0304168942915505,0.453374845575106,120,0.1097,0.975,0.4534,0.8333,0.2166,1.0,0.4534,0.8333
zero,median_ensemble,0.5,0.0,core,0,1.0,0.0111,0.013201009316560763,0.6603387591756138,360,0.1008,0.9583,0.6351,0.8222,0.3114,0.9,0.524,0.8333
zero,median_ensemble,0.5,0.0,holdout,0,1.0,0.0,0.004376608104733427,0.15429716907069552,120,0.0357,1.0,0.1543,1.0,0.0687,1.0,0.1543,1.0
zero,constant_assumed,0.5,0.0,core,0,1.0,0.2528,0.12058549018944457,2.6180746138419426,360,1.0,0.0,1.9892,0.0389,1.3372,0.3972,2.1557,0.0389
zero,constant_assumed,0.5,0.0,holdout,0,1.0,0.275,0.09852126220125249,2.2377364518157163,120,1.0,0.0,2.2377,0.0,1.2493,0.4167,2.2377,0.0
zero,richardson_1,0.1,0.0,core,40,1.0,0.1,0.02973406050813515,0.7849169908083056,320,0.3004,0.7125,0.3708,0.8063,0.2481,0.8438,0.314,0.8438
zero,richardson_1,0.1,0.0,holdout,1,1.0,0.0,0.014470397715956596,0.1574556099512272,119,0.124,0.7563,0.1298,0.8487,0.0935,1.0,0.1298,0.8487
zero,richardson_2,0.1,0.0,core,40,0.975,0.1062,0.02628213586397979,0.7646398703755231,320,0.2722,0.7,0.3664,0.7719,0.2109,0.8,0.3226,0.8219
zero,richardson_2,0.1,0.0,holdout,1,0.9664,0.0336,0.013882234672842442,0.15056107024549661,119,0.1118,0.7227,0.1097,0.8319,0.075,0.9664,0.1097,0.8319
zero,richardson_3,0.1,0.0,core,40,0.9531,0.1344,0.01913877732942154,0.7849490056623213,320,0.2445,0.6906,0.3496,0.7469,0.2151,0.7562,0.3236,0.8
zero,richardson_3,0.1,0.0,holdout,1,0.916,0.084,0.004538600917668542,0.1455555071794946,119,0.1118,0.6975,0.0982,0.7983,0.0701,0.916,0.0982,0.7983
zero,single_exp_fit,0.1,0.0,core,40,1.0,0.0094,0.03654881635330192,0.8086864079513926,320,0.4408,0.6562,0.6445,0.9625,0.467,0.9094,0.6644,0.9375
zero,single_exp_fit,0.1,0.0,holdout,1,1.0,0.0,0.0342163367730221,0.8100375367988212,119,0.6862,0.6303,0.7071,0.9916,0.4141,1.0,0.7071,0.9916
zero,double_exp_fit,0.1,0.0,core,40,0.9688,0.0406,0.02425094204810628,0.6944625883861953,320,0.2936,0.725,0.4298,0.9125,0.3603,0.9031,0.4049,0.8875
zero,double_exp_fit,0.1,0.0,holdout,1,1.0,0.0,0.02850622278793878,0.7840649772101456,119,0.4703,0.7479,0.5748,0.9916,0.4071,1.0,0.5748,0.9916
zero,rational_fit,0.1,0.0,core,40,1.0,0.0125,0.02999463684197738,0.7509930885743252,320,0.3202,0.7594,0.2558,0.8625,0.1853,0.8281,0.2501,0.8438
zero,rational_fit,0.1,0.0,holdout,1,1.0,0.0,0.005271092346421369,0.20787060310041663,119,0.1761,0.7647,0.2079,0.8655,0.1429,1.0,0.2079,0.8655
zero,log_fit,0.1,0.0,core,40,1.0,0.0094,0.06820258295707562,1.849930306911819,320,0.875,0.5219,0.6478,0.6781,0.5361,0.9094,0.6439,0.6625
zero,log_fit,0.1,0.0,holdout,1,1.0,0.0,0.051120699373937185,0.9560839612156111,119,0.6591,0.5798,0.8159,0.7311,0.5374,0.9916,0.8159,0.7311
zero,log_linear,0.1,0.0,core,40,0.95,0.1187,0.022358715629838818,0.5779653901404574,320,0.3333,0.7906,0.3243,0.7562,0.2082,0.8,0.2846,0.8063
zero,log_linear,0.1,0.0,holdout,1,1.0,0.0,0.03159810012962771,0.6268181418771637,119,0.3219,0.7899,0.3543,0.8319,0.191,0.8824,0.3543,0.8319
zero,stability_weighted,0.1,0.0,core,40,1.0,0.0219,0.02383448648823294,0.7787573861175836,320,0.3367,0.7344,0.3614,0.8187,0.2564,0.9187,0.3377,0.8
zero,stability_weighted,0.1,0.0,holdout,1,1.0,0.0,0.018159989095294066,0.38021971344689404,119,0.311,0.916,0.2117,1.0,0.1546,1.0,0.2117,1.0
zero,median_ensemble,0.1,0.0,core,40,1.0,0.0125,0.02099008298305106,0.7293141868994983,320,0.2686,0.8,0.2168,0.825,0.1555,0.9156,0.1999,0.8125
zero,median_ensemble,0.1,0.0,holdout,1,1.0,0.0,0.01398381063443142,0.30431062783736873,119,0.2288,0.8824,0.2145,1.0,0.1474,1.0,0.2145,1.0
zero,constant_assumed,0.1,0.0,core,40,1.0,0.1906,0.05928920012004124,1.004225945843784,320,1.0,0.0,0.7813,0.5437,0.5442,0.625,0.9897,0.5
zero,constant_assumed,0.1,0.0,holdout,1,1.0,0.1008,0.06150219962577208,1.0,119,1.0,0.0,0.8624,0.5462,0.558,0.6807,0.8624,0.5462
zero,richardson_1,0.5,0.005,core,0,1.0,0.0333,0.01766336961873219,0.5019324596305116,360,0.1521,0.8806,0.3797,0.7667,0.2264,0.8667,0.4242,0.7778
zero,richardson_1,0.5,0.005,holdout,0,1.0,0.0,0.009429137506754517,0.33284854388737944,120,0.0884,0.8667,0.2747,0.7917,0.1566,1.0,0.3328,0.675
zero,richardson_2,0.5,0.005,core,0,1.0,0.075,0.015525624802991835,0.4771005503040528,360,0.1451,0.8944,0.3856,0.7889,0.216,0.8417,0.3841,0.7944
zero,richardson_2,0.5,0.005,holdout,0,1.0,0.0,0.00936185389692408,0.3049906856573834,120,0.0989,0.8833,0.2605,0.7917,0.1487,0.9917,0.305,0.7
zero,richardson_3,0.5,0.005,core,0,0.9806,0.0778,0.015623332485270612,0.5332554639264937,360,0.1525,0.8861,0.3877,0.7778,0.2132,0.8083,0.3817,0.7694
zero,richardson_3,0.5,0.005,holdout,0,1.0,0.0083,0.00935509873264069,0.2923282376854408,120,0.1019,0.8833,0.2307,0.7833,0.1342,0.9833,0.2923,0.6917
zero,single_exp_fit,0.5,0.005,core,0,1.0,0.0056,0.021064844405674105,0.7552226057223905,360,0.1814,0.9917,0.4778,0.8917,0.3099,0.875,0.4743,0.7917
zero,single_exp_fit,0.5,0.005,holdout,0,1.0,0.0167,0.02078034801798742,0.6482701714093786,120,0.2247,1.0,0.5004,0.9167,0.2429,0.9917,0.6483,0.775
zero,double_exp_fit,0.5,0.005,core,0,0.9861,0.0194,0.018959534575569766,0.5723521624649139,360,0.1549,0.9861,0.3939,0.8694,0.2983,0.875,0.4061,0.8056
zero,double_exp_fit,0.5,0.005,holdout,0,1.0,0.0167,0.017726428260059903,0.5937355003391371,120,0.1508,1.0,0.4703,0.9,0.2097,0.9917,0.5937,0.75
zero,rational_fit,0.5,0.005,core,0,1.0,0.0194,0.016429306710696527,0.49169808694383865,360,0.1261,0.9417,0.3107,0.85,0.2125,0.8611,0.3427,0.825
zero,rational_fit,0.5,0.005,holdout,0,1.0,0.0,0.00845984745302247,0.3249896580134466,120,0.0758,0.8833,0.2436,0.825,0.1175,0.9917,0.325,0.7167
zero,log_fit,0.5,0.005,core,0,1.0,0.0417,0.038809387972260564,1.000000405281117,360,0.2988,0.825,0.7722,0.6139,0.5354,0.9306,0.9386,0.5472
zero,log_fit,0.5,0.005,holdout,0,1.0,0.0,0.03931940517290231,1.1046310637745975,120,0.3676,0.8,0.8359,0.6167,0.4633,1.0,1.1046,0.4083
zero,log_linear,0.5,0.005,core,0,0.9778,0.0972,0.01416466345628295,0.38778723017239813,360,0.1106,0.8972,0.3144,0.8222,0.1716,0.8444,0.3365,0.8083
zero,log_linear,0.5,0.005,holdout,0,1.0,0.0,0.012186270494881232,0.49218781616757046,120,0.1375,0.975,0.325,0.7583,0.175,1.0,0.4922,0.6417
zero,stability_weighted,0.5,0.005,core,0,1.0,0.0167,0.05841981428216579,1.1952357937778566,360,0.4665,0.9417,0.989,0.525,0.5808,0.7972,1.0951,0.3361
zero,stability_weighted,0.5,0.005,holdout,0,1.0,0.0083,0.043947181347444596,1.086213393476054,120,0.3418,0.9667,0.9438,0.6333,0.429,0.975,1.0862,0.35
zero,median_ensemble,0.5,0.005,core,0,1.0,0.0083,0.06739601631707202,1.1449061698260814,360,0.4507,0.9528,0.9891,0.5917,0.6016,0.8278,1.0996,0.2389
zero,median_ensemble,0.5,0.005,holdout,0,1.0,0.0083,0.0522678068149105,1.1036139201983683,120,0.4147,0.9667,0.9903,0.5667,0.5163,1.0,1.1036,0.125
zero,constant_assumed,0.5,0.005,core,0,1.0,0.2417,0.12058549018944457,3.178092332576399,360,1.0,0.0,2.0914,0.0556,1.3423,0.3917,2.5719,0.0417
zero,constant_assumed,0.5,0.005,holdout,0,1.0,0.275,0.09852126220125249,3.0106221369860764,120,1.0,0.0,2.4175,0.0167,1.2692,0.4167,3.0106,0.0083
zero,richardson_1,0.1,0.005,core,40,1.0,0.0875,0.030414079834411696,0.88020476029713,320,0.3898,0.7,0.3941,0.8,0.2621,0.8344,0.381,0.8125
zero,richardson_1,0.1,0.005,holdout,1,1.0,0.0084,0.021815989265707485,0.5412035237390204,119,0.2803,0.7227,0.2657,0.7983,0.186,0.9748,0.3363,0.7563
zero,richardson_2,0.1,0.005,core,40,1.0,0.0813,0.025133875785771184,0.8606179061352337,320,0.3492,0.7156,0.4043,0.7969,0.2398,0.8125,0.3858,0.8313
zero,richardson_2,0.1,0.005,holdout,1,1.0,0.0084,0.018906909645347858,0.5670320167442006,119,0.2776,0.7311,0.2586,0.8235,0.1845,0.9748,0.2929,0.7479
zero,richardson_3,0.1,0.005,core,40,0.9781,0.1,0.020406225218172973,0.8892756873086656,320,0.3199,0.7156,0.4013,0.7656,0.2289,0.775,0.3972,0.8125
zero,richardson_3,0.1,0.005,holdout,1,1.0,0.0252,0.018071567007427264,0.5353636578227984,119,0.2223,0.7311,0.2438,0.8151,0.1529,0.958,0.2929,0.7731
zero,single_exp_fit,0.1,0.005,core,40,1.0,0.0063,0.034824258556215196,0.9430668844641974,320,0.4608,0.6719,0.6061,0.9469,0.453,0.8875,0.6332,0.875
zero,single_exp_fit,0.1,0.005,holdout,1,1.0,0.0084,0.03613343824266277,1.038070008015614,119,0.6578,0.6387,0.6511,0.9244,0.4423,0.9916,0.7164,0.7899
zero,double_exp_fit,0.1,0.005,core,40,0.9844,0.0219,0.02698089778821016,0.8575264602306069,320,0.4006,0.7719,0.5474,0.8844,0.4251,0.8875,0.4609,0.8187
zero,double_exp_fit,0.1,0.005,holdout,1,1.0,0.0084,0.03371891424140402,0.903829911483504,119,0.5585,0.7479,0.5994,0.9076,0.3966,0.9916,0.647,0.7731
zero,rational_fit,0.1,0.005,core,40,1.0,0.0094,0.02696973026901501,0.8395372957102465,320,0.282,0.7406,0.3239,0.8688,0.2142,0.8438,0.309,0.8281
zero,rational_fit,0.1,0.005,holdout,1,1.0,0.0,0.015918745579690467,0.3944596190000157,119,0.2149,0.7731,0.2548,0.8403,0.1862,0.9916,0.2962,0.8151
zero,log_fit,0.1,0.005,core,40,1.0,0.0125,0.06844420026641301,1.843212806718118,320,0.8693,0.525,0.6452,0.6969,0.5372,0.9094,0.7521,0.6344
zero,log_fit,0.1,0.005,holdout,1,1.0,0.0,0.0513982312003324,1.4171785500271417,119,0.6632,0.5798,0.7331,0.6891,0.5313,1.0,0.8432,0.605
zero,log_linear,0.1,0.005,core,40,0.9437,0.1219,0.02358905478439996,0.6221300339480658,320,0.3324,0.7844,0.3134,0.7688,0.2075,0.7937,0.2996,0.7937
zero,log_linear,0.1,0.005,holdout,1,1.0,0.0084,0.03148929692748878,0.8191964304367597,119,0.3265,0.7815,0.3449,0.8151,0.1938,0.8824,0.355,0.7731
zero,stability_weighted,0.1,0.005,core,40,1.0,0.0125,0.08670248231693496,1.9675986490579165,320,1.1212,0.4781,0.9801,0.5719,0.6758,0.85,1.028,0.3812
zero,stability_weighted,0.1,0.005,holdout,1,1.0,0.0,0.06468030351883189,1.4021422812738797,119,0.886,0.521,0.8724,0.7059,0.5198,0.9832,0.9831,0.5042
zero,median_ensemble,0.1,0.005,core,40,1.0,0.0063,0.09674452349628482,1.8278757983220109,320,1.2351,0.4531,0.9939,0.5875,0.6988,0.8594,1.0434,0.2687
zero,median_ensemble,0.1,0.005,holdout,1,1.0,0.0,0.08934915556534434,1.570977161089994,119,1.03,0.4706,0.9843,0.6639,0.6367,1.0,1.049,0.1597
zero,constant_assumed,0.1,0.005,core,40,1.0,0.1812,0.05928920012004124,1.073212546068546,320,1.0,0.0,0.8185,0.5469,0.5418,0.6281,1.0,0.4844
zero,constant_assumed,0.1,0.005,holdout,1,1.0,0.1176,0.06150219962577208,1.0385617448413789,119,1.0,0.0,0.8807,0.521,0.5599,0.6807,1.0386,0.479
zero,richardson_1,0.5,0.02,core,0,1.0,0.0694,0.019702937423896845,0.8005476773637918,360,0.1723,0.8806,0.4305,0.7861,0.2449,0.8639,0.6184,0.6556
zero,richardson_1,0.5,0.02,holdout,0,1.0,0.0417,0.014543558848812203,0.5724111050992857,120,0.1383,0.8667,0.3086,0.7333,0.1813,0.9917,0.4508,0.7
zero,richardson_2,0.5,0.02,core,0,1.0,0.0944,0.019791068241496054,0.8202035006783621,360,0.1829,0.8917,0.4678,0.7917,0.2527,0.8333,0.6229,0.6667
zero,richardson_2,0.5,0.02,holdout,0,1.0,0.0333,0.01651866739789856,0.632401995765939,120,0.1608,0.875,0.3421,0.725,0.2003,0.9667,0.5085,0.675
zero,richardson_3,0.5,0.02,core,0,1.0,0.0861,0.02046305918835225,0.9464940719419994,360,0.2003,0.8889,0.4532,0.7667,0.2592,0.8222,0.6058,0.65
zero,richardson_3,0.5,0.02,holdout,0,1.0,0.0417,0.01612466156991338,0.7275368383109889,120,0.1805,0.875,0.3462,0.7083,0.2082,0.9583,0.5395,0.6417
zero,single_exp_fit,0.5,0.02,core,0,1.0,0.0361,0.02384856608363238,0.9838119660805349,360,0.2323,0.9889,0.511,0.8028,0.3567,0.8583,0.6577,0.6472
zero,single_exp_fit,0.5,0.02,holdout,0,1.0,0.075,0.026566971274595556,1.0015598538535173,120,0.2846,1.0,0.6253,0.725,0.2921,0.95,0.8088,0.5833
zero,double_exp_fit,0.5,0.02,core,0,0.9972,0.0417,0.021631721169063894,0.9501342778871339,360,0.2002,0.9917,0.4519,0.8139,0.3653,0.8833,0.6078,0.6639
zero,double_exp_fit,0.5,0.02,holdout,0,1.0,0.0667,0.026291032276827924,0.9419945873159978,120,0.2502,1.0,0.6119,0.725,0.285,0.95,0.7753,0.6
zero,rational_fit,0.5,0.02,core,0,1.0,0.0417,0.018775807629663847,0.932841579428986,360,0.1726,0.9417,0.3801,0.8139,0.2639,0.85,0.49,0.7028
zero,rational_fit,0.5,0.02,holdout,0,1.0,0.0583,0.015838616474977005,0.5766775530084167,120,0.1193,0.8833,0.3513,0.7,0.1995,0.975,0.532,0.675
zero,log_fit,0.5,0.02,core,0,1.0,0.0694,0.03899651063593805,1.3851930244921693,360,0.3133,0.8278,0.7156,0.6083,0.5403,0.9278,1.1753,0.4472
zero,log_fit,0.5,0.02,holdout,0,1.0,0.0833,0.03780691043055116,1.413240463447957,120,0.379,0.8,0.8308,0.575,0.518,0.9917,1.3453,0.425
zero,log_linear,0.5,0.02,core,0,0.9333,0.1472,0.015513575965306064,0.5875444691280614,360,0.1268,0.8639,0.3027,0.7556,0.1715,0.8167,0.4457,0.6972
zero,log_linear,0.5,0.02,holdout,0,0.925,0.1083,0.017220641810934356,0.6284658346930291,120,0.1395,0.8917,0.2908,0.6917,0.1781,0.8833,0.4926,0.5917
zero,stability_weighted,0.5,0.02,core,0,1.0,0.05,0.050855477386226325,1.6958577079631412,360,0.3972,0.8778,0.9529,0.5444,0.5652,0.8083,1.3418,0.3667
zero,stability_weighted,0.5,0.02,holdout,0,1.0,0.0583,0.04496547228429062,1.576003456866847,120,0.3198,0.8833,0.9588,0.55,0.4377,0.9,1.5292,0.2833
zero,median_ensemble,0.5,0.02,core,0,1.0,0.0222,0.05730246451313016,1.5675591790668757,360,0.4153,0.9278,0.9194,0.6194,0.5676,0.85,1.2814,0.3472
zero,median_ensemble,0.5,0.02,holdout,0,1.0,0.0333,0.046507772529627754,1.4602664938054066,120,0.3241,0.9083,0.9242,0.6,0.4571,0.975,1.3546,0.275
zero,constant_assumed,0.5,0.02,core,0,1.0,0.2639,0.12058549018944457,4.596549187770696,360,1.0,0.0,2.013,0.1583,1.3266,0.4,3.4412,0.0778
zero,constant_assumed,0.5,0.02,holdout,0,1.0,0.2833,0.09852126220125249,4.531895349597441,120,1.0,0.0,2.7795,0.1,1.2339,0.4167,3.5649,0.075
zero,richardson_1,0.1,0.02,core,40,1.0,0.1156,0.033084626935015946,1.380041655970444,320,0.4107,0.6719,0.4123,0.7906,0.2612,0.8313,0.4685,0.6906
zero,richardson_1,0.1,0.02,holdout,1,1.0,0.0168,0.0244193186506078,0.7679333963212218,119,0.3516,0.7227,0.3156,0.7563,0.2463,0.9664,0.4339,0.7059
zero,richardson_2,0.1,0.02,core,40,1.0,0.1156,0.02801714782919801,1.4507676708869712,320,0.471,0.6813,0.4318,0.7656,0.2442,0.8094,0.5237,0.6594
zero,richardson_2,0.1,0.02,holdout,1,1.0,0.0252,0.030389875358886098,0.9998863236792243,119,0.4717,0.6975,0.361,0.7311,0.2686,0.9244,0.5532,0.6807
zero,richardson_3,0.1,0.02,core,40,1.0,0.1187,0.025524185131646414,1.437026669280031,320,0.4546,0.6937,0.4258,0.75,0.2298,0.7937,0.5568,0.6438
zero,richardson_3,0.1,0.02,holdout,1,1.0,0.0252,0.029448962101489548,1.0800150833273405,119,0.4564,0.7059,0.3728,0.7395,0.2698,0.916,0.5779,0.6387
zero,single_exp_fit,0.1,0.02,core,40,1.0,0.0281,0.039549577933067515,1.297605438249252,320,0.5631,0.6875,0.5792,0.85,0.4083,0.8688,0.8043,0.625
zero,single_exp_fit,0.1,0.02,holdout,1,1.0,0.042,0.038342603594612806,1.1717785329859896,119,0.7067,0.7227,0.571,0.8151,0.44,0.9496,0.7969,0.6303
zero,double_exp_fit,0.1,0.02,core,40,0.9969,0.0312,0.027116750587445115,1.0373360330168608,320,0.4814,0.7875,0.5205,0.8438,0.3632,0.9031,0.7212,0.6531
zero,double_exp_fit,0.1,0.02,holdout,1,1.0,0.042,0.036352981701488235,1.0826094294511819,119,0.6887,0.7563,0.5581,0.7899,0.4218,0.9328,0.6945,0.6555
zero,rational_fit,0.1,0.02,core,40,1.0,0.05,0.028951976807075792,1.3500208520074728,320,0.4306,0.725,0.4191,0.8219,0.2589,0.8219,0.4867,0.6687
zero,rational_fit,0.1,0.02,holdout,1,1.0,0.0252,0.028683095510738985,0.7110630306885457,119,0.3822,0.7563,0.35,0.7647,0.2316,0.9496,0.4755,0.7059
zero,log_fit,0.1,0.02,core,40,1.0,0.0594,0.06876316364941996,2.4046735418383145,320,0.8698,0.5219,0.6835,0.65,0.5445,0.9125,1.0403,0.4719
zero,log_fit,0.1,0.02,holdout,1,1.0,0.0084,0.05212658052749447,1.563696600385302,119,0.7941,0.563,0.7018,0.6975,0.5003,0.9748,0.9677,0.521
zero,log_linear,0.1,0.02,core,40,0.9031,0.175,0.024537990988250394,0.9028886148018009,320,0.3284,0.7438,0.314,0.7156,0.2064,0.7594,0.3833,0.6687
zero,log_linear,0.1,0.02,holdout,1,0.9244,0.1008,0.030917244659255223,1.1746875926955247,119,0.331,0.7059,0.3302,0.7815,0.1873,0.8403,0.4899,0.6134
zero,stability_weighted,0.1,0.02,core,40,1.0,0.0406,0.07827855464222519,2.662043411208926,320,0.9993,0.5,0.9052,0.5844,0.6357,0.825,1.2814,0.3187
zero,stability_weighted,0.1,0.02,holdout,1,1.0,0.042,0.08355898338193984,1.8117716233056453,119,0.949,0.5042,0.9507,0.5966,0.5381,0.9244,1.2265,0.3277
zero,median_ensemble,0.1,0.02,core,40,1.0,0.025,0.08910309070977268,2.4472183991268466,320,0.9712,0.5094,0.9436,0.6219,0.6498,0.8719,1.2314,0.2594
zero,median_ensemble,0.1,0.02,holdout,1,1.0,0.0252,0.08251217348432821,1.6453965253265086,119,0.8829,0.5294,0.9386,0.6807,0.5862,0.9748,1.2187,0.2437
zero,constant_assumed,0.1,0.02,core,40,1.0,0.1844,0.05928920012004124,1.7485460891512574,320,1.0,0.0,0.8291,0.5406,0.5342,0.6281,1.4366,0.3844
zero,constant_assumed,0.1,0.02,holdout,1,1.0,0.0924,0.06150219962577208,1.4497587131012897,119,1.0,0.0,0.9412,0.5126,0.5626,0.6723,1.2536,0.4454
half,richardson_1,0.5,0.0,core,0,1.0,0.0194,0.015200405712720076,0.4116894976885594,360,0.1522,0.85,0.2996,0.7694,0.2059,0.8667,0.2896,0.8028
half,richardson_1,0.5,0.0,holdout,0,1.0,0.0,0.00492868898580312,0.19170096446513746,120,0.0902,0.8583,0.1917,0.8333,0.0773,1.0,0.1917,0.8333
half,richardson_2,0.5,0.0,core,0,0.9778,0.0889,0.012071378082739406,0.37773174639292073,360,0.1145,0.8417,0.282,0.7556,0.1869,0.8306,0.2345,0.7861
half,richardson_2,0.5,0.0,holdout,0,0.9667,0.0333,0.0039396375569181186,0.12727839587089151,120,0.0697,0.8333,0.1273,0.8083,0.0514,0.9667,0.1273,0.8083
half,richardson_3,0.5,0.0,core,0,0.9611,0.0778,0.010020108495304492,0.3878187123184178,360,0.1231,0.8444,0.316,0.7611,0.1932,0.8028,0.252,0.7917
half,richardson_3,0.5,0.0,holdout,0,0.975,0.025,0.003940383108342493,0.12727833247382947,120,0.066,0.8417,0.1273,0.8167,0.0514,0.975,0.1273,0.8167
half,single_exp_fit,0.5,0.0,core,0,1.0,0.0056,0.020517608783296046,0.6300712889316129,360,0.2803,0.9667,0.4673,0.8944,0.2866,0.8806,0.4649,0.8889
half,single_exp_fit,0.5,0.0,holdout,0,1.0,0.0,0.026595563371563616,0.5620261678924683,120,0.3127,1.0,0.562,1.0,0.2268,1.0,0.562,1.0
half,double_exp_fit,0.5,0.0,core,0,0.9833,0.0222,0.011785937939368933,0.45034630775893736,360,0.119,0.9667,0.2392,0.8778,0.2763,0.8917,0.1997,0.8722
half,double_exp_fit,0.5,0.0,holdout,0,1.0,0.0,0.011650266070338866,0.5123185771282903,120,0.1434,1.0,0.5123,1.0,0.1939,1.0,0.5123,1.0
half,rational_fit,0.5,0.0,core,0,1.0,0.0056,0.01658617737968023,0.4220873439593713,360,0.1358,0.9111,0.3079,0.8417,0.1998,0.8528,0.2394,0.8444
half,rational_fit,0.5,0.0,holdout,0,1.0,0.0,0.0064953554748789395,0.1952975446732824,120,0.0779,0.8667,0.1953,0.85,0.1057,1.0,0.1953,0.85
half,log_fit,0.5,0.0,core,0,1.0,0.0417,0.03854709022450052,0.9435004243947991,360,0.383,0.775,0.8106,0.6306,0.5348,0.9222,0.8475,0.6611
half,log_fit,0.5,0.0,holdout,0,1.0,0.0,0.038909033608073594,0.8144564666233798,120,0.5082,0.7333,0.8145,0.6167,0.4607,1.0,0.8145,0.6167
half,log_linear,0.5,0.0,core,0,0.9722,0.0889,0.013546801666568868,0.3505848863584555,360,0.1403,0.875,0.3195,0.8389,0.1686,0.8472,0.3207,0.8667
half,log_linear,0.5,0.0,holdout,0,1.0,0.0,0.013653456111873304,0.28043603914151616,120,0.1365,0.9417,0.2804,0.8333,0.163,1.0,0.2804,0.8333
half,stability_weighted,0.5,0.0,core,0,1.0,0.0194,0.019114468318585376,0.850196434475381,360,0.2294,0.9306,0.755,0.7556,0.4177,0.875,0.732,0.7889
half,stability_weighted,0.5,0.0,holdout,0,1.0,0.0,0.030407221841183475,0.4533748455378703,120,0.1693,0.9667,0.4534,0.8333,0.2166,1.0,0.4534,0.8333
half,median_ensemble,0.5,0.0,core,0,1.0,0.0111,0.013201009316560763,0.6603387591756138,360,0.1642,0.9417,0.6351,0.8222,0.3114,0.9,0.524,0.8333
half,median_ensemble,0.5,0.0,holdout,0,1.0,0.0,0.004376608083195399,0.1542971073531888,120,0.0493,1.0,0.1543,1.0,0.0687,1.0,0.1543,1.0
half,constant_assumed,0.5,0.0,core,0,1.0,0.1639,0.09720106675557719,1.8031585947184912,360,1.0,0.0,1.4781,0.05,0.9697,0.5194,1.5648,0.0722
half,constant_assumed,0.5,0.0,holdout,0,1.0,0.1167,0.08440512442301909,1.6077383452066911,120,1.0,0.0,1.6077,0.025,0.8976,0.5917,1.6077,0.025
half,richardson_1,0.1,0.0,core,40,1.0,0.1,0.02973406071791381,0.9747605443968135,320,0.5191,0.6219,0.3709,0.8063,0.2481,0.8438,0.314,0.8438
half,richardson_1,0.1,0.0,holdout,1,1.0,0.0,0.014470397662587772,0.2564870370936202,119,0.218,0.7227,0.1298,0.8487,0.0935,1.0,0.1298,0.8487
half,richardson_2,0.1,0.0,core,40,0.975,0.1062,0.02628213427290757,0.9965110958801384,320,0.4535,0.6062,0.3664,0.775,0.2109,0.8031,0.3226,0.825
half,richardson_2,0.1,0.0,holdout,1,0.9664,0.0336,0.010275741503494973,0.1818188723860636,119,0.1167,0.6975,0.1015,0.8319,0.067,0.9664,0.1015,0.8319
half,richardson_3,0.1,0.0,core,40,0.9563,0.1281,0.019882075192006052,1.1120479696298728,320,0.4255,0.6125,0.3472,0.7594,0.2086,0.7625,0.3236,0.8063
half,richardson_3,0.1,0.0,holdout,1,0.9748,0.0252,0.01340797965444137,0.22443207411949945,119,0.1584,0.7227,0.1124,0.8571,0.0742,0.9748,0.1124,0.8571
half,single_exp_fit,0.1,0.0,core,40,1.0,0.0094,0.03654885999351512,1.2202539647672144,320,0.7397,0.5469,0.6445,0.9625,0.467,0.8969,0.6644,0.9375
half,single_exp_fit,0.1,0.0,holdout,1,1.0,0.0,0.03421633606846233,1.2543808250852035,119,1.2544,0.4454,0.7071,0.9916,0.4141,1.0,0.7071,0.9916
half,double_exp_fit,0.1,0.0,core,40,0.9812,0.0281,0.024250777610642375,0.876341969935613,320,0.5264,0.6312,0.4298,0.925,0.3603,0.9125,0.4049,0.9
half,double_exp_fit,0.1,0.0,holdout,1,1.0,0.0,0.026741518327979115,0.8332478255544308,119,0.7849,0.5882,0.5748,0.9916,0.4071,1.0,0.5748,0.9916
half,rational_fit,0.1,0.0,core,40,1.0,0.0125,0.029994636856790404,0.9906253403052392,320,0.5644,0.6531,0.2558,0.8625,0.1853,0.8344,0.2501,0.8438
half,rational_fit,0.1,0.0,holdout,1,1.0,0.0,0.005271092364186936,0.32474573795356615,119,0.3113,0.7479,0.2079,0.8655,0.1429,1.0,0.2079,0.8655
half,log_fit,0.1,0.0,core,40,1.0,0.0094,0.06820258294428352,2.5695611932996427,320,1.5415,0.4437,0.6478,0.6781,0.5374,0.9062,0.6439,0.6625
half,log_fit,0.1,0.0,holdout,1,1.0,0.0,0.051120699978686436,1.3214980411041652,119,1.2173,0.4622,0.8159,0.7311,0.5374,0.9916,0.8159,0.7311
half,log_linear,0.1,0.0,core,40,0.9281,0.1031,0.020155925125034918,0.7484579349255391,320,0.4707,0.725,0.2912,0.7781,0.1862,0.8063,0.2516,0.825
half,log_linear,0.1,0.0,holdout,1,1.0,0.0,0.029739836817513257,0.6187828450006151,119,0.4647,0.7395,0.3016,0.8824,0.1896,0.9076,0.3016,0.8824
half,stability_weighted,0.1,0.0,core,40,1.0,0.0219,0.023834486487347227,0.9350698669006108,320,0.5764,0.6375,0.3614,0.8187,0.2564,0.9187,0.3377,0.8
half,stability_weighted,0.1,0.0,holdout,1,1.0,0.0,0.018159989101735302,0.57376506928086,119,0.5527,0.7479,0.2117,1.0,0.1546,1.0,0.2117,1.0
half,median_ensemble,0.1,0.0,core,40,1.0,0.0125,0.020990082904014364,0.8719942756785851,320,0.4536,0.7,0.2168,0.825,0.1555,0.9156,0.1999,0.8125
half,median_ensemble,0.1,0.0,holdout,1,1.0,0.0,0.01398381063443142,0.4226019637819637,119,0.4129,0.8319,0.2145,1.0,0.1474,1.0,0.2145,1.0
half,constant_assumed,0.1,0.0,core,40,1.0,0.1469,0.032157436434090206,1.0,320,1.0,0.0,0.4426,0.6844,0.3135,0.7375,0.5114,0.6625
half,constant_assumed,0.1,0.0,holdout,1,1.0,0.0252,0.03482300737669601,1.0,119,1.0,0.0,0.4844,0.7059,0.3195,0.7731,0.4844,0.7059
half,richardson_1,0.5,0.005,core,0,1.0,0.0333,0.01766337105395198,0.5019324482075955,360,0.1958,0.85,0.3797,0.7667,0.2264,0.8667,0.4242,0.7778
half,richardson_1,0.5,0.005,holdout,0,1.0,0.0,0.00942915209497007,0.33284853992393526,120,0.1382,0.8583,0.2747,0.7917,0.1566,1.0,0.3328,0.675
half,richardson_2,0.5,0.005,core,0,1.0,0.0778,0.015239955840697365,0.47798932758809665,360,0.2037,0.8667,0.3875,0.7861,0.2171,0.8361,0.3885,0.7944
half,richardson_2,0.5,0.005,holdout,0,1.0,0.0,0.00948549351026548,0.3049903121288672,120,0.1348,0.8667,0.2605,0.7917,0.1506,0.9917,0.305,0.7
half,richardson_3,0.5,0.005,core,0,0.9861,0.075,0.015623332478519797,0.5440993911053097,360,0.2238,0.8722,0.3993,0.7778,0.2158,0.8083,0.3826,0.7694
half,richardson_3,0.5,0.005,holdout,0,1.0,0.0083,0.00933508477794423,0.2973271528914764,120,0.1199,0.8583,0.2317,0.775,0.1371,0.9833,0.2973,0.675
half,single_exp_fit,0.5,0.005,core,0,1.0,0.0056,0.02106496716407169,0.7738911082111501,360,0.2595,0.9778,0.4778,0.8917,0.3099,0.8639,0.4743,0.7917
half,single_exp_fit,0.5,0.005,holdout,0,1.0,0.0167,0.020780351219684343,0.64826921148804,120,0.2912,1.0,0.5004,0.9167,0.2428,0.9917,0.6483,0.775
half,double_exp_fit,0.5,0.005,core,0,0.9944,0.0111,0.017827648288762543,0.5772415237209341,360,0.2189,0.9694,0.3906,0.8667,0.295,0.8722,0.4092,0.8083
half,double_exp_fit,0.5,0.005,holdout,0,1.0,0.0167,0.017854424886801883,0.5893693572067159,120,0.2101,1.0,0.4551,0.8833,0.2145,0.9917,0.5857,0.7417
half,rational_fit,0.5,0.005,core,0,1.0,0.0194,0.016429307528717012,0.49169808642009105,360,0.1711,0.9139,0.3107,0.85,0.2125,0.8611,0.3427,0.825
half,rational_fit,0.5,0.005,holdout,0,1.0,0.0,0.008459837812044225,0.32496057869734096,120,0.1084,0.8667,0.2436,0.825,0.1174,0.9917,0.325,0.7167
half,log_fit,0.5,0.005,core,0,1.0,0.0417,0.03880938838942942,1.0000008269381675,360,0.394,0.775,0.7722,0.6139,0.5354,0.9306,0.9386,0.5472
half,log_fit,0.5,0.005,holdout,0,1.0,0.0,0.03931941671078163,1.104631063727306,120,0.5138,0.725,0.8359,0.6167,0.4633,1.0,1.1046,0.4083
half,log_linear,0.5,0.005,core,0,0.9694,0.0972,0.01350567232089922,0.38324285035124334,360,0.1399,0.8722,0.3172,0.8306,0.1689,0.8417,0.3394,0.825
half,log_linear,0.5,0.005,holdout,0,1.0,0.0,0.0125406889664672,0.34198833156588837,120,0.1522,0.9333,0.291,0.7917,0.1699,1.0,0.342,0.675
half,stability_weighted,0.5,0.005,core,0,1.0,0.0167,0.0584198144038187,1.195235556608326,360,0.5894,0.8917,0.989,0.525,0.5808,0.7972,1.0951,0.3361
half,stability_weighted,0.5,0.005,holdout,0,1.0,0.0083,0.043947181255169075,1.0862134049566328,120,0.475,0.9333,0.9439,0.6333,0.429,0.975,1.0862,0.35
half,median_ensemble,0.5,0.005,core,0,1.0,0.0083,0.06739601631707202,1.1449061698260814,360,0.6077,0.9111,0.9891,0.5917,0.6016,0.8278,1.0996,0.2389
half,median_ensemble,0.5,0.005,holdout,0,1.0,0.0083,0.0522678068149105,1.1036139201983683,120,0.5431,0.95,0.9903,0.5667,0.5163,1.0,1.1036,0.125
half,constant_assumed,0.5,0.005,core,0,1.0,0.1556,0.09720106675557719,2.2186736868944306,360,1.0,0.0,1.5389,0.1111,0.9653,0.5194,1.8843,0.075
half,constant_assumed,0.5,0.005,holdout,0,1.0,0.1417,0.08440512442301909,2.104445466719011,120,1.0,0.0,1.7548,0.0667,0.8951,0.5833,2.1044,0.0167
half,richardson_1,0.1,0.005,core,40,1.0,0.0875,0.030414078718959604,1.1587345097447181,320,0.6478,0.6,0.3941,0.8,0.2621,0.8344,0.381,0.8125
half,richardson_1,0.1,0.005,holdout,1,1.0,0.0084,0.021815989052121523,0.6834764823009515,119,0.5121,0.6471,0.2657,0.7983,0.186,0.9748,0.3363,0.7563
half,richardson_2,0.1,0.005,core,40,1.0,0.0844,0.02521909595192938,1.2041255918637064,320,0.6356,0.6062,0.4068,0.7937,0.2405,0.8094,0.3858,0.8313
half,richardson_2,0.1,0.005,holdout,1,1.0,0.0084,0.01894958712751725,0.6767453885421459,119,0.4647,0.6555,0.2614,0.8235,0.1845,0.9748,0.3177,0.7479
half,richardson_3,0.1,0.005,core,40,0.9844,0.1,0.021319056414543458,1.2380214700949768,320,0.628,0.6125,0.4015,0.7594,0.229,0.775,0.4015,0.8094
half,richardson_3,0.1,0.005,holdout,1,1.0,0.0252,0.018220520440391103,0.6767620789175226,119,0.4127,0.6555,0.2503,0.8067,0.1783,0.958,0.3082,0.7479
half,single_exp_fit,0.1,0.005,core,40,1.0,0.0063,0.03482419121847273,1.1290216230612402,320,0.7698,0.5625,0.6061,0.9469,0.453,0.8781,0.6332,0.875
half,single_exp_fit,0.1,0.005,holdout,1,1.0,0.0084,0.03613387670902418,1.4803450246856307,119,1.2003,0.4706,0.6511,0.9244,0.4423,0.9916,0.7164,0.7899
half,double_exp_fit,0.1,0.005,core,40,0.9938,0.0125,0.027521279817799497,1.0000000968720548,320,0.6749,0.6281,0.5355,0.8938,0.409,0.8906,0.4464,0.8313
half,double_exp_fit,0.1,0.005,holdout,1,1.0,0.0084,0.033718260264885176,1.3501358347617916,119,0.9012,0.5294,0.5951,0.8992,0.393,0.9832,0.647,0.7731
half,rational_fit,0.1,0.005,core,40,1.0,0.0094,0.026969821872472863,1.0588658674702773,320,0.4878,0.6188,0.3239,0.8688,0.2142,0.8438,0.309,0.8281
half,rational_fit,0.1,0.005,holdout,1,1.0,0.0,0.01591874668334438,0.5294085458611424,119,0.3726,0.6891,0.2548,0.8403,0.1862,0.9916,0.2962,0.8151
half,log_fit,0.1,0.005,core,40,1.0,0.0125,0.06844420027156872,2.5767436828324257,320,1.5416,0.4437,0.6452,0.6969,0.5372,0.9094,0.7521,0.6344
half,log_fit,0.1,0.005,holdout,1,1.0,0.0,0.05139823129800949,1.7070364981118613,119,1.2247,0.4538,0.7331,0.6891,0.5313,1.0,0.8432,0.605
half,log_linear,0.1,0.005,core,40,0.925,0.1094,0.021024867477574066,0.7837934534154072,320,0.4597,0.7281,0.2829,0.7937,0.1853,0.8,0.2828,0.8063
half,log_linear,0.1,0.005,holdout,1,1.0,0.0084,0.028010983074673243,0.7010547158188644,119,0.4693,0.7395,0.3137,0.8908,0.1917,0.9244,0.3557,0.8824
half,stability_weighted,0.1,0.005,core,40,1.0,0.0125,0.08670247754324262,2.7728262371478634,320,1.9545,0.3469,0.9801,0.5719,0.6758,0.85,1.028,0.3812
half,stability_weighted,0.1,0.005,holdout,1,1.0,0.0,0.06468029421596264,2.0312614779117073,119,1.5465,0.4202,0.8724,0.7059,0.5198,0.9832,0.9831,0.5042
half,median_ensemble,0.1,0.005,core,40,1.0,0.0063,0.09674452349628482,2.7311622643454205,320,2.1594,0.3281,0.9939,0.5875,0.6988,0.8594,1.0434,0.2687
half,median_ensemble,0.1,0.005,holdout,1,1.0,0.0,0.08934915556534434,2.1162537590790262,119,1.8469,0.3193,0.9843,0.6639,0.6367,1.0,1.049,0.1597
half,constant_assumed,0.1,0.005,core,40,1.0,0.1281,0.032157436434090206,1.0,320,1.0,0.0,0.4531,0.6875,0.3135,0.7375,0.5401,0.6438
half,constant_assumed,0.1,0.005,holdout,1,1.0,0.0252,0.03482300737669601,1.0,119,1.0,0.0,0.509,0.6975,0.3206,0.7731,0.5756,0.6555
half,richardson_1,0.5,0.02,core,0,1.0,0.0694,0.019702939132989004,0.8330037305933491,360,0.2326,0.8472,0.4305,0.7861,0.2449,0.8639,0.6184,0.6556
half,richardson_1,0.5,0.02,holdout,0,1.0,0.0417,0.014543556716161612,0.5723691472519705,120,0.2076,0.8583,0.3086,0.7333,0.1813,0.9917,0.4508,0.7
half,richardson_2,0.5,0.02,core,0,1.0,0.0917,0.01980495785531043,0.8853075014395744,360,0.2552,0.8556,0.4679,0.7917,0.248,0.8361,0.6228,0.6667
half,richardson_2,0.5,0.02,holdout,0,1.0,0.0333,0.016705828454038243,0.6323731322600823,120,0.2382,0.8583,0.3421,0.7333,0.2003,0.975,0.5085,0.6833
half,richardson_3,0.5,0.02,core,0,0.9972,0.0806,0.02041986271578955,0.9927949985989584,360,0.27,0.8611,0.4576,0.7694,0.2588,0.8278,0.6023,0.6528
half,richardson_3,0.5,0.02,holdout,0,1.0,0.05,0.017192661234106132,0.7478130063294689,120,0.2425,0.85,0.3529,0.7083,0.2082,0.95,0.587,0.6333
half,single_exp_fit,0.5,0.02,core,0,1.0,0.0361,0.023848584234767448,1.0000000002476677,360,0.2995,0.95,0.5119,0.8028,0.3567,0.8528,0.6576,0.6472
half,single_exp_fit,0.5,0.02,holdout,0,1.0,0.075,0.02656524865224493,1.0211019966864165,120,0.3566,0.9333,0.6254,0.725,0.2921,0.95,0.8088,0.5833
half,double_exp_fit,0.5,0.02,core,0,1.0,0.0389,0.02206805120892917,0.9496585715416783,360,0.2628,0.9583,0.4529,0.8056,0.363,0.8778,0.6146,0.6694
half,double_exp_fit,0.5,0.02,holdout,0,0.9917,0.075,0.026025718621267374,1.0211618109433358,120,0.3382,0.925,0.6117,0.7167,0.2732,0.9417,0.762,0.5833
half,rational_fit,0.5,0.02,core,0,1.0,0.0417,0.018775808337895945,0.9581249425908562,360,0.231,0.9056,0.3801,0.8139,0.2643,0.8528,0.4899,0.7028
half,rational_fit,0.5,0.02,holdout,0,1.0,0.0583,0.01583846494865008,0.5766780542890622,120,0.1663,0.8667,0.3513,0.7,0.1995,0.975,0.532,0.675
half,log_fit,0.5,0.02,core,0,1.0,0.0694,0.03899651065436337,1.4038932005197107,360,0.4153,0.7611,0.7156,0.6083,0.5403,0.925,1.1753,0.4472
half,log_fit,0.5,0.02,holdout,0,1.0,0.0833,0.03780691031887869,1.4132401254433788,120,0.5503,0.7167,0.8308,0.575,0.518,0.9917,1.3453,0.425
half,log_linear,0.5,0.02,core,0,0.9,0.1667,0.014855062290578001,0.5621377811273871,360,0.157,0.8222,0.2872,0.7528,0.1647,0.8056,0.4365,0.7
half,log_linear,0.5,0.02,holdout,0,0.9,0.1167,0.017286940269085407,0.5623680190452032,120,0.1808,0.825,0.2934,0.6833,0.175,0.8667,0.4846,0.575
half,stability_weighted,0.5,0.02,core,0,1.0,0.05,0.05085547712587722,1.7214845927122528,360,0.5443,0.8028,0.9529,0.5444,0.5652,0.8083,1.3418,0.3667
half,stability_weighted,0.5,0.02,holdout,0,1.0,0.0583,0.04496547239140313,1.576005753674028,120,0.4608,0.8,0.9588,0.55,0.4379,0.9,1.5292,0.2833
half,median_ensemble,0.5,0.02,core,0,1.0,0.0222,0.05730269231502305,1.5675591790668757,360,0.5404,0.8806,0.9194,0.6194,0.5676,0.85,1.2814,0.3472
half,median_ensemble,0.5,0.02,holdout,0,1.0,0.0333,0.046507772529627754,1.4602664938054066,120,0.486,0.8417,0.9242,0.6,0.4571,0.975,1.3546,0.275
half,constant_assumed,0.5,0.02,core,0,1.0,0.15,0.09720106675557719,3.452325954412054,360,1.0,0.0,1.5096,0.2389,0.9609,0.525,2.3382,0.1444
half,constant_assumed,0.5,0.02,holdout,0,1.0,0.1333,0.08440512442301909,3.1999638448500995,120,1.0,0.0,1.7797,0.1917,0.888,0.5833,2.3664,0.1
half,richardson_1,0.1,0.02,core,40,1.0,0.1156,0.03308462523005916,1.6793496606865106,320,0.6954,0.575,0.4123,0.7906,0.2612,0.8313,0.4685,0.6906
half,richardson_1,0.1,0.02,holdout,1,1.0,0.0168,0.02441932038665741,0.9998883762361824,119,0.5987,0.6134,0.3156,0.7563,0.2463,0.9664,0.4339,0.7059
half,richardson_2,0.1,0.02,core,40,1.0,0.1125,0.027629825382212987,1.786225660114194,320,0.7932,0.5437,0.4285,0.7656,0.2441,0.8125,0.5145,0.6594
half,richardson_2,0.1,0.02,holdout,1,1.0,0.0252,0.03147357677275449,1.2343343813665222,119,0.8105,0.563,0.361,0.7395,0.2684,0.9328,0.5532,0.6807
half,richardson_3,0.1,0.02,core,40,0.9969,0.1187,0.025745011819449125,1.8260477544678952,320,0.7826,0.5469,0.4209,0.7562,0.2297,0.7906,0.5454,0.65
half,richardson_3,0.1,0.02,holdout,1,1.0,0.0336,0.02990591497652387,1.3145805030639532,119,0.8339,0.5294,0.4118,0.7227,0.2698,0.8992,0.6509,0.6218
half,single_exp_fit,0.1,0.02,core,40,1.0,0.0281,0.039549652544358924,1.629251151551236,320,0.9109,0.5188,0.5814,0.8469,0.4084,0.8625,0.8043,0.625
half,single_exp_fit,0.1,0.02,holdout,1,1.0,0.042,0.03834179846081173,1.607917316169147,119,1.1659,0.4538,0.571,0.8151,0.44,0.9496,0.7973,0.6303
half,double_exp_fit,0.1,0.02,core,40,1.0,0.0281,0.0269306197669269,1.3684718523731432,320,0.7802,0.5813,0.521,0.8469,0.3633,0.9,0.7016,0.6531
half,double_exp_fit,0.1,0.02,holdout,1,0.9916,0.0504,0.0349106210446885,1.54654062304427,119,1.1805,0.4454,0.5619,0.7899,0.427,0.9244,0.7397,0.6471
half,rational_fit,0.1,0.02,core,40,1.0,0.05,0.028951976959291713,1.6462166610869646,320,0.7042,0.5656,0.4191,0.8219,0.2589,0.8219,0.4867,0.6687
half,rational_fit,0.1,0.02,holdout,1,1.0,0.0252,0.028683092008009725,0.8779392723711603,119,0.5784,0.5714,0.35,0.7647,0.2316,0.9496,0.4755,0.7059
half,log_fit,0.1,0.02,core,40,1.0,0.0594,0.06876316365056595,2.847619519495237,320,1.5353,0.4344,0.6835,0.65,0.5445,0.9094,1.0403,0.4719
half,log_fit,0.1,0.02,holdout,1,1.0,0.0084,0.05212658054603869,2.025895557193791,119,1.3296,0.437,0.7018,0.6975,0.5003,0.9748,0.9677,0.521
half,log_linear,0.1,0.02,core,40,0.8656,0.1875,0.024886099466741946,0.9769537712006001,320,0.45,0.6625,0.2913,0.7188,0.1871,0.7656,0.3603,0.6781
half,log_linear,0.1,0.02,holdout,1,0.8992,0.1176,0.032911144367739176,1.006844594448845,119,0.496,0.6471,0.3071,0.8067,0.1854,0.8403,0.4815,0.6723
half,stability_weighted,0.1,0.02,core,40,1.0,0.0406,0.07827207247172997,3.3097656139381986,320,1.8429,0.3719,0.9052,0.5844,0.6357,0.825,1.2814,0.3187
half,stability_weighted,0.1,0.02,holdout,1,1.0,0.042,0.0835589833910384,2.3465563277860326,119,1.6672,0.3782,0.9507,0.5966,0.5381,0.9244,1.2265,0.3277
half,median_ensemble,0.1,0.02,core,40,1.0,0.025,0.08910309070977268,3.22031872518572,320,1.7652,0.3594,0.9436,0.6219,0.6498,0.8719,1.2314,0.2594
half,median_ensemble,0.1,0.02,holdout,1,1.0,0.0252,0.08251217347244871,2.358654653113639,119,1.5958,0.3613,0.9386,0.6807,0.5862,0.9748,1.2187,0.2437
half,constant_assumed,0.1,0.02,core,40,1.0,0.1219,0.032157436434090206,1.0,320,1.0,0.0,0.4736,0.675,0.3103,0.75,0.8141,0.5531
half,constant_assumed,0.1,0.02,holdout,1,1.0,0.0504,0.03482300737669601,1.0,119,1.0,0.0,0.5107,0.6891,0.3139,0.7731,0.6894,0.563
oracle,richardson_1,0.5,0.0,core,0,1.0,0.0194,0.015200403364137232,0.4489924420188093,360,0.4017,0.6611,0.2995,0.7694,0.2059,0.8667,0.2896,0.8028
oracle,richardson_1,0.5,0.0,holdout,0,1.0,0.0,0.004928691390243298,0.19407993004291954,120,0.1941,0.8333,0.1917,0.8333,0.0773,1.0,0.1917,0.8333
oracle,richardson_2,0.5,0.0,core,0,0.9778,0.0889,0.01175618389576108,0.40688796462541466,360,0.3909,0.6417,0.3208,0.7528,0.1883,0.8278,0.2567,0.7861
oracle,richardson_2,0.5,0.0,holdout,0,1.0,0.0,0.003939640212504397,0.1288578749917799,120,0.1289,0.8333,0.1273,0.8417,0.0514,1.0,0.1273,0.8417
oracle,richardson_3,0.5,0.0,core,0,0.9611,0.0583,0.01002009218245034,0.47468475969866175,360,0.38,0.6389,0.316,0.7583,0.1882,0.8,0.2423,0.7889
oracle,richardson_3,0.5,0.0,holdout,0,0.9667,0.0333,0.003802937239348436,0.12885782834706178,120,0.1289,0.8,0.1273,0.8083,0.0514,0.9667,0.1273,0.8083
oracle,single_exp_fit,0.5,0.0,core,0,1.0,0.0056,0.020517259580893468,0.6315709206343558,360,0.6291,0.7639,0.4673,0.8944,0.2866,0.8806,0.4649,0.8889
oracle,single_exp_fit,0.5,0.0,holdout,0,1.0,0.0,0.026595563031076644,0.5690001201001965,120,0.569,0.975,0.562,1.0,0.2268,1.0,0.562,1.0
oracle,double_exp_fit,0.5,0.0,core,0,0.9806,0.025,0.011785934435207923,0.2614584212641407,360,0.2615,0.8,0.1997,0.8778,0.1269,0.8806,0.1578,0.8694
oracle,double_exp_fit,0.5,0.0,holdout,0,1.0,0.0,0.009560783745168798,0.4770724630580795,120,0.4771,0.975,0.4759,1.0,0.1634,1.0,0.4759,1.0
oracle,rational_fit,0.5,0.0,core,0,1.0,0.0056,0.016586180960662503,0.48341440776908406,360,0.3382,0.725,0.3079,0.8417,0.1998,0.85,0.2394,0.8444
oracle,rational_fit,0.5,0.0,holdout,0,1.0,0.0,0.006495355740661679,0.19567910066984529,120,0.1957,0.8417,0.1953,0.85,0.1057,1.0,0.1953,0.85
oracle,log_fit,0.5,0.0,core,0,1.0,0.0417,0.038547080650034336,0.9999999993507254,360,0.9194,0.55,0.8106,0.6306,0.5348,0.925,0.8475,0.6611
oracle,log_fit,0.5,0.0,holdout,0,1.0,0.0,0.03890905174415988,0.8196914304472547,120,0.8197,0.6167,0.8145,0.6167,0.4607,1.0,0.8145,0.6167
oracle,log_linear,0.5,0.0,core,0,0.8889,0.1667,0.016333354306954012,0.37544244824647355,360,0.3408,0.7778,0.3384,0.8333,0.176,0.8333,0.372,0.8333
oracle,log_linear,0.5,0.0,holdout,0,1.0,0.0,0.023007547262064408,0.2878668947966297,120,0.2879,0.8333,0.2873,0.8333,0.1751,1.0,0.2873,0.8333
oracle,stability_weighted,0.5,0.0,core,0,1.0,0.0194,0.01911446839220074,0.8556523050118934,360,0.8557,0.6861,0.755,0.7556,0.4177,0.875,0.732,0.7889
oracle,stability_weighted,0.5,0.0,holdout,0,1.0,0.0,0.030413915593756002,0.45650042093379134,120,0.4565,0.8333,0.4534,0.8333,0.2166,1.0,0.4534,0.8333
oracle,median_ensemble,0.5,0.0,core,0,1.0,0.0111,0.013201009316560763,0.6633050722800151,360,0.6633,0.7361,0.6351,0.8222,0.3114,0.9,0.524,0.8333
oracle,median_ensemble,0.5,0.0,holdout,0,1.0,0.0,0.004376608117869128,0.1555712917988057,120,0.1556,0.9917,0.1543,1.0,0.0687,1.0,0.1543,1.0
oracle,constant_assumed,0.5,0.0,core,0,1.0,0.0,0.0579106984855413,1.0,360,1.0,0.0,0.9937,0.9722,0.5583,0.8889,0.9944,0.8611
oracle,constant_assumed,0.5,0.0,holdout,0,1.0,0.0,0.04551490801274613,1.0,120,1.0,0.0,0.9932,1.0,0.5495,1.0,0.9932,1.0
oracle,richardson_1,0.1,0.0,core,40,1.0,0.1,0.0297340608937429,4.242812042084021,320,4.2428,0.2281,0.3709,0.8063,0.2481,0.8438,0.314,0.8438
oracle,richardson_1,0.1,0.0,holdout,1,1.0,0.0,0.014470397776058366,1.1712331618017988,119,1.1712,0.4622,0.1298,0.8487,0.0935,1.0,0.1298,0.8487
oracle,richardson_2,0.1,0.0,core,40,0.975,0.1062,0.026282136391718502,3.9730270939790744,320,3.973,0.2344,0.364,0.7719,0.2109,0.8,0.3236,0.825
oracle,richardson_2,0.1,0.0,holdout,1,1.0,0.0,0.015624636599679928,1.140808637449207,119,1.1408,0.4874,0.1254,0.8655,0.0924,1.0,0.1254,0.8655
oracle,richardson_3,0.1,0.0,core,40,0.9563,0.1313,0.019095716487563256,3.506080050138918,320,3.5061,0.2313,0.3434,0.7531,0.2137,0.7562,0.3236,0.8031
oracle,richardson_3,0.1,0.0,holdout,1,0.9664,0.0336,0.009742660468292308,0.9749850185247891,119,0.975,0.4958,0.1083,0.8487,0.075,0.9664,0.1083,0.8487
oracle,single_exp_fit,0.1,0.0,core,40,1.0,0.0094,0.03654884845142794,6.150810175740011,320,6.0984,0.1875,0.6445,0.9625,0.467,0.8969,0.6644,0.9375
oracle,single_exp_fit,0.1,0.0,holdout,1,1.0,0.0,0.03421629974606033,6.435134068633055,119,6.4351,0.0168,0.7071,0.9916,0.4141,1.0,0.7071,0.9916
oracle,double_exp_fit,0.1,0.0,core,40,0.9781,0.0281,0.024250680562366622,4.291171253221817,320,4.2912,0.2281,0.4049,0.925,0.3603,0.9,0.3828,0.8969
oracle,double_exp_fit,0.1,0.0,holdout,1,1.0,0.0,0.028506975217988728,3.4983511544891996,119,3.4984,0.084,0.3817,0.9916,0.2192,1.0,0.3817,0.9916
oracle,rational_fit,0.1,0.0,core,40,1.0,0.0125,0.029994636793747118,3.492971726839807,320,3.493,0.1469,0.2558,0.8625,0.1853,0.8313,0.2501,0.8438
oracle,rational_fit,0.1,0.0,holdout,1,1.0,0.0,0.0052710940716071825,1.87100876654116,119,1.871,0.4034,0.2079,0.8655,0.1429,1.0,0.2079,0.8655
oracle,log_fit,0.1,0.0,core,40,1.0,0.0094,0.06820258293945625,7.931736405731799,320,6.7573,0.0531,0.6478,0.6781,0.5363,0.9094,0.6439,0.6625
oracle,log_fit,0.1,0.0,holdout,1,1.0,0.0,0.051120699230478926,7.359385743068608,119,7.3594,0.0672,0.8159,0.7311,0.5374,0.9916,0.8159,0.7311
oracle,log_linear,0.1,0.0,core,40,0.8125,0.1875,0.014014450021741037,2.608186548827521,320,2.6082,0.3125,0.276,0.8125,0.1026,0.8125,0.276,0.8125
oracle,log_linear,0.1,0.0,holdout,1,1.0,0.0,0.037850536512856386,2.4282414091115596,119,2.4282,0.3025,0.2692,1.0,0.1939,1.0,0.2692,1.0
oracle,stability_weighted,0.1,0.0,core,40,1.0,0.0219,0.023834486483573704,3.322526730417083,320,3.2828,0.1938,0.3614,0.8187,0.2564,0.9187,0.3377,0.8
oracle,stability_weighted,0.1,0.0,holdout,1,1.0,0.0,0.01815998908794275,1.9912341710305277,119,1.9912,0.0756,0.2117,1.0,0.1546,1.0,0.2117,1.0
oracle,median_ensemble,0.1,0.0,core,40,1.0,0.0125,0.0209900827631845,1.9520611461322361,320,1.9521,0.2281,0.2168,0.825,0.1555,0.9156,0.1999,0.8125
oracle,median_ensemble,0.1,0.0,holdout,1,1.0,0.0,0.01398381063443142,1.9314974237740747,119,1.9315,0.1597,0.2145,1.0,0.1474,1.0,0.2145,1.0
oracle,constant_assumed,0.1,0.0,core,40,1.0,0.0,0.00772632880894808,1.0,320,1.0,0.0,0.111,1.0,0.0751,1.0,0.111,0.9375
oracle,constant_assumed,0.1,0.0,holdout,1,1.0,0.0,0.009160292328224663,1.0,119,1.0,0.0,0.1103,1.0,0.0764,1.0,0.1103,1.0
oracle,richardson_1,0.5,0.005,core,0,1.0,0.0333,0.017663370702756767,0.5399572815800372,360,0.4305,0.6556,0.3797,0.7667,0.2264,0.8667,0.4242,0.7778
oracle,richardson_1,0.5,0.005,holdout,0,1.0,0.0,0.009429176796447516,0.3328485417958228,120,0.2753,0.8083,0.2747,0.7917,0.1566,1.0,0.3328,0.675
oracle,richardson_2,0.5,0.005,core,0,1.0,0.0778,0.015226317309879486,0.5222084767611825,360,0.425,0.6611,0.3875,0.7861,0.2192,0.8389,0.3885,0.7944
oracle,richardson_2,0.5,0.005,holdout,0,1.0,0.0,0.00963996754597625,0.30499024293872556,120,0.2705,0.8083,0.2644,0.7917,0.1545,0.9917,0.305,0.6917
oracle,richardson_3,0.5,0.005,core,0,0.9944,0.0472,0.016045115113792613,0.5946207906131816,360,0.4386,0.6528,0.3995,0.7806,0.2157,0.8111,0.3986,0.775
oracle,richardson_3,0.5,0.005,holdout,0,1.0,0.0083,0.009468524355313618,0.2980094010552904,120,0.2383,0.7917,0.2307,0.775,0.1369,0.9833,0.298,0.675
oracle,single_exp_fit,0.5,0.005,core,0,1.0,0.0056,0.02106491704805294,0.9064353716040545,360,0.6273,0.7778,0.4778,0.8917,0.3099,0.8583,0.4743,0.7917
oracle,single_exp_fit,0.5,0.005,holdout,0,1.0,0.0167,0.020780373064740218,0.6559407527955916,120,0.5325,0.9333,0.5004,0.9167,0.2428,0.9917,0.6483,0.775
oracle,double_exp_fit,0.5,0.005,core,0,0.9833,0.0222,0.018022432179245262,0.6344009458765081,360,0.4577,0.7917,0.3778,0.8528,0.2887,0.8528,0.3924,0.7944
oracle,double_exp_fit,0.5,0.005,holdout,0,1.0,0.0167,0.016512766029476586,0.5537667783939194,120,0.4383,0.9333,0.4313,0.9083,0.1861,0.9917,0.5538,0.7667
oracle,rational_fit,0.5,0.005,core,0,1.0,0.0194,0.016429306551769038,0.5203532511447562,360,0.3702,0.7222,0.3107,0.85,0.2126,0.8611,0.3427,0.825
oracle,rational_fit,0.5,0.005,holdout,0,1.0,0.0,0.0084598371973876,0.3249644286766215,120,0.2423,0.8167,0.2435,0.825,0.1174,0.9917,0.325,0.7167
oracle,log_fit,0.5,0.005,core,0,1.0,0.0417,0.03880938836839749,1.1562114981460203,360,0.9206,0.5472,0.7722,0.6139,0.5354,0.9306,0.9386,0.5472
oracle,log_fit,0.5,0.005,holdout,0,1.0,0.0,0.03931943455060905,1.1046310634933767,120,0.8195,0.6167,0.8359,0.6167,0.4633,1.0,1.1046,0.4083
oracle,log_linear,0.5,0.005,core,0,0.8889,0.1667,0.015449129018073958,0.38370050478100526,360,0.3489,0.7778,0.3457,0.8167,0.172,0.8333,0.3821,0.7639
oracle,log_linear,0.5,0.005,holdout,0,1.0,0.0,0.020615872973991527,0.31067792814575035,120,0.2698,0.8333,0.2706,0.825,0.1638,1.0,0.3103,0.7667
oracle,stability_weighted,0.5,0.005,core,0,1.0,0.0167,0.058419814382386845,1.2260748943133364,360,1.0218,0.4444,0.989,0.525,0.5808,0.7972,1.0951,0.3361
oracle,stability_weighted,0.5,0.005,holdout,0,1.0,0.0083,0.043947181345886564,1.10196706196416,120,0.959,0.5917,0.9438,0.6333,0.429,0.975,1.0862,0.35
oracle,median_ensemble,0.5,0.005,core,0,1.0,0.0083,0.06739601631707202,1.2120891099608584,360,1.01,0.4611,0.9891,0.5917,0.6016,0.8278,1.0996,0.2389
oracle,median_ensemble,0.5,0.005,holdout,0,1.0,0.0083,0.0522678068149105,1.133425125903922,120,1.0133,0.4417,0.9903,0.5667,0.5163,1.0,1.1036,0.125
oracle,constant_assumed,0.5,0.005,core,0,1.0,0.0028,0.0579106984855413,1.0749560797299578,360,1.0,0.0,0.9818,0.5806,0.5532,0.8889,1.0741,0.225
oracle,constant_assumed,0.5,0.005,holdout,0,1.0,0.0083,0.04551490801274613,1.086091049105557,120,1.0,0.0,0.968,0.6167,0.5609,1.0,1.0861,0.2083
oracle,richardson_1,0.1,0.005,core,40,1.0,0.0875,0.03041407856453314,4.651895819289058,320,4.6519,0.1187,0.3941,0.8,0.2621,0.8344,0.381,0.8125
oracle,richardson_1,0.1,0.005,holdout,1,1.0,0.0084,0.021815989390018782,2.338027214938626,119,2.338,0.1681,0.2657,0.7983,0.186,0.9748,0.3363,0.7563
oracle,richardson_2,0.1,0.005,core,40,1.0,0.0844,0.02513381529638483,4.973487634141292,320,4.9735,0.1469,0.4068,0.7937,0.2434,0.8125,0.3912,0.8313
oracle,richardson_2,0.1,0.005,holdout,1,1.0,0.0084,0.019789023878011777,2.605585540626139,119,2.6056,0.1849,0.264,0.8235,0.186,0.9748,0.3177,0.7479
oracle,richardson_3,0.1,0.005,core,40,0.9938,0.1,0.021816834219173714,4.05188139084653,320,4.0519,0.1562,0.4022,0.7656,0.2304,0.7812,0.4049,0.8156
oracle,richardson_3,0.1,0.005,holdout,1,1.0,0.0168,0.018907185316769104,2.4450932672315524,119,2.4451,0.2269,0.2443,0.7983,0.1615,0.9496,0.2945,0.7563
oracle,single_exp_fit,0.1,0.005,core,40,1.0,0.0063,0.03482450977697776,6.380731809103146,320,6.0516,0.1344,0.6061,0.9469,0.453,0.8719,0.6332,0.875
oracle,single_exp_fit,0.1,0.005,holdout,1,1.0,0.0084,0.03613352952589102,6.055716082261053,119,6.0557,0.0168,0.6511,0.9244,0.4423,0.9916,0.7164,0.7899
oracle,double_exp_fit,0.1,0.005,core,40,0.9812,0.025,0.027284378086546386,6.18316905461744,320,5.6015,0.1313,0.5288,0.8625,0.3974,0.8594,0.422,0.7969
oracle,double_exp_fit,0.1,0.005,holdout,1,1.0,0.0084,0.030855866297061635,5.106667513126105,119,5.1067,0.0672,0.5724,0.8824,0.3658,0.9748,0.635,0.7479
oracle,rational_fit,0.1,0.005,core,40,1.0,0.0094,0.026969964897888637,4.040769353066719,320,4.0408,0.15,0.3239,0.8688,0.2142,0.8406,0.309,0.8281
oracle,rational_fit,0.1,0.005,holdout,1,1.0,0.0,0.015918982411829742,2.5177950037435175,119,2.5178,0.2857,0.2548,0.8403,0.1862,0.9916,0.2962,0.8151
oracle,log_fit,0.1,0.005,core,40,1.0,0.0125,0.06844420026189485,8.028693868384773,320,6.9081,0.05,0.6452,0.6969,0.5372,0.9094,0.7521,0.6344
oracle,log_fit,0.1,0.005,holdout,1,1.0,0.0,0.05139823109825626,6.95583666751104,119,6.9558,0.0672,0.7331,0.6891,0.5313,1.0,0.8432,0.605
oracle,log_linear,0.1,0.005,core,40,0.8125,0.1875,0.014711444820373926,2.5057480295879144,320,2.5057,0.3094,0.2644,0.8125,0.099,0.8125,0.3109,0.8125
oracle,log_linear,0.1,0.005,holdout,1,1.0,0.0,0.0355449360547318,2.280329251951438,119,2.2803,0.3277,0.2538,1.0,0.1823,1.0,0.2612,1.0
oracle,stability_weighted,0.1,0.005,core,40,1.0,0.0125,0.08670248578226986,9.132212436900282,320,8.981,0.0,0.9801,0.5719,0.6758,0.85,1.028,0.3812
oracle,stability_weighted,0.1,0.005,holdout,1,1.0,0.0,0.06468031165542129,7.811838917647899,119,7.8118,0.0252,0.8724,0.7059,0.5198,0.9832,0.9831,0.5042
oracle,median_ensemble,0.1,0.005,core,40,1.0,0.0063,0.09674452349628482,9.056958937435983,320,9.0351,0.0031,0.9939,0.5875,0.6988,0.8594,1.0434,0.2687
oracle,median_ensemble,0.1,0.005,holdout,1,1.0,0.0,0.08934915556534434,9.051051988487917,119,9.0511,0.0,0.9843,0.6639,0.6367,1.0,1.049,0.1597
oracle,constant_assumed,0.1,0.005,core,40,1.0,0.0,0.00772632880894808,1.0,320,1.0,0.0,0.1098,1.0,0.0746,1.0,0.1153,0.9375
oracle,constant_assumed,0.1,0.005,holdout,1,1.0,0.0,0.009160292328224663,1.0,119,1.0,0.0,0.1086,1.0,0.0772,1.0,0.116,1.0
oracle,richardson_1,0.5,0.02,core,0,1.0,0.0694,0.019702938160650794,1.145287348201431,360,0.5146,0.6639,0.4305,0.7861,0.2449,0.8639,0.6184,0.6556
oracle,richardson_1,0.5,0.02,holdout,0,1.0,0.0417,0.014543559612626772,0.6426572264415404,120,0.3282,0.7917,0.3086,0.7333,0.1813,0.9917,0.4508,0.7
oracle,richardson_2,0.5,0.02,core,0,1.0,0.0917,0.01979116069646085,1.1164297086402408,360,0.5479,0.6583,0.4675,0.7944,0.2465,0.8389,0.6228,0.6694
oracle,richardson_2,0.5,0.02,holdout,0,1.0,0.0333,0.016706171399697357,0.6363654373908463,120,0.3467,0.7417,0.3421,0.725,0.2003,0.975,0.5085,0.6833
oracle,richardson_3,0.5,0.02,core,0,0.9972,0.0722,0.02040908356729576,1.2015975634134708,360,0.5179,0.65,0.449,0.775,0.256,0.8278,0.5915,0.6556
oracle,richardson_3,0.5,0.02,holdout,0,1.0,0.0417,0.016564537864552132,0.9157621406141789,120,0.3738,0.725,0.3553,0.6917,0.2088,0.95,0.5896,0.625
oracle,single_exp_fit,0.5,0.02,core,0,1.0,0.0361,0.023848422380983086,1.0961982331695688,360,0.709,0.6917,0.511,0.8028,0.3567,0.85,0.6576,0.6472
oracle,single_exp_fit,0.5,0.02,holdout,0,1.0,0.075,0.02656491284044622,1.0439885831151363,120,0.7359,0.7583,0.6254,0.725,0.2921,0.95,0.8088,0.5833
oracle,double_exp_fit,0.5,0.02,core,0,0.9972,0.0417,0.021666957842193635,1.0000000133604607,360,0.6065,0.7167,0.4386,0.8083,0.3602,0.85,0.5997,0.6694
oracle,double_exp_fit,0.5,0.02,holdout,0,1.0,0.0667,0.02629089361687939,1.0622935868456769,120,0.7599,0.75,0.6437,0.725,0.3043,0.95,0.8168,0.5667
oracle,rational_fit,0.5,0.02,core,0,1.0,0.0417,0.01877580777426118,1.000000039274556,360,0.4677,0.6972,0.3801,0.8139,0.2643,0.85,0.49,0.7028
oracle,rational_fit,0.5,0.02,holdout,0,1.0,0.0583,0.01583876020147649,0.6250066982405307,120,0.3793,0.7583,0.3513,0.7,0.1995,0.975,0.532,0.675
oracle,log_fit,0.5,0.02,core,0,1.0,0.0694,0.038996511094853234,1.675325511576643,360,0.9071,0.5278,0.7156,0.6083,0.5403,0.9278,1.1753,0.4472
oracle,log_fit,0.5,0.02,holdout,0,1.0,0.0833,0.037806910306181676,1.4308858114499499,120,0.9172,0.5833,0.8308,0.575,0.518,0.9917,1.3453,0.425
oracle,log_linear,0.5,0.02,core,0,0.7,0.3028,0.016747463445922435,0.4856222059431235,360,0.2842,0.6444,0.2709,0.6667,0.1596,0.7,0.4816,0.5639
oracle,log_linear,0.5,0.02,holdout,0,0.7917,0.225,0.021751763682335057,0.49016132163402387,120,0.2957,0.625,0.3066,0.6167,0.1749,0.7917,0.4618,0.55
oracle,stability_weighted,0.5,0.02,core,0,1.0,0.05,0.05085547709369595,1.9129160358602202,360,1.044,0.4639,0.9529,0.5444,0.5652,0.8083,1.3418,0.3667
oracle,stability_weighted,0.5,0.02,holdout,0,1.0,0.0583,0.044965472397361844,1.6483833710401206,120,1.032,0.4667,0.9588,0.55,0.4378,0.9,1.5292,0.2833
oracle,median_ensemble,0.5,0.02,core,0,1.0,0.0222,0.057302433072386263,1.766041694000889,360,0.9803,0.5139,0.9194,0.6194,0.5676,0.85,1.2814,0.3472
oracle,median_ensemble,0.5,0.02,holdout,0,1.0,0.0333,0.046507772529627754,1.4939728736692461,120,0.9451,0.5833,0.9242,0.6,0.4571,0.975,1.3546,0.275
oracle,constant_assumed,0.5,0.02,core,0,1.0,0.0306,0.0579106984855413,1.530855242784387,360,1.0,0.0,0.9026,0.5889,0.5526,0.8889,1.3261,0.3583
oracle,constant_assumed,0.5,0.02,holdout,0,1.0,0.05,0.04551490801274613,1.5003712110488028,120,1.0,0.0,0.9301,0.5917,0.5702,1.0,1.4207,0.2417
oracle,richardson_1,0.1,0.02,core,40,1.0,0.1156,0.033084626614429145,5.367190846647809,320,4.7411,0.1125,0.4123,0.7906,0.2612,0.8313,0.4685,0.6906
oracle,richardson_1,0.1,0.02,holdout,1,1.0,0.0168,0.024419262051914317,3.278894464651999,119,3.2551,0.1849,0.3156,0.7563,0.2464,0.9664,0.4339,0.7059
oracle,richardson_2,0.1,0.02,core,40,1.0,0.1094,0.02801718302855848,5.539602283141738,320,5.1259,0.1062,0.423,0.7688,0.2441,0.8125,0.5119,0.6625
oracle,richardson_2,0.1,0.02,holdout,1,1.0,0.0252,0.030394524380006616,3.672806590578614,119,3.6728,0.1176,0.361,0.7395,0.2706,0.9328,0.5532,0.6723
oracle,richardson_3,0.1,0.02,core,40,0.9969,0.1187,0.025505574702808564,4.832268674985945,320,4.4638,0.1219,0.4163,0.7562,0.2297,0.7844,0.5412,0.65
oracle,richardson_3,0.1,0.02,holdout,1,1.0,0.0336,0.029449122821490065,3.621352378983967,119,3.6214,0.1176,0.3728,0.7227,0.2696,0.9076,0.6122,0.6303
oracle,single_exp_fit,0.1,0.02,core,40,1.0,0.0281,0.03954986328190667,6.396367082867782,320,6.1001,0.0594,0.5792,0.85,0.4083,0.8594,0.8043,0.625
oracle,single_exp_fit,0.1,0.02,holdout,1,1.0,0.042,0.038343175295206616,6.296180695148236,119,6.2962,0.0672,0.571,0.8151,0.44,0.9496,0.7971,0.6303
oracle,double_exp_fit,0.1,0.02,core,40,0.9969,0.0312,0.026734109220521052,6.103683280172403,320,5.9601,0.0969,0.5181,0.825,0.3698,0.8562,0.7212,0.6281
oracle,double_exp_fit,0.1,0.02,holdout,1,1.0,0.042,0.03612337131477842,6.10950306647147,119,6.072,0.084,0.5647,0.7815,0.4384,0.9244,0.7964,0.6134
oracle,rational_fit,0.1,0.02,core,40,1.0,0.05,0.028951977248410914,5.391892630416574,320,5.2015,0.1062,0.4191,0.8219,0.2589,0.825,0.4867,0.6687
oracle,rational_fit,0.1,0.02,holdout,1,1.0,0.0252,0.028683087369054994,3.203734906933651,119,3.2037,0.2101,0.35,0.7647,0.2316,0.9496,0.4755,0.7059
oracle,log_fit,0.1,0.02,core,40,1.0,0.0594,0.0687631636566299,7.1536152919373635,320,6.9667,0.0563,0.6835,0.65,0.5446,0.9125,1.0403,0.4719
oracle,log_fit,0.1,0.02,holdout,1,1.0,0.0084,0.052126587664870994,6.807145128063179,119,6.6536,0.042,0.7018,0.6975,0.5003,0.9748,0.9677,0.521
oracle,log_linear,0.1,0.02,core,40,0.6625,0.3406,0.024896653149164998,2.569383566999789,320,2.4181,0.2125,0.2495,0.6562,0.1248,0.6625,0.3956,0.6219
oracle,log_linear,0.1,0.02,holdout,1,0.7899,0.2101,0.03928606762266136,2.535227492681564,119,2.5352,0.2101,0.2729,0.7815,0.1976,0.7899,0.3966,0.7311
oracle,stability_weighted,0.1,0.02,core,40,1.0,0.0406,0.07827296246468014,8.939185618661316,320,8.8174,0.0094,0.9052,0.5844,0.6357,0.825,1.2814,0.3187
oracle,stability_weighted,0.1,0.02,holdout,1,1.0,0.042,0.08355898338249412,8.814803092634161,119,8.7452,0.0252,0.9507,0.5966,0.5381,0.9244,1.2265,0.3277
oracle,median_ensemble,0.1,0.02,core,40,1.0,0.025,0.08910309070977268,8.88511327804299,320,8.8515,0.0063,0.9436,0.6219,0.6498,0.8719,1.2314,0.2594
oracle,median_ensemble,0.1,0.02,holdout,1,1.0,0.0252,0.0825121734951258,8.584253350934716,119,8.5028,0.0252,0.9386,0.6807,0.5862,0.9748,1.2187,0.2437
oracle,constant_assumed,0.1,0.02,core,40,1.0,0.0063,0.00772632880894808,1.0,320,1.0,0.0,0.1041,0.9844,0.0742,1.0,0.1417,0.9625
oracle,constant_assumed,0.1,0.02,holdout,1,1.0,0.0,0.009160292328224663,1.0,119,1.0,0.0,0.1074,0.9832,0.0783,1.0,0.136,0.958
double,richardson_1,0.5,0.0,core,0,1.0,0.0194,0.015200405094984076,0.5057537648661274,360,0.2185,0.7861,0.2997,0.7694,0.2059,0.8667,0.2896,0.8028
double,richardson_1,0.5,0.0,holdout,0,1.0,0.0,0.0049286997206194755,0.27882405094326557,120,0.2052,0.7833,0.1917,0.8333,0.0773,1.0,0.1917,0.8333
double,richardson_2,0.5,0.0,core,0,0.975,0.0917,0.012015238809195777,0.4813989792090874,360,0.1689,0.7611,0.324,0.75,0.1887,0.8278,0.2332,0.7833
double,richardson_2,0.5,0.0,holdout,0,0.9917,0.0083,0.003939640486128937,0.2707760442061509,120,0.1969,0.8167,0.1273,0.8333,0.0514,0.9917,0.1273,0.8333
double,richardson_3,0.5,0.0,core,0,0.9611,0.0944,0.010020098576435599,0.5606135306553861,360,0.1783,0.7472,0.316,0.7556,0.1872,0.8083,0.2273,0.7889
double,richardson_3,0.5,0.0,holdout,0,0.9667,0.0333,0.003827789315115959,0.247134624525928,120,0.2055,0.7917,0.1273,0.8083,0.0514,0.9667,0.1273,0.8083
double,single_exp_fit,0.5,0.0,core,0,1.0,0.0056,0.02076105064445101,0.960454817771901,360,0.4619,0.6972,0.4673,0.9,0.2866,0.8694,0.4649,0.8833
double,single_exp_fit,0.5,0.0,holdout,0,1.0,0.0,0.02659556376310375,0.6603311781358389,120,0.5658,0.6667,0.562,0.9917,0.2268,0.9917,0.562,0.9917
double,double_exp_fit,0.5,0.0,core,0,0.9778,0.0306,0.012041530761616924,0.736421410704118,360,0.1743,0.7833,0.3079,0.8806,0.2857,0.8667,0.2205,0.8667
double,double_exp_fit,0.5,0.0,holdout,0,1.0,0.0,0.014449803066809437,0.6603163392633349,120,0.1824,0.675,0.562,1.0,0.2,1.0,0.562,1.0
double,rational_fit,0.5,0.0,core,0,1.0,0.0056,0.01658619722145077,0.5707973630134144,360,0.2579,0.8028,0.3079,0.8417,0.1998,0.85,0.2394,0.8444
double,rational_fit,0.5,0.0,holdout,0,1.0,0.0,0.006495355762895807,0.2417523093664872,120,0.1694,0.7667,0.1953,0.85,0.1057,1.0,0.1953,0.85
double,log_fit,0.5,0.0,core,0,1.0,0.0417,0.03854709156267884,1.3001890352100531,360,0.6483,0.5611,0.8106,0.6306,0.5348,0.925,0.8475,0.6611
double,log_fit,0.5,0.0,holdout,0,1.0,0.0,0.03890916453291284,1.2234979311912957,120,1.1298,0.4417,0.8145,0.6167,0.4607,1.0,0.8145,0.6167
double,log_linear,0.5,0.0,core,0,0.5694,0.45,0.02371999940973535,0.6988544781947001,360,0.6989,0.3194,0.3756,0.5444,0.2149,0.55,0.4175,0.5444
double,log_linear,0.5,0.0,holdout,0,0.6167,0.3833,0.025688284950302315,1.1495332573730153,120,1.1495,0.2417,0.3918,0.4833,0.2438,0.6167,0.3918,0.4833
double,stability_weighted,0.5,0.0,core,0,1.0,0.0194,0.019114468386467853,0.9780950615396253,360,0.4713,0.6611,0.755,0.7556,0.4177,0.875,0.732,0.7889
double,stability_weighted,0.5,0.0,holdout,0,1.0,0.0,0.030406954145397555,0.5256259460755477,120,0.3581,0.7417,0.4534,0.8333,0.2166,1.0,0.4534,0.8333
double,median_ensemble,0.5,0.0,core,0,1.0,0.0111,0.013201009316560763,0.9386937011323533,360,0.2277,0.7167,0.6351,0.8222,0.3114,0.9,0.524,0.8333
double,median_ensemble,0.5,0.0,holdout,0,1.0,0.0,0.004376608268509774,0.18650045906577883,120,0.1134,0.8083,0.1543,1.0,0.0687,1.0,0.1543,1.0
double,constant_assumed,0.5,0.0,core,0,1.0,0.2,0.06156339146721648,1.0,360,1.0,0.0,0.8646,0.5972,0.5889,0.6389,0.9141,0.5583
double,constant_assumed,0.5,0.0,holdout,0,1.0,0.1583,0.05212739868064911,1.0,120,1.0,0.0,0.8737,0.6167,0.482,0.7083,0.8737,0.6167
double,richardson_1,0.1,0.0,core,40,1.0,0.1,0.029734060662304343,1.230536332958175,320,0.4448,0.5875,0.3709,0.8063,0.2481,0.8438,0.314,0.8438
double,richardson_1,0.1,0.0,holdout,1,1.0,0.0,0.01447039953830187,0.2564848251990529,119,0.226,0.7227,0.1298,0.8487,0.0935,1.0,0.1298,0.8487
double,richardson_2,0.1,0.0,core,40,0.9719,0.1031,0.026282134417339564,1.1941229862206004,320,0.3713,0.5969,0.3662,0.7688,0.2171,0.8031,0.3236,0.8219
double,richardson_2,0.1,0.0,holdout,1,0.9916,0.0084,0.016191004378770954,0.22399323328662513,119,0.1423,0.7059,0.1281,0.8571,0.0933,0.9916,0.1281,0.8571
double,richardson_3,0.1,0.0,core,40,0.9563,0.1281,0.02047142301407917,1.1733843507964759,320,0.3582,0.6156,0.3388,0.7562,0.2086,0.7656,0.3236,0.8063
double,richardson_3,0.1,0.0,holdout,1,0.9664,0.0336,0.011304359244956992,0.18573698522948823,119,0.145,0.6807,0.1096,0.8487,0.075,0.9664,0.1096,0.8487
double,single_exp_fit,0.1,0.0,core,40,1.0,0.0063,0.03976251763255982,1.0944321263456804,320,0.7457,0.5687,0.6445,0.9625,0.467,0.8875,0.6644,0.9313
double,single_exp_fit,0.1,0.0,holdout,1,1.0,0.0,0.03421628874363797,0.9523742716069534,119,0.9221,0.521,0.7071,0.9832,0.4141,0.9916,0.7071,0.9832
double,double_exp_fit,0.1,0.0,core,40,0.975,0.0312,0.024250761239587547,0.7928889345516481,320,0.3944,0.6594,0.4298,0.9437,0.3603,0.8812,0.4049,0.9094
double,double_exp_fit,0.1,0.0,holdout,1,1.0,0.0,0.033465297627905496,0.8100367774763839,119,0.6873,0.6134,0.687,0.9916,0.4071,1.0,0.687,0.9916
double,rational_fit,0.1,0.0,core,40,1.0,0.0125,0.029994636847013853,1.2868541791269543,320,0.4579,0.6031,0.2558,0.8625,0.1853,0.8313,0.2501,0.8438
double,rational_fit,0.1,0.0,holdout,1,1.0,0.0,0.005271094187334069,0.3247457548588239,119,0.2616,0.6975,0.2079,0.8655,0.1429,1.0,0.2079,0.8655
double,log_fit,0.1,0.0,core,40,1.0,0.0094,0.06820258294125914,3.1421279317834596,320,1.2465,0.4844,0.6478,0.6781,0.5361,0.9062,0.6439,0.6625
double,log_fit,0.1,0.0,holdout,1,1.0,0.0,0.05112070527188289,1.2549578323959487,119,0.836,0.5126,0.8159,0.7311,0.5374,0.9916,0.8159,0.7311
double,log_linear,0.1,0.0,core,40,0.525,0.475,0.044722229162136765,2.1648059738284804,320,2.1648,0.0,0.4252,0.525,0.2441,0.525,0.4252,0.525
double,log_linear,0.1,0.0,holdout,1,0.6134,0.3866,0.057484342974865196,1.7580105785250164,119,1.758,0.0084,0.4994,0.605,0.2808,0.6134,0.4994,0.605
double,stability_weighted,0.1,0.0,core,40,1.0,0.0219,0.023834486485054658,1.1768253821192856,320,0.5772,0.5938,0.3614,0.8187,0.2564,0.9187,0.3377,0.8
double,stability_weighted,0.1,0.0,holdout,1,1.0,0.0,0.0181599890884451,0.42094537354419,119,0.3874,0.6807,0.2117,1.0,0.1546,1.0,0.2117,1.0
double,median_ensemble,0.1,0.0,core,40,1.0,0.0125,0.020990082700629117,1.1776679727623964,320,0.4488,0.6,0.2168,0.825,0.1555,0.9156,0.1999,0.8125
double,median_ensemble,0.1,0.0,holdout,1,1.0,0.0,0.01398381063443142,0.3312834915977881,119,0.2892,0.7059,0.2145,1.0,0.1474,1.0,0.2145,1.0
double,constant_assumed,0.1,0.0,core,40,1.0,0.1906,0.03482687710836012,1.0,320,1.0,0.0,0.5593,0.5719,0.3918,0.65,0.7175,0.5625
double,constant_assumed,0.1,0.0,holdout,1,1.0,0.1008,0.043181614969322754,1.0,119,1.0,0.0,0.6498,0.6134,0.4021,0.7059,0.6498,0.6134
double,richardson_1,0.5,0.005,core,0,1.0,0.0333,0.017663284935799897,0.628043494307549,360,0.3541,0.7528,0.3797,0.7667,0.2274,0.8639,0.4242,0.7778
double,richardson_1,0.5,0.005,holdout,0,1.0,0.0,0.00942911177063542,0.5643299577856368,120,0.3148,0.7417,0.2747,0.7917,0.1566,1.0,0.3328,0.675
double,richardson_2,0.5,0.005,core,0,1.0,0.075,0.015127805900194323,0.6102809176032868,360,0.3361,0.7583,0.3856,0.7889,0.2176,0.8417,0.3852,0.7944
double,richardson_2,0.5,0.005,holdout,0,1.0,0.0,0.009201461268037833,0.4179500594611776,120,0.2953,0.75,0.2644,0.7917,0.1517,0.9917,0.305,0.7
double,richardson_3,0.5,0.005,core,0,0.9889,0.075,0.01595761898414345,0.684652531312254,360,0.3401,0.7472,0.3806,0.7861,0.2136,0.8194,0.3874,0.7778
double,richardson_3,0.5,0.005,holdout,0,1.0,0.0083,0.008889568086607423,0.40273130287059844,120,0.2555,0.7417,0.2296,0.775,0.1342,0.9833,0.2811,0.6833
double,single_exp_fit,0.5,0.005,core,0,1.0,0.0056,0.02124813527794975,1.0000000000003264,360,0.4018,0.7,0.4843,0.8889,0.3162,0.8583,0.477,0.7861
double,single_exp_fit,0.5,0.005,holdout,0,1.0,0.0167,0.020780345934892752,1.0012367223560519,120,0.6117,0.625,0.5004,0.9167,0.2429,0.9833,0.6483,0.775
double,double_exp_fit,0.5,0.005,core,0,0.9833,0.0222,0.0192133915067417,0.9523900600471611,360,0.3513,0.7528,0.4118,0.8694,0.3187,0.8472,0.4168,0.7889
double,double_exp_fit,0.5,0.005,holdout,0,1.0,0.0167,0.017133460591946592,0.9200319256936389,120,0.4183,0.6667,0.4657,0.9083,0.1993,0.9833,0.5836,0.7667
double,rational_fit,0.5,0.005,core,0,1.0,0.0194,0.016429302063082095,0.6397986373558809,360,0.2785,0.7944,0.3107,0.85,0.2126,0.8611,0.3427,0.825
double,rational_fit,0.5,0.005,holdout,0,1.0,0.0,0.008459845090774569,0.5287689481272566,120,0.1796,0.75,0.2436,0.825,0.1174,0.9917,0.325,0.7167
double,log_fit,0.5,0.005,core,0,1.0,0.0417,0.03880938818685335,1.3184189692257484,360,0.6444,0.5583,0.7722,0.6139,0.5354,0.9306,0.9386,0.5472
double,log_fit,0.5,0.005,holdout,0,1.0,0.0,0.03931942285916345,1.772224318962431,120,1.1321,0.4417,0.8359,0.6167,0.4633,1.0,1.1046,0.4083
double,log_linear,0.5,0.005,core,0,0.5639,0.4528,0.024420667362457543,0.7006154786525514,360,0.7006,0.3167,0.3763,0.5389,0.2082,0.5472,0.4687,0.5278
double,log_linear,0.5,0.005,holdout,0,0.5667,0.4333,0.026860738251308913,1.2540185031760525,120,1.2411,0.25,0.3651,0.4333,0.2138,0.5667,0.4482,0.4083
double,stability_weighted,0.5,0.005,core,0,1.0,0.0167,0.05841981437649671,1.6476139638973861,360,1.0904,0.4639,0.989,0.525,0.5808,0.7972,1.0951,0.3361
double,stability_weighted,0.5,0.005,holdout,0,1.0,0.0083,0.043947181345112406,1.4788731750002293,120,0.9788,0.5,0.9438,0.6333,0.429,0.975,1.0862,0.35
double,median_ensemble,0.5,0.005,core,0,1.0,0.0083,0.06739601631707202,1.6123079114824581,360,1.1389,0.4333,0.9891,0.5917,0.6016,0.8278,1.0996,0.2389
double,median_ensemble,0.5,0.005,holdout,0,1.0,0.0083,0.0522678068149105,1.67745006514037,120,1.188,0.4333,0.9903,0.5667,0.5163,1.0,1.1036,0.125
double,constant_assumed,0.5,0.005,core,0,1.0,0.1861,0.06156339146721648,1.0433891067339056,360,1.0,0.0,0.8679,0.5833,0.5896,0.6389,0.9992,0.5139
double,constant_assumed,0.5,0.005,holdout,0,1.0,0.1667,0.05212739868064911,1.0,120,1.0,0.0,0.8293,0.6167,0.4802,0.7083,0.9337,0.55
double,richardson_1,0.1,0.005,core,40,1.0,0.0875,0.03041407863439377,1.4075444076365102,320,0.7198,0.5594,0.3941,0.8,0.2629,0.8313,0.381,0.8125
double,richardson_1,0.1,0.005,holdout,1,1.0,0.0084,0.021815989843992377,0.7072298490387742,119,0.3694,0.6807,0.2657,0.7983,0.186,0.9748,0.3363,0.7563
double,richardson_2,0.1,0.005,core,40,1.0,0.0781,0.025308333434369445,1.3883068826617475,320,0.6049,0.5844,0.4014,0.7969,0.2405,0.8156,0.3819,0.8281
double,richardson_2,0.1,0.005,holdout,1,1.0,0.0084,0.01890687416652226,0.7032812635702165,119,0.3916,0.6555,0.2614,0.8235,0.1837,0.9748,0.3037,0.7479
double,richardson_3,0.1,0.005,core,40,0.9875,0.0906,0.020543135398426646,1.3891615827357842,320,0.5653,0.5906,0.3949,0.7812,0.2287,0.7969,0.3882,0.825
double,richardson_3,0.1,0.005,holdout,1,1.0,0.0168,0.017012320583050203,0.6584798260707362,119,0.3608,0.6555,0.2378,0.8151,0.1527,0.9664,0.2929,0.7731
double,single_exp_fit,0.1,0.005,core,40,1.0,0.0094,0.03604854934278928,1.1276797507622283,320,0.7541,0.5625,0.6112,0.9375,0.4615,0.8688,0.6384,0.8688
double,single_exp_fit,0.1,0.005,holdout,1,1.0,0.0084,0.03613374412998854,1.450181126162757,119,0.9959,0.5126,0.6511,0.9244,0.4423,0.9832,0.7164,0.7899
double,double_exp_fit,0.1,0.005,core,40,0.9812,0.025,0.026875899487538227,1.0000367327880264,320,0.5122,0.5938,0.5355,0.8875,0.4267,0.8469,0.4017,0.8219
double,double_exp_fit,0.1,0.005,holdout,1,1.0,0.0084,0.03302220644404722,1.32171623970172,119,0.8443,0.5462,0.5994,0.916,0.3807,0.9832,0.6388,0.7899
double,rational_fit,0.1,0.005,core,40,1.0,0.0094,0.026969764283930754,1.2666138653878765,320,0.4329,0.6156,0.3239,0.8688,0.2142,0.8406,0.309,0.8281
double,rational_fit,0.1,0.005,holdout,1,1.0,0.0,0.015918752650664163,0.5625281152088131,119,0.3246,0.6639,0.2548,0.8403,0.1862,0.9916,0.2962,0.8151
double,log_fit,0.1,0.005,core,40,1.0,0.0125,0.06844420027088553,3.049402595702355,320,1.2521,0.4813,0.6452,0.6969,0.5372,0.9094,0.7521,0.6344
double,log_fit,0.1,0.005,holdout,1,1.0,0.0,0.051398237108828425,1.6141910502865124,119,0.8449,0.5126,0.7331,0.6891,0.5313,1.0,0.8432,0.605
double,log_linear,0.1,0.005,core,40,0.5219,0.4781,0.045184853760159814,2.098483187667969,320,2.0985,0.0,0.4287,0.5219,0.247,0.5219,0.448,0.5219
double,log_linear,0.1,0.005,holdout,1,0.563,0.437,0.05682861302863404,1.992759057244966,119,1.9928,0.0084,0.4611,0.5462,0.2611,0.563,0.5533,0.5378
double,stability_weighted,0.1,0.005,core,40,1.0,0.0125,0.08670248339002823,2.824242179921278,320,1.5568,0.4344,0.9801,0.5719,0.6758,0.85,1.028,0.3812
double,stability_weighted,0.1,0.005,holdout,1,1.0,0.0,0.06468031219053685,1.6723282070740086,119,1.2227,0.4706,0.8724,0.7059,0.5198,0.9832,0.9831,0.5042
double,median_ensemble,0.1,0.005,core,40,1.0,0.0063,0.09674452349628482,2.688377914404668,320,1.7248,0.425,0.9939,0.5875,0.6988,0.8594,1.0434,0.2687
double,median_ensemble,0.1,0.005,holdout,1,1.0,0.0,0.08934915556534434,1.904967699804351,119,1.4819,0.4118,0.9843,0.6639,0.6367,1.0,1.049,0.1597
double,constant_assumed,0.1,0.005,core,40,1.0,0.1812,0.03482687710836012,1.0,320,1.0,0.0,0.5795,0.575,0.3902,0.65,0.7905,0.5563
double,constant_assumed,0.1,0.005,holdout,1,1.0,0.1176,0.043181614969322754,1.0,119,1.0,0.0,0.6373,0.6134,0.4081,0.7059,0.8075,0.563
double,richardson_1,0.5,0.02,core,0,1.0,0.0694,0.01970294003427183,1.0213413250805425,360,0.3702,0.7333,0.4305,0.7861,0.2449,0.8667,0.6184,0.6556
double,richardson_1,0.5,0.02,holdout,0,1.0,0.0417,0.01454355810323394,0.8066205518389884,120,0.3778,0.7,0.3086,0.7333,0.1813,0.9917,0.4508,0.7
double,richardson_2,0.5,0.02,core,0,1.0,0.0944,0.019571997903941138,1.0064728211720753,360,0.4014,0.7306,0.4664,0.7972,0.2481,0.8417,0.6354,0.6667
double,richardson_2,0.5,0.02,holdout,0,1.0,0.0333,0.017479389389190747,0.9803740882050067,120,0.3685,0.7,0.3459,0.7333,0.2011,0.975,0.5132,0.6833
double,richardson_3,0.5,0.02,core,0,0.9889,0.0944,0.020288499137293803,1.156685515826929,360,0.3876,0.7194,0.4517,0.775,0.2557,0.8278,0.586,0.65
double,richardson_3,0.5,0.02,holdout,0,0.9917,0.05,0.01698332913399017,1.0854937304660381,120,0.3479,0.6667,0.3564,0.6917,0.211,0.9333,0.5414,0.6333
double,single_exp_fit,0.5,0.02,core,0,1.0,0.0333,0.024022835179277086,1.0950383236412191,360,0.5013,0.6861,0.515,0.8,0.3626,0.8528,0.6622,0.6444
double,single_exp_fit,0.5,0.02,holdout,0,1.0,0.075,0.026565005472156976,1.4795714791558152,120,0.7556,0.5917,0.6253,0.725,0.2921,0.9417,0.8088,0.5833
double,double_exp_fit,0.5,0.02,core,0,1.0,0.0361,0.021981139548971435,1.0000542598855886,360,0.4333,0.7194,0.4525,0.8056,0.3742,0.8611,0.6146,0.6639
double,double_exp_fit,0.5,0.02,holdout,0,1.0,0.075,0.02629144789672794,1.4244029350998377,120,0.664,0.5917,0.612,0.7083,0.2803,0.9417,0.8084,0.575
double,rational_fit,0.5,0.02,core,0,1.0,0.0417,0.01877580766256883,1.0000000005949876,360,0.333,0.7583,0.3801,0.8139,0.264,0.85,0.4899,0.7028
double,rational_fit,0.5,0.02,holdout,0,1.0,0.0583,0.015838548894248905,0.9609199033312984,120,0.3785,0.6917,0.3513,0.7,0.1995,0.975,0.532,0.675
double,log_fit,0.5,0.02,core,0,1.0,0.0694,0.03899651286840443,1.717613553215004,360,0.7001,0.5583,0.7156,0.6083,0.5403,0.9278,1.1753,0.4472
double,log_fit,0.5,0.02,holdout,0,1.0,0.0833,0.03780691031050556,1.9013562084310864,120,1.1249,0.45,0.8308,0.575,0.518,0.9917,1.3453,0.425
double,log_linear,0.5,0.02,core,0,0.4306,0.5694,0.027574193954844825,0.7268660279932599,360,0.4848,0.2833,0.3484,0.4111,0.2079,0.4306,0.5686,0.35
double,log_linear,0.5,0.02,holdout,0,0.4167,0.5917,0.03262706246332217,1.3851699969312854,120,1.001,0.2083,0.4306,0.2667,0.2291,0.4167,0.6443,0.2667
double,stability_weighted,0.5,0.02,core,0,1.0,0.05,0.0508554774066189,2.0116407227417863,360,0.9421,0.5194,0.9529,0.5444,0.5652,0.8083,1.3418,0.3667
double,stability_weighted,0.5,0.02,holdout,0,1.0,0.0583,0.044965472369723127,2.095714373836951,120,0.9415,0.5083,0.9588,0.55,0.4376,0.9,1.5292,0.2833
double,median_ensemble,0.5,0.02,core,0,1.0,0.0222,0.057302387786492506,1.849701784162518,360,0.9968,0.5,0.9194,0.6194,0.5676,0.85,1.2814,0.3472
double,median_ensemble,0.5,0.02,holdout,0,1.0,0.0333,0.046507772529627754,1.8133729866596404,120,1.0383,0.4833,0.9242,0.6,0.4571,0.975,1.3546,0.275
double,constant_assumed,0.5,0.02,core,0,1.0,0.1833,0.06156339146721648,1.7324778194014252,360,1.0,0.0,0.9054,0.5639,0.5886,0.6417,1.3556,0.3639
double,constant_assumed,0.5,0.02,holdout,0,1.0,0.1583,0.05212739868064911,1.485903305718307,120,1.0,0.0,0.8807,0.5417,0.478,0.7167,1.3049,0.3583
double,richardson_1,0.1,0.02,core,40,1.0,0.1156,0.03308462592310266,2.2333579422459455,320,0.7343,0.5594,0.4123,0.7937,0.2612,0.8344,0.4685,0.6906
double,richardson_1,0.1,0.02,holdout,1,1.0,0.0168,0.024419314268975298,1.0504036488331638,119,0.5212,0.6471,0.3156,0.7563,0.2461,0.9664,0.4339,0.7059
double,richardson_2,0.1,0.02,core,40,1.0,0.1094,0.02762827203532646,2.5688715587636484,320,0.7319,0.5563,0.422,0.7719,0.2386,0.8156,0.5019,0.6625
double,richardson_2,0.1,0.02,holdout,1,1.0,0.0168,0.030391275729497846,1.327024902696005,119,0.6519,0.5882,0.361,0.7395,0.2686,0.9328,0.5434,0.6807
double,richardson_3,0.1,0.02,core,40,0.9875,0.1219,0.025396399110129222,2.7414071365875317,320,0.6892,0.5563,0.4151,0.7562,0.2259,0.7812,0.5302,0.65
double,richardson_3,0.1,0.02,holdout,1,0.9916,0.042,0.02888513059308514,1.470714158319136,119,0.6719,0.5546,0.3895,0.7059,0.2711,0.8908,0.6374,0.6218
double,single_exp_fit,0.1,0.02,core,40,1.0,0.0281,0.0398626147147053,1.9903414224902778,320,0.8752,0.5344,0.5837,0.8375,0.4289,0.8656,0.8084,0.6219
double,single_exp_fit,0.1,0.02,holdout,1,1.0,0.042,0.03834203652341889,1.7106764510492551,119,1.0245,0.479,0.5781,0.8151,0.44,0.9412,0.8275,0.6218
double,double_exp_fit,0.1,0.02,core,40,1.0,0.025,0.028035466952135754,1.5550398418528601,320,0.7417,0.5719,0.5121,0.8375,0.3673,0.875,0.7009,0.65
double,double_exp_fit,0.1,0.02,holdout,1,1.0,0.0336,0.03612440733198071,1.7117042852808972,119,1.0245,0.479,0.5648,0.8067,0.4451,0.9496,0.827,0.6218
double,rational_fit,0.1,0.02,core,40,1.0,0.05,0.028951975871764582,2.0142235033785876,320,0.7038,0.5563,0.4191,0.8219,0.2589,0.825,0.4867,0.6687
double,rational_fit,0.1,0.02,holdout,1,1.0,0.0252,0.02868309052659211,1.2694469084663522,119,0.5929,0.605,0.35,0.7647,0.2316,0.9496,0.4755,0.7059
double,log_fit,0.1,0.02,core,40,1.0,0.0594,0.06876316364625312,3.287036896532328,320,1.2271,0.4813,0.6835,0.65,0.5445,0.9125,1.0403,0.4719
double,log_fit,0.1,0.02,holdout,1,1.0,0.0084,0.05212661274139596,2.0258955574079134,119,1.1303,0.4958,0.7018,0.6975,0.5003,0.9748,0.9677,0.521
double,log_linear,0.1,0.02,core,40,0.3906,0.6094,0.056487488110999066,3.032269234585165,320,3.0323,0.0,0.3974,0.3906,0.2469,0.3906,0.507,0.3844
double,log_linear,0.1,0.02,holdout,1,0.4118,0.5882,0.06260237060148033,3.7625630360105844,119,3.7626,0.0084,0.4583,0.3697,0.2508,0.4118,0.5669,0.3277
double,stability_weighted,0.1,0.02,core,40,1.0,0.0406,0.07827113490214432,3.9292298500358234,320,1.4955,0.4531,0.9052,0.5844,0.6357,0.825,1.2814,0.3187
double,stability_weighted,0.1,0.02,holdout,1,1.0,0.042,0.08355898338201173,2.218714006060666,119,1.2322,0.4538,0.9507,0.5966,0.5381,0.9244,1.2265,0.3277
double,median_ensemble,0.1,0.02,core,40,1.0,0.025,0.08910309070977268,3.501214784153454,320,1.3654,0.4594,0.9436,0.6219,0.6498,0.8719,1.2314,0.2594
double,median_ensemble,0.1,0.02,holdout,1,1.0,0.0252,0.08251217348768525,2.1293784727473253,119,1.1545,0.4538,0.9386,0.6807,0.5862,0.9748,1.2187,0.2437
double,constant_assumed,0.1,0.02,core,40,1.0,0.1719,0.03482687710836012,1.1983466099188929,320,1.0,0.0,0.6254,0.5938,0.388,0.6531,1.0039,0.4969
double,constant_assumed,0.1,0.02,holdout,1,1.0,0.084,0.043181614969322754,1.1301196022566473,119,1.0,0.0,0.7562,0.5798,0.4036,0.7143,0.897,0.5042
winmin,richardson_1,0.5,0.0,core,0,1.0,0.0194,0.01520040521635075,0.5554334818162112,360,0.4577,0.7417,0.3006,0.7694,0.2059,0.8667,0.2896,0.8028
winmin,richardson_1,0.5,0.0,holdout,0,1.0,0.0,0.004928689109536734,0.2690569383108422,120,0.2635,0.7833,0.1917,0.8333,0.0773,1.0,0.1917,0.8333
winmin,richardson_2,0.5,0.0,core,0,0.9806,0.0861,0.011599298991558121,0.5018636468352831,360,0.4172,0.7667,0.3249,0.7528,0.1888,0.825,0.2544,0.7889
winmin,richardson_2,0.5,0.0,holdout,0,0.95,0.05,0.00393963957842175,0.24185372415163792,120,0.2306,0.75,0.1273,0.7917,0.0514,0.95,0.1273,0.7917
winmin,richardson_3,0.5,0.0,core,0,0.975,0.075,0.010020093579186207,0.5568413248169748,360,0.3284,0.75,0.3176,0.7722,0.1888,0.8139,0.2536,0.8028
winmin,richardson_3,0.5,0.0,holdout,0,0.9583,0.0417,0.003940430870660372,0.21277430211660933,120,0.2128,0.7583,0.1273,0.8,0.0514,0.9583,0.1273,0.8
winmin,single_exp_fit,0.5,0.0,core,0,1.0,0.0056,0.0205173468479989,0.8661654368076817,360,0.6493,0.6889,0.4673,0.8944,0.2866,0.8806,0.4649,0.8889
winmin,single_exp_fit,0.5,0.0,holdout,0,1.0,0.0,0.026595563065738105,0.9262155182017475,120,0.9262,0.5917,0.562,1.0,0.2268,1.0,0.562,1.0
winmin,double_exp_fit,0.5,0.0,core,0,0.9889,0.0167,0.017575199788356474,0.8030355692271413,360,0.5701,0.7306,0.451,0.8861,0.2866,0.8778,0.4497,0.8778
winmin,double_exp_fit,0.5,0.0,holdout,0,0.9917,0.0083,0.015921115988688006,0.8799787550319732,120,0.88,0.5917,0.529,0.9917,0.2233,0.9917,0.529,0.9917
winmin,rational_fit,0.5,0.0,core,0,1.0,0.0056,0.016586180354105976,0.6251176595874444,360,0.3449,0.7944,0.3079,0.8417,0.1998,0.8472,0.2394,0.8444
winmin,rational_fit,0.5,0.0,holdout,0,1.0,0.0,0.006495355749286162,0.26980756186715027,120,0.2698,0.775,0.1953,0.85,0.1057,1.0,0.1953,0.85
winmin,log_fit,0.5,0.0,core,0,1.0,0.0417,0.03854709340693081,1.2615396311157356,360,1.1641,0.4111,0.8106,0.6306,0.5348,0.9222,0.8475,0.6611
winmin,log_fit,0.5,0.0,holdout,0,1.0,0.0,0.03890902851013272,1.288860525192608,120,1.2889,0.3167,0.8145,0.6167,0.4607,1.0,0.8145,0.6167
winmin,log_linear,0.5,0.0,core,0,0.9833,0.0806,0.04894513317608462,1.1896242112858308,360,1.1245,0.15,0.8014,0.7889,0.4512,0.8694,0.7949,0.8278
winmin,log_linear,0.5,0.0,holdout,0,1.0,0.0,0.047971486704025235,1.1547980672311011,120,1.1548,0.0917,0.7703,0.8333,0.3573,1.0,0.7703,0.8333
winmin,stability_weighted,0.5,0.0,core,0,1.0,0.0194,0.019114468388866768,1.0993922591063714,360,0.8876,0.5528,0.755,0.7556,0.4177,0.875,0.732,0.7889
winmin,stability_weighted,0.5,0.0,holdout,0,1.0,0.0,0.030407150203835942,0.6705652711652785,120,0.6706,0.7083,0.4534,0.8333,0.2166,1.0,0.4534,0.8333
winmin,median_ensemble,0.5,0.0,core,0,1.0,0.0111,0.013201009316560763,0.9386937011305854,360,0.6511,0.6167,0.6351,0.8222,0.3114,0.9,0.524,0.8333
winmin,median_ensemble,0.5,0.0,holdout,0,1.0,0.0,0.004376608140303814,0.23617473738824152,120,0.2334,0.8,0.1543,1.0,0.0687,1.0,0.1543,1.0
winmin,constant_assumed,0.5,0.0,core,0,1.0,0.075,0.036784269724397405,1.0,360,1.0,0.0,0.7488,0.8306,0.4135,0.8333,0.7531,0.7917
winmin,constant_assumed,0.5,0.0,holdout,0,1.0,0.0,0.02349923892067246,1.0,120,1.0,0.0,0.6899,0.975,0.3206,0.9917,0.6899,0.975
winmin,richardson_1,0.1,0.0,core,40,1.0,0.1,0.02973406068999663,0.46750959330417996,320,0.3772,0.8063,0.3709,0.8063,0.2481,0.8438,0.314,0.8438
winmin,richardson_1,0.1,0.0,holdout,1,1.0,0.0,0.014470397732301549,0.2539354802754556,119,0.2539,0.8151,0.1298,0.8487,0.0935,1.0,0.1298,0.8487
winmin,richardson_2,0.1,0.0,core,40,0.9781,0.1031,0.026282133032201616,0.4451804959759186,320,0.3766,0.7906,0.3662,0.7656,0.2159,0.7937,0.3236,0.825
winmin,richardson_2,0.1,0.0,holdout,1,0.9496,0.0504,0.016458433419773322,0.1833086574210822,119,0.1833,0.7983,0.1261,0.8151,0.093,0.9496,0.1261,0.8151
winmin,richardson_3,0.1,0.0,core,40,0.9719,0.1156,0.019466046337092466,0.44517188414528447,320,0.3696,0.7969,0.3576,0.7688,0.2134,0.7719,0.3236,0.8187
winmin,richardson_3,0.1,0.0,holdout,1,0.958,0.042,0.011864682541157669,0.15648499180728798,119,0.1565,0.8235,0.1037,0.8403,0.0699,0.958,0.1037,0.8403
winmin,single_exp_fit,0.1,0.0,core,40,1.0,0.0094,0.03654941391188747,0.8255031206855792,320,0.774,0.7656,0.6445,0.9625,0.467,0.8969,0.6644,0.9375
winmin,single_exp_fit,0.1,0.0,holdout,1,1.0,0.0,0.034216355261891714,0.8884172054652434,119,0.8884,0.6891,0.7071,0.9916,0.4141,1.0,0.7071,0.9916
winmin,double_exp_fit,0.1,0.0,core,40,0.9875,0.0187,0.03964092389882341,0.7794193042428665,320,0.7354,0.7562,0.6154,0.9344,0.467,0.8938,0.6445,0.9062
winmin,double_exp_fit,0.1,0.0,holdout,1,0.9916,0.0084,0.03270637547675566,0.8570358921964173,119,0.857,0.6807,0.7071,0.9832,0.4141,0.9916,0.7071,0.9832
winmin,rational_fit,0.1,0.0,core,40,1.0,0.0125,0.029994636827307186,0.38899782432366314,320,0.2941,0.8,0.2558,0.8625,0.1853,0.8281,0.2501,0.8438
winmin,rational_fit,0.1,0.0,holdout,1,1.0,0.0,0.005271093774651361,0.33785916793385307,119,0.3379,0.8067,0.2079,0.8655,0.1429,1.0,0.2079,0.8655
winmin,log_fit,0.1,0.0,core,40,1.0,0.0094,0.06820258292645567,1.0013154942030014,320,0.8478,0.5687,0.6478,0.6781,0.5367,0.9062,0.6439,0.6625
winmin,log_fit,0.1,0.0,holdout,1,1.0,0.0,0.05112069923009766,0.9457805886364236,119,0.939,0.5966,0.8159,0.7311,0.5374,0.9916,0.8159,0.7311
winmin,log_linear,0.1,0.0,core,40,0.9187,0.0938,0.0793246537006219,1.0137197424421522,320,1.0082,0.1531,0.8584,0.8656,0.573,0.8469,0.8432,0.9187
winmin,log_linear,0.1,0.0,holdout,1,1.0,0.0,0.08717206980500325,1.0149690821951445,119,1.015,0.0336,0.8428,0.8571,0.4836,1.0,0.8428,0.8571
winmin,stability_weighted,0.1,0.0,core,40,1.0,0.0219,0.02383448649333563,0.44845654636988574,320,0.3936,0.725,0.3615,0.8187,0.2564,0.9187,0.3377,0.8
winmin,stability_weighted,0.1,0.0,holdout,1,1.0,0.0,0.018159989127940063,0.3516219337813438,119,0.3504,0.9076,0.2117,1.0,0.1546,1.0,0.2117,1.0
winmin,median_ensemble,0.1,0.0,core,40,1.0,0.0125,0.020990082664406315,0.3306768093588244,320,0.2475,0.7219,0.2168,0.825,0.1555,0.9156,0.1999,0.8125
winmin,median_ensemble,0.1,0.0,holdout,1,1.0,0.0,0.01398381063443142,0.28475011089374935,119,0.2825,0.9496,0.2145,1.0,0.1474,1.0,0.2145,1.0
winmin,constant_assumed,0.1,0.0,core,40,1.0,0.0844,0.04439748281055252,1.0,320,1.0,0.0,0.8494,0.8688,0.5574,0.875,0.8535,0.85
winmin,constant_assumed,0.1,0.0,holdout,1,1.0,0.0,0.07011443258046739,1.0,119,1.0,0.0,0.8193,0.9916,0.4742,0.9916,0.8193,0.9916
winmin,richardson_1,0.5,0.005,core,0,1.0,0.0333,0.01766337039336259,0.738856842177301,360,0.5932,0.6806,0.3797,0.7667,0.2264,0.8667,0.4242,0.7778
winmin,richardson_1,0.5,0.005,holdout,0,1.0,0.0,0.009429122603328038,0.5858473014730317,120,0.4138,0.6667,0.2747,0.7917,0.1566,1.0,0.3328,0.675
winmin,richardson_2,0.5,0.005,core,0,1.0,0.0806,0.016234709895339934,0.7562702176646325,360,0.5662,0.7111,0.3876,0.7889,0.2176,0.8389,0.3923,0.7944
winmin,richardson_2,0.5,0.005,holdout,0,1.0,0.0,0.009201493336121698,0.5263394804524526,120,0.4529,0.6667,0.2644,0.7917,0.1533,0.9917,0.305,0.7
winmin,richardson_3,0.5,0.005,core,0,0.9889,0.0667,0.01555293839471756,0.7837743248450478,360,0.5523,0.6972,0.3929,0.7889,0.2166,0.8167,0.399,0.7833
winmin,richardson_3,0.5,0.005,holdout,0,1.0,0.0083,0.009201466489794679,0.526398209686566,120,0.4353,0.65,0.2296,0.7833,0.1341,0.9833,0.2811,0.6833
winmin,single_exp_fit,0.5,0.005,core,0,1.0,0.0056,0.021064689517415386,1.0000000001368972,360,0.7022,0.6222,0.4778,0.8917,0.3099,0.8611,0.4743,0.7917
winmin,single_exp_fit,0.5,0.005,holdout,0,1.0,0.0167,0.02078038679257324,1.0948478579262517,120,0.995,0.5083,0.5004,0.9167,0.2429,0.9917,0.6483,0.775
winmin,double_exp_fit,0.5,0.005,core,0,0.9889,0.0167,0.01960692935917287,0.9897194099584045,360,0.6293,0.6417,0.4235,0.8806,0.3158,0.85,0.4421,0.8083
winmin,double_exp_fit,0.5,0.005,holdout,0,1.0,0.0167,0.020023772760403166,1.0113183586161334,120,0.9416,0.5583,0.4633,0.9167,0.2173,0.9917,0.5947,0.7833
winmin,rational_fit,0.5,0.005,core,0,1.0,0.0194,0.01642929449053454,0.6946621487492846,360,0.4405,0.7639,0.3107,0.85,0.2125,0.8611,0.3427,0.825
winmin,rational_fit,0.5,0.005,holdout,0,1.0,0.0,0.008459822698335333,0.7300993898915675,120,0.4658,0.675,0.2435,0.825,0.1174,0.9917,0.325,0.7167
winmin,log_fit,0.5,0.005,core,0,1.0,0.0417,0.03880940120299756,1.5606777709291486,360,1.3758,0.375,0.7722,0.6139,0.5354,0.9306,0.9386,0.5472
winmin,log_fit,0.5,0.005,holdout,0,1.0,0.0,0.03931940525534484,1.546433217246277,120,1.3951,0.2583,0.8359,0.6167,0.4633,1.0,1.1046,0.4083
winmin,log_linear,0.5,0.005,core,0,0.9778,0.0833,0.04734989208864583,1.3168654995027242,360,1.2047,0.1611,0.7516,0.7694,0.4319,0.8667,0.8307,0.7389
winmin,log_linear,0.5,0.005,holdout,0,1.0,0.0,0.04610121246693477,1.3608423396563438,120,1.2692,0.1583,0.7017,0.8167,0.2864,1.0,0.844,0.7167
winmin,stability_weighted,0.5,0.005,core,0,1.0,0.0167,0.058419814393614405,1.8583358289519558,360,1.4998,0.2389,0.989,0.525,0.5808,0.7972,1.0951,0.3361
winmin,stability_weighted,0.5,0.005,holdout,0,1.0,0.0083,0.04394718133694394,1.7660595891827657,120,1.5131,0.1583,0.944,0.6333,0.4291,0.975,1.0862,0.35
winmin,median_ensemble,0.5,0.005,core,0,1.0,0.0083,0.06739601631707202,1.8612650797185788,360,1.5132,0.2028,0.9891,0.5917,0.6016,0.8278,1.0996,0.2389
winmin,median_ensemble,0.5,0.005,holdout,0,1.0,0.0083,0.0522678068149105,1.839332601026587,120,1.6689,0.125,0.9903,0.5667,0.5163,1.0,1.1036,0.125
winmin,constant_assumed,0.5,0.005,core,0,1.0,0.0583,0.035683287527819366,1.0,360,1.0,0.0,0.6801,0.8167,0.3602,0.8278,0.739,0.7667
winmin,constant_assumed,0.5,0.005,holdout,0,1.0,0.0167,0.02228885876332369,1.0,120,1.0,0.0,0.6063,0.9,0.2169,0.9667,0.7016,0.8417
winmin,richardson_1,0.1,0.005,core,40,1.0,0.0875,0.030414077690449258,0.6237482346995489,320,0.4435,0.7562,0.3941,0.8,0.2621,0.8344,0.381,0.8125
winmin,richardson_1,0.1,0.005,holdout,1,1.0,0.0084,0.02181598914201502,0.42744841137313466,119,0.4218,0.6891,0.2657,0.7983,0.186,0.9748,0.3363,0.7563
winmin,richardson_2,0.1,0.005,core,40,1.0,0.0875,0.026683884717269384,0.5939503231928873,320,0.4437,0.7656,0.4103,0.7969,0.2426,0.8094,0.388,0.8281
winmin,richardson_2,0.1,0.005,holdout,1,1.0,0.0084,0.01895295720169228,0.4115873346674533,119,0.4094,0.6891,0.264,0.8235,0.186,0.9748,0.3177,0.7479
winmin,richardson_3,0.1,0.005,core,40,0.9875,0.0938,0.020999477055683828,0.586672116008697,320,0.4371,0.7719,0.4005,0.7719,0.2335,0.7875,0.4021,0.8219
winmin,richardson_3,0.1,0.005,holdout,1,1.0,0.0168,0.018064829747150624,0.36522560705157964,119,0.3652,0.7227,0.244,0.8151,0.1625,0.9664,0.2945,0.7731
winmin,single_exp_fit,0.1,0.005,core,40,1.0,0.0063,0.03482555761653147,0.8509636931039597,320,0.7602,0.675,0.6061,0.9469,0.453,0.875,0.6332,0.875
winmin,single_exp_fit,0.1,0.005,holdout,1,1.0,0.0084,0.0361335126198008,0.940402582410159,119,0.9247,0.563,0.6511,0.9244,0.4423,0.9916,0.7164,0.7899
winmin,double_exp_fit,0.1,0.005,core,40,0.9875,0.0187,0.032170733766132706,0.8336553580785504,320,0.7266,0.6531,0.5993,0.8875,0.4628,0.85,0.6096,0.8219
winmin,double_exp_fit,0.1,0.005,holdout,1,1.0,0.0084,0.033718229076636734,0.9033425834342935,119,0.8585,0.605,0.6336,0.9244,0.4125,0.9916,0.6804,0.7899
winmin,rational_fit,0.1,0.005,core,40,1.0,0.0094,0.026969982094690967,0.4720867590187643,320,0.379,0.775,0.3239,0.8688,0.2142,0.8438,0.3091,0.8281
winmin,rational_fit,0.1,0.005,holdout,1,1.0,0.0,0.01591877369486927,0.4278296772648296,119,0.4242,0.7395,0.2548,0.8403,0.1862,0.9916,0.2962,0.8151
winmin,log_fit,0.1,0.005,core,40,1.0,0.0125,0.06844420026163642,1.0494194867781306,320,0.8937,0.5406,0.6452,0.6969,0.5372,0.9094,0.7521,0.6344
winmin,log_fit,0.1,0.005,holdout,1,1.0,0.0,0.05139823109148275,0.975451467853169,119,0.9604,0.5462,0.7331,0.6891,0.5313,1.0,0.8432,0.605
winmin,log_linear,0.1,0.005,core,40,0.9156,0.0969,0.07828892127829212,1.0202635123918675,320,1.0116,0.1562,0.7969,0.8656,0.5059,0.8344,0.8421,0.875
winmin,log_linear,0.1,0.005,holdout,1,1.0,0.0,0.08619993212913457,1.028896717649468,119,1.0263,0.0924,0.7801,0.8571,0.4109,1.0,0.8423,0.8235
winmin,stability_weighted,0.1,0.005,core,40,1.0,0.0125,0.08670248304318362,1.3406150462247144,320,1.2522,0.2531,0.9801,0.5719,0.6758,0.85,1.028,0.3812
winmin,stability_weighted,0.1,0.005,holdout,1,1.0,0.0,0.06468031763798296,1.2267146177983559,119,1.211,0.3025,0.8724,0.7059,0.5198,0.9832,0.9831,0.5042
winmin,median_ensemble,0.1,0.005,core,40,1.0,0.0063,0.09674452349628482,1.3674083140849511,320,1.287,0.1688,0.9939,0.5875,0.6988,0.8594,1.0434,0.2687
winmin,median_ensemble,0.1,0.005,holdout,1,1.0,0.0,0.08934915556534434,1.3293713401508924,119,1.3082,0.0756,0.9843,0.6639,0.6367,1.0,1.049,0.1597
winmin,constant_assumed,0.1,0.005,core,40,1.0,0.0594,0.0488159305211571,1.0,320,1.0,0.0,0.793,0.8594,0.5018,0.875,0.8546,0.7969
winmin,constant_assumed,0.1,0.005,holdout,1,1.0,0.0,0.06663198582222805,1.0,119,1.0,0.0,0.738,0.9832,0.399,0.9916,0.8154,0.958
winmin,richardson_1,0.5,0.02,core,0,1.0,0.0694,0.019702938771370908,1.1909384545395882,360,0.7693,0.5722,0.4305,0.7861,0.2449,0.8639,0.6184,0.6556
winmin,richardson_1,0.5,0.02,holdout,0,1.0,0.0417,0.014543564538178306,0.8765595311564789,120,0.6271,0.6833,0.3086,0.7333,0.1813,0.9917,0.4508,0.7
winmin,richardson_2,0.5,0.02,core,0,1.0,0.0944,0.02000608654417063,1.2268663782442473,360,0.7712,0.575,0.4713,0.7861,0.2531,0.8333,0.6291,0.6667
winmin,richardson_2,0.5,0.02,holdout,0,1.0,0.0333,0.01593496793966566,1.0226320750851563,120,0.6174,0.6083,0.3481,0.725,0.2011,0.9667,0.5057,0.675
winmin,richardson_3,0.5,0.02,core,0,0.9972,0.0833,0.02017096184179573,1.2294084824493194,360,0.7581,0.5833,0.4583,0.7722,0.2588,0.8278,0.5913,0.6556
winmin,richardson_3,0.5,0.02,holdout,0,1.0,0.0417,0.016564420358614843,1.1222016944164483,120,0.6614,0.575,0.3529,0.7083,0.2089,0.9583,0.5636,0.6417
winmin,single_exp_fit,0.5,0.02,core,0,1.0,0.0361,0.023848393509681362,1.1850230985770234,360,0.8238,0.5611,0.5111,0.8028,0.3567,0.8611,0.6577,0.6472
winmin,single_exp_fit,0.5,0.02,holdout,0,1.0,0.075,0.02656461973514971,1.4826415740646537,120,1.1538,0.4667,0.6253,0.725,0.2921,0.95,0.8088,0.5833
winmin,double_exp_fit,0.5,0.02,core,0,0.9972,0.0417,0.02166653290883465,1.0341658298141898,360,0.694,0.6028,0.4386,0.8111,0.3572,0.875,0.6001,0.6694
winmin,double_exp_fit,0.5,0.02,holdout,0,1.0,0.075,0.026561115115300946,1.4825380363962375,120,1.1712,0.4583,0.6388,0.7167,0.2921,0.95,0.8227,0.575
winmin,rational_fit,0.5,0.02,core,0,1.0,0.0417,0.01877580762751873,1.0253836506866163,360,0.6502,0.6444,0.3801,0.8139,0.2642,0.8472,0.4899,0.7028
winmin,rational_fit,0.5,0.02,holdout,0,1.0,0.0583,0.015838616990988562,1.068199285280179,120,0.664,0.6,0.3513,0.7,0.1995,0.975,0.532,0.675
winmin,log_fit,0.5,0.02,core,0,1.0,0.0694,0.03899651072445166,2.043683792268757,360,1.5824,0.3944,0.7156,0.6083,0.5403,0.9278,1.1753,0.4472
winmin,log_fit,0.5,0.02,holdout,0,1.0,0.0833,0.03780691046116869,2.022549614469553,120,1.9279,0.325,0.8308,0.575,0.518,0.9917,1.3453,0.425
winmin,log_linear,0.5,0.02,core,0,0.9333,0.1306,0.03564831796904827,1.4812350703266386,360,1.2526,0.3222,0.5905,0.7111,0.3474,0.8306,0.9046,0.5889
winmin,log_linear,0.5,0.02,holdout,0,0.925,0.0833,0.04204789174478968,1.5063374505472937,120,1.3591,0.3417,0.6166,0.675,0.3005,0.9,0.9015,0.5833
winmin,stability_weighted,0.5,0.02,core,0,1.0,0.05,0.050855477407317315,2.5511796451957425,360,1.6115,0.3389,0.9529,0.5444,0.5652,0.8083,1.3418,0.3667
winmin,stability_weighted,0.5,0.02,holdout,0,1.0,0.0583,0.04496547242933278,2.505424230340773,120,1.8897,0.2833,0.9588,0.55,0.438,0.9,1.5292,0.2833
winmin,median_ensemble,0.5,0.02,core,0,1.0,0.0222,0.05730277363651444,2.2824236090216523,360,1.6527,0.3472,0.9194,0.6194,0.5676,0.85,1.2814,0.3472
winmin,median_ensemble,0.5,0.02,holdout,0,1.0,0.0333,0.046507772529627754,2.330576040628104,120,1.8313,0.2667,0.9242,0.6,0.4571,0.975,1.3546,0.275
winmin,constant_assumed,0.5,0.02,core,0,1.0,0.0917,0.02719438725654738,1.0,360,1.0,0.0,0.6077,0.7083,0.2997,0.7861,0.7722,0.5889
winmin,constant_assumed,0.5,0.02,holdout,0,1.0,0.0833,0.024945435290650887,1.0,120,1.0,0.0,0.501,0.7583,0.2583,0.8167,0.7267,0.6417
winmin,richardson_1,0.1,0.02,core,40,1.0,0.1156,0.03308461879257641,0.7788223522634308,320,0.573,0.6469,0.4123,0.7906,0.2612,0.8313,0.4685,0.6906
winmin,richardson_1,0.1,0.02,holdout,1,1.0,0.0168,0.02441931452366103,0.6815323259493848,119,0.5741,0.6555,0.3156,0.7563,0.2461,0.9664,0.4339,0.7059
winmin,richardson_2,0.1,0.02,core,40,1.0,0.1125,0.028017184018210902,0.9267113102549623,320,0.6213,0.6312,0.433,0.7625,0.2386,0.8063,0.5237,0.6594
winmin,richardson_2,0.1,0.02,holdout,1,1.0,0.0252,0.027446733912240964,1.0626349026267718,119,0.861,0.5546,0.361,0.7311,0.2682,0.9244,0.5532,0.6807
winmin,richardson_3,0.1,0.02,core,40,0.9969,0.1187,0.02551453850071911,0.9593377386238797,320,0.5903,0.6281,0.4228,0.7562,0.2303,0.7906,0.5454,0.65
winmin,richardson_3,0.1,0.02,holdout,1,1.0,0.0252,0.02832207120014646,1.169398075318668,119,0.8944,0.5378,0.4061,0.7311,0.2697,0.916,0.6122,0.6387
winmin,single_exp_fit,0.1,0.02,core,40,1.0,0.0281,0.039549774321562925,1.182463021025881,320,0.9115,0.55,0.5792,0.85,0.4084,0.8719,0.8043,0.625
winmin,single_exp_fit,0.1,0.02,holdout,1,1.0,0.042,0.03834293532806152,1.143633666300257,119,1.0402,0.4874,0.571,0.8151,0.44,0.9496,0.7969,0.6303
winmin,double_exp_fit,0.1,0.02,core,40,0.9969,0.0312,0.029033656026509452,1.1357770101684257,320,0.8727,0.5781,0.5433,0.8313,0.3995,0.8844,0.7719,0.6344
winmin,double_exp_fit,0.1,0.02,holdout,1,1.0,0.042,0.04183907381374541,1.1576762892559538,119,1.0401,0.4874,0.5781,0.7899,0.445,0.9328,0.8528,0.605
winmin,rational_fit,0.1,0.02,core,40,1.0,0.05,0.02895197712945717,0.9266910448894625,320,0.607,0.65,0.4191,0.8219,0.2589,0.8187,0.4867,0.6687
winmin,rational_fit,0.1,0.02,holdout,1,1.0,0.0252,0.028683090398859256,0.7607236701703866,119,0.7141,0.6134,0.35,0.7647,0.2316,0.9496,0.4755,0.7059
winmin,log_fit,0.1,0.02,core,40,1.0,0.0594,0.06876316365811252,1.377227647527982,320,1.222,0.4094,0.6835,0.65,0.5446,0.9125,1.0403,0.4719
winmin,log_fit,0.1,0.02,holdout,1,1.0,0.0084,0.052126580545839796,1.2020177797657277,119,1.1474,0.395,0.7018,0.6975,0.5003,0.9748,0.9677,0.521
winmin,log_linear,0.1,0.02,core,40,0.8844,0.1437,0.07082493448409768,1.0731933442639872,320,1.0268,0.2687,0.7052,0.75,0.4498,0.8094,0.876,0.7188
winmin,log_linear,0.1,0.02,holdout,1,0.9244,0.1008,0.07737771466387638,1.1723578799082701,119,1.0847,0.1597,0.6832,0.7983,0.3808,0.8824,0.8939,0.6303
winmin,stability_weighted,0.1,0.02,core,40,1.0,0.0406,0.07827715336860197,1.7333099927396345,320,1.4685,0.2531,0.9052,0.5844,0.6357,0.825,1.2814,0.3187
winmin,stability_weighted,0.1,0.02,holdout,1,1.0,0.042,0.08355898338120815,1.5867155728101787,119,1.5175,0.2605,0.9507,0.5966,0.5381,0.9244,1.2265,0.3277
winmin,median_ensemble,0.1,0.02,core,40,1.0,0.025,0.08910309070977268,1.6903408291996747,320,1.4488,0.2469,0.9436,0.6219,0.6498,0.8719,1.2314,0.2594
winmin,median_ensemble,0.1,0.02,holdout,1,1.0,0.0252,0.08251217350299644,1.6029007452621666,119,1.5383,0.1849,0.9386,0.6807,0.5862,0.9748,1.2187,0.2437
winmin,constant_assumed,0.1,0.02,core,40,1.0,0.0781,0.0536448775510742,1.0,320,1.0,0.0,0.676,0.8031,0.4376,0.8594,0.873,0.65
winmin,constant_assumed,0.1,0.02,holdout,1,1.0,0.0336,0.04643826085039939,1.0,119,1.0,0.0,0.6209,0.8655,0.3583,0.9076,0.8107,0.8487
