cat_mult,target_g,method,is_trivial,stability,valid_rate,cat_rate,beats_rate,med_error,n_cells,rank,rank_eligible
2.0,0.1,single_exp_fit,0,1.3096,1.0,0.0292,0.9198,0.037784698550021395,960,1.0,1
2.0,0.1,richardson_a10,0,1.2479,1.0,0.0427,0.8333,0.055688288756547064,960,2.0,1
2.0,0.1,double_exp_fit,0,1.2271,0.9833,0.0542,0.8802,0.026511585234769788,960,3.0,1
2.0,0.1,richardson_a20,0,1.2004,1.0,0.0292,0.6469,0.11065781010201974,960,4.0,1
2.0,0.1,rational_fit,0,1.1946,1.0,0.0729,0.851,0.028951976807075792,960,5.0,1
2.0,0.1,median_ensemble,0,1.1942,1.0,0.0385,0.6781,0.04567272967426278,960,6.0,1
2.0,0.1,anderson_2,0,1.1533,1.0,0.0396,0.5813,0.09955830152441233,960,7.0,1
2.0,0.1,anderson_3,0,1.1504,1.0,0.0406,0.5792,0.10026480987500284,960,8.0,1
2.0,0.1,stability_weighted,0,1.1446,1.0,0.0594,0.6583,0.04539420844156003,960,9.0,1
2.0,0.1,best_shanks_wynn,0,1.0908,1.0,0.0688,0.5708,0.06742148694409539,960,10.0,1
2.0,0.1,anderson_1,0,1.0902,0.999,0.0688,0.5719,0.10159851262879356,960,11.0,1
2.0,0.1,shanks_1,0,1.0846,0.9979,0.0708,0.5708,0.0674214869440786,960,12.0,1
2.0,0.1,shanks_2,0,1.0477,0.999,0.0729,0.4865,0.047435414555039024,960,13.0,1
2.0,0.1,richardson_1,0,1.0404,1.0,0.1396,0.799,0.03087414076584394,960,14.0,1
2.0,0.1,log_fit,0,1.0242,1.0,0.1229,0.675,0.06840894978271762,960,15.0,1
2.0,0.1,levin_t1,0,1.0148,0.974,0.0938,0.5708,0.0674214869438855,960,16.0,1
2.0,0.1,wynn_eps_1,0,1.0148,0.974,0.0938,0.5708,0.06742148694388728,960,17.0,1
2.0,0.1,levin_t2,0,1.0035,0.974,0.0958,0.5531,0.048316815107558295,960,18.0,1
2.0,0.1,window_min,1,1.0017,1.0,0.0896,0.4521,0.05259711602844527,960,19.0,1
2.0,0.1,current_value,0,1.0,1.0,0.0,0.0,0.0975168572344656,960,20.0,1
2.0,0.1,last_value,1,1.0,1.0,0.0,0.0,0.0975168572344656,960,21.0,1
2.0,0.1,richardson_2,0,0.9883,0.9917,0.1573,0.7781,0.02628213606821013,960,22.0,1
2.0,0.1,shanks_3,0,0.9771,0.9979,0.1042,0.4688,0.04746239735406883,960,23.0,1
2.0,0.1,shanks_4,0,0.9729,0.9771,0.0948,0.4635,0.047462307685908395,960,24.0,1
2.0,0.1,levin_v2,0,0.9727,0.974,0.1021,0.5073,0.05242506523743559,960,25.0,1
2.0,0.1,brezinski_theta1,0,0.9585,0.999,0.1281,0.5396,0.0665955640713247,960,26.0,1
2.0,0.1,wynn_rho_1,0,0.9542,0.9729,0.1031,0.4688,0.05765713722733934,960,27.0,1
2.0,0.1,wynn_eps_2,0,0.946,0.9594,0.1083,0.5083,0.047326072822672594,960,28.0,1
2.0,0.1,levin_u2,0,0.9433,0.975,0.1177,0.5094,0.050314162975237525,960,29.0,1
2.0,0.1,levin_v1,0,0.9312,0.975,0.1187,0.4844,0.047881761751410595,960,30.0,1
2.0,0.1,richardson_3,0,0.9162,0.9771,0.1812,0.7542,0.02243325194943038,960,31.0,1
2.0,0.1,wynn_eps_3,0,0.9123,0.951,0.1187,0.4969,0.044507310596098096,960,32.0,1
2.0,0.1,wynn_rho_2,0,0.8927,0.9719,0.126,0.4323,0.07001839089045847,960,33.0,1
2.0,0.1,levin_u1,0,0.8923,0.976,0.1354,0.4677,0.08634953813350499,960,34.0,1
2.0,0.1,richardson_a05,0,0.8842,1.0,0.201,0.7156,0.037755495334700254,960,35.0,1
2.0,0.1,pade_12,0,0.8806,0.9948,0.1938,0.6833,0.029729432399353994,960,36.0,1
2.0,0.1,pade_23,0,0.8752,0.9969,0.199,0.6906,0.027081060978517334,960,37.0,1
2.0,0.1,log_linear,0,0.8581,0.9323,0.1865,0.7469,0.023976817389123828,960,38.0,1
2.0,0.1,wynn_rho_3,0,0.8544,0.9719,0.1552,0.4823,0.05856882526045282,960,39.0,1
2.0,0.1,brezinski_theta2,0,0.705,0.975,0.2229,0.4396,0.05374803635771595,960,40.0,1
2.0,0.1,pade_13,0,0.6908,0.9792,0.2667,0.6125,0.03514210812251507,960,41.0,1
2.0,0.1,constant_assumed,1,0.5925,1.0,0.3125,0.5437,0.05928920012004124,960,42.0,1
2.0,0.1,window_mean,1,0.58,1.0,0.2427,0.1635,0.1462113728240977,960,43.0,1
2.0,0.1,weniger_d2,0,0.5135,0.9719,0.3344,0.526,0.06136827634718673,960,44.0,1
2.0,0.1,weniger_d1,0,0.5083,0.9708,0.3365,0.526,0.061015807687308896,960,45.0,1
2.0,0.1,pade_11,0,0.4996,0.975,0.3375,0.499,0.06011339930963306,960,46.0,1
2.0,0.1,pade_22,0,0.3327,0.926,0.3906,0.4698,0.055376764133941825,960,47.0,1
2.0,0.1,geom_avg_diff,0,-0.2969,0.5844,0.5156,0.375,0.06375877964697974,960,,0
2.0,0.1,linear,0,-1.3598,0.4448,0.9146,0.0615,0.28267934067076256,960,,0
2.0,0.1,neville_2,0,-0.834,0.6135,0.7698,0.2302,1.1006027327511256,960,,0
2.0,0.1,neville_3,0,-1.049,0.401,0.7708,0.2292,0.0425985369616437,960,,0
2.0,0.1,neville_4,0,-1.1365,0.3135,0.7708,0.2292,0.012545957570098229,960,,0
2.0,0.1,pade_21,0,-1.0327,0.5219,0.8042,0.1344,0.14716391840215928,960,,0
2.0,0.1,pade_31,0,-0.8108,0.8479,0.8542,0.124,1.1710506885481102,960,,0
2.0,0.1,pade_32,0,-0.8627,0.5448,0.7469,0.2156,0.08274654727440695,960,,0
2.0,0.5,single_exp_fit,0,1.2674,1.0,0.0389,0.863,0.02139315698241261,1080,1.0,1
2.0,0.5,double_exp_fit,0,1.2196,0.9852,0.0528,0.85,0.017574970372494843,1080,2.0,1
2.0,0.5,median_ensemble,0,1.1674,1.0,0.0519,0.6778,0.03865195083556373,1080,3.0,1
2.0,0.5,rational_fit,0,1.1656,1.0,0.0843,0.8352,0.016674500317879988,1080,4.0,1
2.0,0.5,richardson_a10,0,1.1648,1.0,0.0759,0.7917,0.041014703699054175,1080,5.0,1
2.0,0.5,richardson_a20,0,1.1474,1.0,0.0352,0.5444,0.07519834561363281,1080,6.0,1
2.0,0.5,anderson_3,0,1.1444,1.0,0.0454,0.588,0.06725956005717665,1080,7.0,1
2.0,0.5,anderson_2,0,1.1415,1.0,0.0463,0.5852,0.06799504275106305,1080,8.0,1
2.0,0.5,stability_weighted,0,1.0581,1.0,0.0926,0.6083,0.04535863954973139,1080,9.0,1
2.0,0.5,anderson_1,0,1.0546,0.9991,0.0852,0.5648,0.06890814284879265,1080,10.0,1
2.0,0.5,best_shanks_wynn,0,1.053,1.0,0.0861,0.563,0.04901717909725729,1080,11.0,1
2.0,0.5,shanks_1,0,1.0474,0.9981,0.088,0.563,0.04901717909724996,1080,12.0,1
2.0,0.5,richardson_1,0,1.03,1.0,0.1398,0.7741,0.017347078710072218,1080,13.0,1
2.0,0.5,richardson_2,0,1.0167,0.9926,0.1435,0.7778,0.015849537941788637,1080,14.0,1
2.0,0.5,richardson_a05,0,1.0056,1.0,0.1574,0.8009,0.018963943525297344,1080,15.0,1
2.0,0.5,current_value,0,1.0,1.0,0.0,0.0,0.06584453879332247,1080,16.0,1
2.0,0.5,last_value,1,1.0,1.0,0.0,0.0,0.06584453879332247,1080,17.0,1
2.0,0.5,shanks_2,0,0.9928,0.9991,0.0935,0.4519,0.05537112188921234,1080,18.0,1
2.0,0.5,levin_t1,0,0.9854,0.9769,0.1083,0.563,0.04886678151527657,1080,19.0,1
2.0,0.5,wynn_eps_1,0,0.9854,0.9769,0.1083,0.563,0.04886678151527657,1080,20.0,1
2.0,0.5,window_min,1,0.9848,1.0,0.0981,0.4528,0.045741852242883616,1080,21.0,1
2.0,0.5,log_linear,0,0.9793,0.9648,0.1528,0.8,0.01453633876520144,1080,22.0,1
2.0,0.5,richardson_3,0,0.9748,0.9796,0.1556,0.7657,0.01644277509784272,1080,23.0,1
2.0,0.5,shanks_3,0,0.9567,0.9981,0.113,0.4611,0.054912817437908844,1080,24.0,1
2.0,0.5,levin_t2,0,0.9511,0.9759,0.1148,0.512,0.04974619920783663,1080,25.0,1
2.0,0.5,shanks_4,0,0.95,0.9796,0.1093,0.4722,0.05587232993862121,1080,26.0,1
2.0,0.5,log_fit,0,0.9378,1.0,0.1546,0.6176,0.03854709136230036,1080,27.0,1
2.0,0.5,wynn_eps_2,0,0.9346,0.9639,0.1204,0.5287,0.049038618415944854,1080,28.0,1
2.0,0.5,wynn_eps_3,0,0.9083,0.9565,0.1278,0.5185,0.04903861841421024,1080,29.0,1
2.0,0.5,levin_v2,0,0.9013,0.9769,0.1352,0.487,0.06337308930585522,1080,30.0,1
2.0,0.5,levin_u2,0,0.8891,0.9769,0.1315,0.438,0.06582553430811222,1080,31.0,1
2.0,0.5,brezinski_theta1,0,0.8757,0.9991,0.1602,0.4926,0.04836874784431322,1080,32.0,1
2.0,0.5,levin_v1,0,0.8706,0.9769,0.1259,0.3639,0.06733006116708691,1080,33.0,1
2.0,0.5,wynn_rho_2,0,0.8017,0.975,0.175,0.4417,0.06181512758792346,1080,34.0,1
2.0,0.5,pade_23,0,0.7798,0.9824,0.2241,0.6139,0.02781693078041257,1080,35.0,1
2.0,0.5,wynn_rho_1,0,0.7761,0.975,0.1898,0.4519,0.059814056557155215,1080,36.0,1
2.0,0.5,pade_12,0,0.7757,0.9769,0.225,0.6222,0.026619435422450072,1080,37.0,1
2.0,0.5,levin_u1,0,0.7317,0.9787,0.1991,0.3778,0.06784692418687954,1080,38.0,1
2.0,0.5,pade_13,0,0.7124,0.9935,0.2435,0.5148,0.03375030372287646,1080,39.0,1
2.0,0.5,wynn_rho_3,0,0.7065,0.975,0.2204,0.4306,0.06362238106343276,1080,40.0,1
2.0,0.5,brezinski_theta2,0,0.6085,0.9778,0.2639,0.3963,0.05545448171399986,1080,41.0,1
2.0,0.5,pade_11,0,0.5057,0.9787,0.3472,0.5537,0.04115103312101462,1080,42.0,1
2.0,0.5,window_mean,1,0.4074,1.0,0.3361,0.1991,0.1066341992591165,1080,43.0,1
2.0,0.5,pade_22,0,0.385,0.938,0.3815,0.525,0.028677192344750496,1080,44.0,1
2.0,0.5,constant_assumed,1,0.0244,1.0,0.5046,0.0843,0.12058549018944457,1080,45.0,1
2.0,0.5,weniger_d2,0,-0.0413,0.975,0.5222,0.0704,0.12153353177621182,1080,46.0,1
2.0,0.5,weniger_d1,0,-0.0459,0.9741,0.5241,0.0704,0.12114842112323207,1080,47.0,1
2.0,0.5,pade_32,0,-0.293,0.913,0.65,0.2352,0.15589218802095212,1080,48.0,1
2.0,0.5,pade_21,0,-0.3174,0.9074,0.6602,0.2389,0.17438963459783108,1080,49.0,1
2.0,0.5,linear,0,-0.4189,0.9407,0.6963,0.0824,0.19250070075579762,1080,50.0,1
2.0,0.5,geom_avg_diff,0,-0.3606,0.5769,0.5398,0.3556,0.02700054189156556,1080,,0
2.0,0.5,neville_2,0,-0.7709,0.6454,0.7565,0.2417,0.33528576272569066,1080,,0
2.0,0.5,neville_3,0,-0.9519,0.4685,0.7583,0.2407,0.033820586796434016,1080,,0
2.0,0.5,neville_4,0,-1.0528,0.3694,0.7593,0.2407,0.004857394563706929,1080,,0
2.0,0.5,pade_31,0,-0.3665,0.8861,0.6787,0.262,0.1326961010630257,1080,,0
5.0,0.1,single_exp_fit,0,1.3388,1.0,0.0146,0.9198,0.037784698550021395,960,1.0,1
5.0,0.1,richardson_a10,0,1.3083,1.0,0.0125,0.8333,0.055688288756547064,960,2.0,1
5.0,0.1,rational_fit,0,1.2925,1.0,0.024,0.851,0.028951976807075792,960,3.0,1
5.0,0.1,double_exp_fit,0,1.2729,0.9833,0.0312,0.8802,0.026511585234769788,960,4.0,1
5.0,0.1,median_ensemble,0,1.2421,1.0,0.0146,0.6781,0.04567272967426278,960,5.0,1
5.0,0.1,richardson_a05,0,1.2383,1.0,0.024,0.7156,0.037755495334700254,960,6.0,1
5.0,0.1,richardson_a20,0,1.2379,1.0,0.0104,0.6469,0.11065781010201974,960,7.0,1
5.0,0.1,log_fit,0,1.2158,1.0,0.0271,0.675,0.06840894978271762,960,8.0,1
5.0,0.1,stability_weighted,0,1.2133,1.0,0.025,0.6583,0.04539420844156003,960,9.0,1
5.0,0.1,anderson_2,0,1.2096,1.0,0.0115,0.5813,0.09955830152441233,960,10.0,1
5.0,0.1,anderson_3,0,1.2088,1.0,0.0115,0.5792,0.10026480987500284,960,11.0,1
5.0,0.1,best_shanks_wynn,0,1.1846,1.0,0.0219,0.5708,0.06742148694409539,960,12.0,1
5.0,0.1,anderson_1,0,1.1819,0.999,0.0229,0.5719,0.10159851262879356,960,13.0,1
5.0,0.1,shanks_1,0,1.1783,0.9979,0.024,0.5708,0.0674214869440786,960,14.0,1
5.0,0.1,shanks_2,0,1.1435,0.999,0.025,0.4865,0.047435414555039024,960,15.0,1
5.0,0.1,shanks_3,0,1.1188,0.9979,0.0333,0.4688,0.04746239735406883,960,16.0,1
5.0,0.1,richardson_1,0,1.1175,1.0,0.101,0.799,0.03087414076584394,960,17.0,1
5.0,0.1,levin_t1,0,1.1065,0.974,0.0479,0.5708,0.0674214869438855,960,18.0,1
5.0,0.1,wynn_eps_1,0,1.1065,0.974,0.0479,0.5708,0.06742148694388728,960,19.0,1
5.0,0.1,richardson_2,0,1.1008,0.9917,0.101,0.7781,0.02628213606821013,960,20.0,1
5.0,0.1,brezinski_theta1,0,1.1002,0.999,0.0573,0.5396,0.0665955640713247,960,21.0,1
5.0,0.1,window_min,1,1.0871,1.0,0.0469,0.4521,0.05259711602844527,960,22.0,1
5.0,0.1,levin_t2,0,1.0848,0.974,0.0552,0.5531,0.048316815107558295,960,23.0,1
5.0,0.1,pade_12,0,1.0848,0.9948,0.0917,0.6833,0.029729432399353994,960,24.0,1
5.0,0.1,pade_23,0,1.0731,0.9969,0.1,0.6906,0.027081060978517334,960,25.0,1
5.0,0.1,levin_u2,0,1.0704,0.975,0.0542,0.5094,0.050314162975237525,960,26.0,1
5.0,0.1,levin_v2,0,1.0602,0.974,0.0583,0.5073,0.05242506523743559,960,27.0,1
5.0,0.1,shanks_4,0,1.0562,0.9771,0.0531,0.4635,0.047462307685908395,960,28.0,1
5.0,0.1,levin_v1,0,1.0521,0.975,0.0583,0.4844,0.047881761751410595,960,29.0,1
5.0,0.1,wynn_rho_1,0,1.0458,0.9729,0.0573,0.4688,0.05765713722733934,960,30.0,1
5.0,0.1,richardson_3,0,1.0433,0.9771,0.1177,0.7542,0.02243325194943038,960,31.0,1
5.0,0.1,wynn_rho_2,0,1.0219,0.9719,0.0615,0.4323,0.07001839089045847,960,32.0,1
5.0,0.1,wynn_eps_2,0,1.019,0.9594,0.0719,0.5083,0.047326072822672594,960,33.0,1
5.0,0.1,current_value,0,1.0,1.0,0.0,0.0,0.0975168572344656,960,34.0,1
5.0,0.1,last_value,1,1.0,1.0,0.0,0.0,0.0975168572344656,960,35.0,1
5.0,0.1,wynn_eps_3,0,0.9977,0.951,0.076,0.4969,0.044507310596098096,960,36.0,1
5.0,0.1,window_mean,1,0.9946,1.0,0.0354,0.1635,0.1462113728240977,960,37.0,1
5.0,0.1,levin_u1,0,0.9881,0.976,0.0875,0.4677,0.08634953813350499,960,38.0,1
5.0,0.1,wynn_rho_3,0,0.9856,0.9719,0.0896,0.4823,0.05856882526045282,960,39.0,1
5.0,0.1,log_linear,0,0.954,0.9323,0.1385,0.7469,0.023976817389123828,960,40.0,1
5.0,0.1,pade_13,0,0.9367,0.9792,0.1437,0.6125,0.03514210812251507,960,41.0,1
5.0,0.1,brezinski_theta2,0,0.8925,0.975,0.1292,0.4396,0.05374803635771595,960,42.0,1
5.0,0.1,pade_11,0,0.8912,0.975,0.1417,0.499,0.06011339930963306,960,43.0,1
5.0,0.1,constant_assumed,1,0.8467,1.0,0.1854,0.5437,0.05928920012004124,960,44.0,1
5.0,0.1,weniger_d2,0,0.7573,0.9719,0.2125,0.526,0.06136827634718673,960,45.0,1
5.0,0.1,weniger_d1,0,0.7542,0.9708,0.2135,0.526,0.061015807687308896,960,46.0,1
5.0,0.1,pade_22,0,0.691,0.926,0.2115,0.4698,0.055376764133941825,960,47.0,1
5.0,0.1,geom_avg_diff,0,-0.2031,0.5844,0.4688,0.375,0.06375877964697974,960,,0
5.0,0.1,linear,0,-1.041,0.4448,0.7552,0.0615,0.28267934067076256,960,,0
5.0,0.1,neville_2,0,-0.7423,0.6135,0.724,0.2302,1.1006027327511256,960,,0
5.0,0.1,neville_3,0,-1.049,0.401,0.7708,0.2292,0.0425985369616437,960,,0
5.0,0.1,neville_4,0,-1.0948,0.3135,0.75,0.2292,0.012545957570098229,960,,0
5.0,0.1,pade_21,0,-0.7556,0.5219,0.6656,0.1344,0.14716391840215928,960,,0
5.0,0.1,pade_31,0,-0.64,0.8479,0.7688,0.124,1.1710506885481102,960,,0
5.0,0.1,pade_32,0,-0.7315,0.5448,0.6813,0.2156,0.08274654727440695,960,,0
5.0,0.5,single_exp_fit,0,1.3137,1.0,0.0157,0.863,0.02139315698241261,1080,1.0,1
5.0,0.5,richardson_a10,0,1.2926,1.0,0.012,0.7917,0.041014703699054175,1080,2.0,1
5.0,0.5,rational_fit,0,1.2896,1.0,0.0222,0.8352,0.016674500317879988,1080,3.0,1
5.0,0.5,richardson_a05,0,1.2741,1.0,0.0231,0.8009,0.018963943525297344,1080,4.0,1
5.0,0.5,double_exp_fit,0,1.2622,0.9852,0.0315,0.85,0.017574970372494843,1080,5.0,1
5.0,0.5,median_ensemble,0,1.2433,1.0,0.0139,0.6778,0.03865195083556373,1080,6.0,1
5.0,0.5,richardson_1,0,1.2281,1.0,0.0407,0.7741,0.017347078710072218,1080,7.0,1
5.0,0.5,anderson_3,0,1.2204,1.0,0.0074,0.588,0.06725956005717665,1080,8.0,1
5.0,0.5,anderson_2,0,1.2193,1.0,0.0074,0.5852,0.06799504275106305,1080,9.0,1
5.0,0.5,richardson_a20,0,1.1937,1.0,0.012,0.5444,0.07519834561363281,1080,10.0,1
5.0,0.5,stability_weighted,0,1.1859,1.0,0.0287,0.6083,0.04535863954973139,1080,11.0,1
5.0,0.5,best_shanks_wynn,0,1.1844,1.0,0.0204,0.563,0.04901717909725729,1080,12.0,1
5.0,0.5,anderson_1,0,1.1843,0.9991,0.0204,0.5648,0.06890814284879265,1080,13.0,1
5.0,0.5,shanks_1,0,1.1789,0.9981,0.0222,0.563,0.04901717909724996,1080,14.0,1
5.0,0.5,log_fit,0,1.1452,1.0,0.0509,0.6176,0.03854709136230036,1080,15.0,1
5.0,0.5,richardson_2,0,1.1333,0.9926,0.0852,0.7778,0.015849537941788637,1080,16.0,1
5.0,0.5,richardson_3,0,1.1248,0.9796,0.0806,0.7657,0.01644277509784272,1080,17.0,1
5.0,0.5,shanks_2,0,1.1243,0.9991,0.0278,0.4519,0.05537112188921234,1080,18.0,1
5.0,0.5,levin_t1,0,1.115,0.9769,0.0435,0.563,0.04886678151527657,1080,19.0,1
5.0,0.5,wynn_eps_1,0,1.115,0.9769,0.0435,0.563,0.04886678151527657,1080,20.0,1
5.0,0.5,shanks_3,0,1.1085,0.9981,0.037,0.4611,0.054912817437908844,1080,21.0,1
5.0,0.5,window_min,1,1.0904,1.0,0.0454,0.4528,0.045741852242883616,1080,22.0,1
5.0,0.5,brezinski_theta1,0,1.0831,0.9991,0.0565,0.4926,0.04836874784431322,1080,23.0,1
5.0,0.5,levin_t2,0,1.0696,0.9759,0.0556,0.512,0.04974619920783663,1080,24.0,1
5.0,0.5,shanks_4,0,1.0667,0.9796,0.0509,0.4722,0.05587232993862121,1080,25.0,1
5.0,0.5,levin_v2,0,1.0661,0.9769,0.0528,0.487,0.06337308930585522,1080,26.0,1
5.0,0.5,log_linear,0,1.0626,0.9648,0.1111,0.8,0.01453633876520144,1080,27.0,1
5.0,0.5,wynn_eps_2,0,1.0513,0.9639,0.062,0.5287,0.049038618415944854,1080,28.0,1
5.0,0.5,wynn_rho_1,0,1.0391,0.975,0.0583,0.4519,0.059814056557155215,1080,29.0,1
5.0,0.5,wynn_rho_2,0,1.035,0.975,0.0583,0.4417,0.06181512758792346,1080,30.0,1
5.0,0.5,wynn_eps_3,0,1.0324,0.9565,0.0657,0.5185,0.04903861841421024,1080,31.0,1
5.0,0.5,levin_u2,0,1.002,0.9769,0.075,0.438,0.06582553430811222,1080,32.0,1
5.0,0.5,pade_23,0,1.002,0.9824,0.113,0.6139,0.02781693078041257,1080,33.0,1
5.0,0.5,current_value,0,1.0,1.0,0.0,0.0,0.06584453879332247,1080,34.0,1
5.0,0.5,last_value,1,1.0,1.0,0.0,0.0,0.06584453879332247,1080,35.0,1
5.0,0.5,pade_12,0,0.9943,0.9769,0.1157,0.6222,0.026619435422450072,1080,36.0,1
5.0,0.5,pade_13,0,0.9791,0.9935,0.1102,0.5148,0.03375030372287646,1080,37.0,1
5.0,0.5,wynn_rho_3,0,0.9769,0.975,0.0852,0.4306,0.06362238106343276,1080,38.0,1
5.0,0.5,levin_v1,0,0.9761,0.9769,0.0731,0.3639,0.06733006116708691,1080,39.0,1
5.0,0.5,levin_u1,0,0.9724,0.9787,0.0787,0.3778,0.06784692418687954,1080,40.0,1
5.0,0.5,window_mean,1,0.937,1.0,0.0713,0.1991,0.1066341992591165,1080,41.0,1
5.0,0.5,brezinski_theta2,0,0.8696,0.9778,0.1333,0.3963,0.05545448171399986,1080,42.0,1
5.0,0.5,pade_11,0,0.828,0.9787,0.1861,0.5537,0.04115103312101462,1080,43.0,1
5.0,0.5,pade_22,0,0.6998,0.938,0.2241,0.525,0.028677192344750496,1080,44.0,1
5.0,0.5,constant_assumed,1,0.5281,1.0,0.2528,0.0843,0.12058549018944457,1080,45.0,1
5.0,0.5,weniger_d2,0,0.4494,0.975,0.2769,0.0704,0.12153353177621182,1080,46.0,1
5.0,0.5,weniger_d1,0,0.4467,0.9741,0.2778,0.0704,0.12114842112323207,1080,47.0,1
5.0,0.5,linear,0,0.357,0.9407,0.3083,0.0824,0.19250070075579762,1080,48.0,1
5.0,0.5,pade_21,0,0.2604,0.9074,0.3713,0.2389,0.17438963459783108,1080,49.0,1
5.0,0.5,pade_32,0,0.2237,0.913,0.3917,0.2352,0.15589218802095212,1080,50.0,1
5.0,0.5,geom_avg_diff,0,-0.2494,0.5769,0.4843,0.3556,0.02700054189156556,1080,,0
5.0,0.5,neville_2,0,-0.7265,0.6454,0.7343,0.2417,0.33528576272569066,1080,,0
5.0,0.5,neville_3,0,-0.9519,0.4685,0.7583,0.2407,0.033820586796434016,1080,,0
5.0,0.5,neville_4,0,-1.0157,0.3694,0.7407,0.2407,0.004857394563706929,1080,,0
5.0,0.5,pade_31,0,-0.0572,0.8861,0.5241,0.262,0.1326961010630257,1080,,0
10.0,0.1,single_exp_fit,0,1.3492,1.0,0.0094,0.9198,0.037784698550021395,960,1.0,1
10.0,0.1,richardson_a10,0,1.3167,1.0,0.0083,0.8333,0.055688288756547064,960,2.0,1
10.0,0.1,rational_fit,0,1.3133,1.0,0.0135,0.851,0.028951976807075792,960,3.0,1
10.0,0.1,richardson_1,0,1.2842,1.0,0.0177,0.799,0.03087414076584394,960,4.0,1
10.0,0.1,double_exp_fit,0,1.2833,0.9833,0.026,0.8802,0.026511585234769788,960,5.0,1
10.0,0.1,richardson_a05,0,1.2612,1.0,0.0125,0.7156,0.037755495334700254,960,6.0,1
10.0,0.1,median_ensemble,0,1.2588,1.0,0.0063,0.6781,0.04567272967426278,960,7.0,1
10.0,0.1,richardson_a20,0,1.2442,1.0,0.0073,0.6469,0.11065781010201974,960,8.0,1
10.0,0.1,log_fit,0,1.2388,1.0,0.0156,0.675,0.06840894978271762,960,9.0,1
10.0,0.1,stability_weighted,0,1.2362,1.0,0.0135,0.6583,0.04539420844156003,960,10.0,1
10.0,0.1,anderson_2,0,1.2179,1.0,0.0073,0.5813,0.09955830152441233,960,11.0,1
10.0,0.1,anderson_3,0,1.2171,1.0,0.0073,0.5792,0.10026480987500284,960,12.0,1
10.0,0.1,richardson_2,0,1.2071,0.9917,0.0479,0.7781,0.02628213606821013,960,13.0,1
10.0,0.1,best_shanks_wynn,0,1.1992,1.0,0.0146,0.5708,0.06742148694409539,960,14.0,1
10.0,0.1,anderson_1,0,1.1965,0.999,0.0156,0.5719,0.10159851262879356,960,15.0,1
10.0,0.1,shanks_1,0,1.1929,0.9979,0.0167,0.5708,0.0674214869440786,960,16.0,1
10.0,0.1,richardson_3,0,1.1683,0.9771,0.0552,0.7542,0.02243325194943038,960,17.0,1
10.0,0.1,shanks_2,0,1.1602,0.999,0.0167,0.4865,0.047435414555039024,960,18.0,1
10.0,0.1,brezinski_theta1,0,1.1544,0.999,0.0302,0.5396,0.0665955640713247,960,19.0,1
10.0,0.1,pade_12,0,1.1515,0.9948,0.0583,0.6833,0.029729432399353994,960,20.0,1
10.0,0.1,shanks_3,0,1.1479,0.9979,0.0187,0.4688,0.04746239735406883,960,21.0,1
10.0,0.1,pade_23,0,1.144,0.9969,0.0646,0.6906,0.027081060978517334,960,22.0,1
10.0,0.1,window_min,1,1.135,1.0,0.0229,0.4521,0.05259711602844527,960,23.0,1
10.0,0.1,levin_t1,0,1.121,0.974,0.0406,0.5708,0.0674214869438855,960,24.0,1
10.0,0.1,wynn_eps_1,0,1.121,0.974,0.0406,0.5708,0.06742148694388728,960,25.0,1
10.0,0.1,levin_t2,0,1.1077,0.974,0.0437,0.5531,0.048316815107558295,960,26.0,1
10.0,0.1,levin_v2,0,1.0956,0.974,0.0406,0.5073,0.05242506523743559,960,27.0,1
10.0,0.1,shanks_4,0,1.0938,0.9771,0.0344,0.4635,0.047462307685908395,960,28.0,1
10.0,0.1,levin_u2,0,1.0912,0.975,0.0437,0.5094,0.050314162975237525,960,29.0,1
10.0,0.1,levin_v1,0,1.0875,0.975,0.0406,0.4844,0.047881761751410595,960,30.0,1
10.0,0.1,wynn_rho_1,0,1.0729,0.9729,0.0437,0.4688,0.05765713722733934,960,31.0,1
10.0,0.1,wynn_rho_3,0,1.0669,0.9719,0.049,0.4823,0.05856882526045282,960,32.0,1
10.0,0.1,wynn_rho_2,0,1.0531,0.9719,0.0458,0.4323,0.07001839089045847,960,33.0,1
10.0,0.1,wynn_eps_2,0,1.0502,0.9594,0.0563,0.5083,0.047326072822672594,960,34.0,1
10.0,0.1,window_mean,1,1.03,1.0,0.0177,0.1635,0.1462113728240977,960,35.0,1
10.0,0.1,wynn_eps_3,0,1.0269,0.951,0.0615,0.4969,0.044507310596098096,960,36.0,1
10.0,0.1,pade_13,0,1.0117,0.9792,0.1062,0.6125,0.03514210812251507,960,37.0,1
10.0,0.1,pade_11,0,1.01,0.975,0.0823,0.499,0.06011339930963306,960,38.0,1
10.0,0.1,log_linear,0,1.006,0.9323,0.1125,0.7469,0.023976817389123828,960,39.0,1
10.0,0.1,levin_u1,0,1.0048,0.976,0.0792,0.4677,0.08634953813350499,960,40.0,1
10.0,0.1,current_value,0,1.0,1.0,0.0,0.0,0.0975168572344656,960,41.0,1
10.0,0.1,last_value,1,1.0,1.0,0.0,0.0,0.0975168572344656,960,42.0,1
10.0,0.1,brezinski_theta2,0,0.9758,0.975,0.0875,0.4396,0.05374803635771595,960,43.0,1
10.0,0.1,constant_assumed,1,0.955,1.0,0.1313,0.5437,0.05928920012004124,960,44.0,1
10.0,0.1,weniger_d2,0,0.8635,0.9719,0.1594,0.526,0.06136827634718673,960,45.0,1
10.0,0.1,weniger_d1,0,0.8604,0.9708,0.1604,0.526,0.061015807687308896,960,46.0,1
10.0,0.1,pade_22,0,0.8223,0.926,0.1458,0.4698,0.055376764133941825,960,47.0,1
10.0,0.1,geom_avg_diff,0,-0.1635,0.5844,0.449,0.375,0.06375877964697974,960,,0
10.0,0.1,linear,0,-0.8785,0.4448,0.674,0.0615,0.28267934067076256,960,,0
10.0,0.1,neville_2,0,-0.7381,0.6135,0.7219,0.2302,1.1006027327511256,960,,0
10.0,0.1,neville_3,0,-1.0073,0.401,0.75,0.2292,0.0425985369616437,960,,0
10.0,0.1,neville_4,0,-1.0531,0.3135,0.7292,0.2292,0.012545957570098229,960,,0
10.0,0.1,pade_21,0,-0.6515,0.5219,0.6135,0.1344,0.14716391840215928,960,,0
10.0,0.1,pade_31,0,-0.515,0.8479,0.7063,0.124,1.1710506885481102,960,,0
10.0,0.1,pade_32,0,-0.6023,0.5448,0.6167,0.2156,0.08274654727440695,960,,0
10.0,0.5,single_exp_fit,0,1.3285,1.0,0.0083,0.863,0.02139315698241261,1080,1.0,1
10.0,0.5,rational_fit,0,1.31,1.0,0.012,0.8352,0.016674500317879988,1080,2.0,1
10.0,0.5,richardson_a05,0,1.3019,1.0,0.0093,0.8009,0.018963943525297344,1080,3.0,1
10.0,0.5,richardson_a10,0,1.3019,1.0,0.0074,0.7917,0.041014703699054175,1080,4.0,1
10.0,0.5,richardson_1,0,1.2893,1.0,0.0102,0.7741,0.017347078710072218,1080,5.0,1
10.0,0.5,double_exp_fit,0,1.2789,0.9852,0.0231,0.85,0.017574970372494843,1080,6.0,1
10.0,0.5,median_ensemble,0,1.2693,1.0,0.0009,0.6778,0.03865195083556373,1080,7.0,1
10.0,0.5,richardson_2,0,1.2648,0.9926,0.0194,0.7778,0.015849537941788637,1080,8.0,1
10.0,0.5,anderson_3,0,1.2296,1.0,0.0028,0.588,0.06725956005717665,1080,9.0,1
10.0,0.5,anderson_2,0,1.2267,1.0,0.0037,0.5852,0.06799504275106305,1080,10.0,1
10.0,0.5,stability_weighted,0,1.223,1.0,0.0102,0.6083,0.04535863954973139,1080,11.0,1
10.0,0.5,richardson_3,0,1.2211,0.9796,0.0324,0.7657,0.01644277509784272,1080,12.0,1
10.0,0.5,log_fit,0,1.2174,1.0,0.0148,0.6176,0.03854709136230036,1080,13.0,1
10.0,0.5,best_shanks_wynn,0,1.2067,1.0,0.0093,0.563,0.04901717909725729,1080,14.0,1
10.0,0.5,richardson_a20,0,1.2067,1.0,0.0056,0.5444,0.07519834561363281,1080,15.0,1
10.0,0.5,anderson_1,0,1.2046,0.9991,0.0102,0.5648,0.06890814284879265,1080,16.0,1
10.0,0.5,shanks_1,0,1.2011,0.9981,0.0111,0.563,0.04901717909724996,1080,17.0,1
10.0,0.5,shanks_2,0,1.1557,0.9991,0.012,0.4519,0.05537112188921234,1080,18.0,1
10.0,0.5,shanks_3,0,1.1493,0.9981,0.0167,0.4611,0.054912817437908844,1080,19.0,1
10.0,0.5,brezinski_theta1,0,1.1461,0.9991,0.025,0.4926,0.04836874784431322,1080,20.0,1
10.0,0.5,levin_t1,0,1.1372,0.9769,0.0324,0.563,0.04886678151527657,1080,21.0,1
10.0,0.5,wynn_eps_1,0,1.1372,0.9769,0.0324,0.563,0.04886678151527657,1080,22.0,1
10.0,0.5,window_min,1,1.133,1.0,0.0241,0.4528,0.045741852242883616,1080,23.0,1
10.0,0.5,log_linear,0,1.12,0.9648,0.0824,0.8,0.01453633876520144,1080,24.0,1
10.0,0.5,shanks_4,0,1.1037,0.9796,0.0324,0.4722,0.05587232993862121,1080,25.0,1
10.0,0.5,levin_t2,0,1.0974,0.9759,0.0417,0.512,0.04974619920783663,1080,26.0,1
10.0,0.5,levin_v2,0,1.0957,0.9769,0.038,0.487,0.06337308930585522,1080,27.0,1
10.0,0.5,pade_13,0,1.0883,0.9935,0.0556,0.5148,0.03375030372287646,1080,28.0,1
10.0,0.5,wynn_rho_1,0,1.0817,0.975,0.037,0.4519,0.059814056557155215,1080,29.0,1
10.0,0.5,pade_23,0,1.0798,0.9824,0.0741,0.6139,0.02781693078041257,1080,30.0,1
10.0,0.5,wynn_eps_2,0,1.0791,0.9639,0.0481,0.5287,0.049038618415944854,1080,31.0,1
10.0,0.5,pade_12,0,1.072,0.9769,0.0769,0.6222,0.026619435422450072,1080,32.0,1
10.0,0.5,levin_u2,0,1.0706,0.9769,0.0407,0.438,0.06582553430811222,1080,33.0,1
10.0,0.5,wynn_rho_2,0,1.0683,0.975,0.0417,0.4417,0.06181512758792346,1080,34.0,1
10.0,0.5,wynn_rho_3,0,1.0602,0.975,0.0435,0.4306,0.06362238106343276,1080,35.0,1
10.0,0.5,wynn_eps_3,0,1.0546,0.9565,0.0546,0.5185,0.04903861841421024,1080,36.0,1
10.0,0.5,levin_v1,0,1.0483,0.9769,0.037,0.3639,0.06733006116708691,1080,37.0,1
10.0,0.5,window_mean,1,1.0389,1.0,0.0204,0.1991,0.1066341992591165,1080,38.0,1
10.0,0.5,current_value,0,1.0,1.0,0.0,0.0,0.06584453879332247,1080,39.0,1
10.0,0.5,last_value,1,1.0,1.0,0.0,0.0,0.06584453879332247,1080,40.0,1
10.0,0.5,levin_u1,0,0.9946,0.9787,0.0676,0.3778,0.06784692418687954,1080,41.0,1
10.0,0.5,pade_11,0,0.9835,0.9787,0.1083,0.5537,0.04115103312101462,1080,42.0,1
10.0,0.5,brezinski_theta2,0,0.9474,0.9778,0.0944,0.3963,0.05545448171399986,1080,43.0,1
10.0,0.5,pade_22,0,0.8831,0.938,0.1324,0.525,0.028677192344750496,1080,44.0,1
10.0,0.5,constant_assumed,1,0.743,1.0,0.1454,0.0843,0.12058549018944457,1080,45.0,1
10.0,0.5,weniger_d2,0,0.6624,0.975,0.1704,0.0704,0.12153353177621182,1080,46.0,1
10.0,0.5,weniger_d1,0,0.6596,0.9741,0.1713,0.0704,0.12114842112323207,1080,47.0,1
10.0,0.5,linear,0,0.5811,0.9407,0.1963,0.0824,0.19250070075579762,1080,48.0,1
10.0,0.5,pade_32,0,0.5756,0.913,0.2157,0.2352,0.15589218802095212,1080,49.0,1
10.0,0.5,pade_21,0,0.4974,0.9074,0.2528,0.2389,0.17438963459783108,1080,50.0,1
10.0,0.5,geom_avg_diff,0,-0.1902,0.5769,0.4546,0.3556,0.02700054189156556,1080,,0
10.0,0.5,neville_2,0,-0.7043,0.6454,0.7231,0.2417,0.33528576272569066,1080,,0
10.0,0.5,neville_3,0,-0.9111,0.4685,0.738,0.2407,0.033820586796434016,1080,,0
10.0,0.5,neville_4,0,-1.0157,0.3694,0.7407,0.2407,0.004857394563706929,1080,,0
10.0,0.5,pade_31,0,0.3224,0.8861,0.3343,0.262,0.1326961010630257,1080,,0
