obs_idx,target_g,selector,mean_gap_vs_oracle,n_both_valid,n_total
30,0.02,threshold_ens_010,0.195555,900,900
30,0.02,threshold_ens_safe,0.194368,900,900
30,0.02,diag_ensemble_52,0.163456,900,900
30,0.02,equal_ensemble_52,0.194665,900,900
30,0.02,fixed_rational,0.091594,900,900
30,0.02,constant_assumed,0.101512,900,900
30,0.1,threshold_ens_010,0.176382,900,900
30,0.1,threshold_ens_safe,0.175327,900,900
30,0.1,diag_ensemble_52,0.15603,900,900
30,0.1,equal_ensemble_52,0.17596,900,900
30,0.1,fixed_rational,0.087258,900,900
30,0.1,constant_assumed,0.119848,900,900
30,0.5,threshold_ens_010,0.091892,1080,1080
30,0.5,threshold_ens_safe,0.091697,1080,1080
30,0.5,diag_ensemble_52,0.092302,1080,1080
30,0.5,equal_ensemble_52,0.090102,1080,1080
30,0.5,fixed_rational,0.053538,1080,1080
30,0.5,constant_assumed,0.205663,1080,1080
60,0.02,threshold_ens_010,0.122934,900,900
60,0.02,threshold_ens_safe,0.123028,900,900
60,0.02,diag_ensemble_52,0.137065,900,900
60,0.02,equal_ensemble_52,0.122533,900,900
60,0.02,fixed_rational,0.047686,900,900
60,0.02,constant_assumed,0.104222,900,900
60,0.1,threshold_ens_010,0.106701,960,960
60,0.1,threshold_ens_safe,0.106588,960,960
60,0.1,diag_ensemble_52,0.12595,960,960
60,0.1,equal_ensemble_52,0.106217,960,960
60,0.1,fixed_rational,0.044059,960,960
60,0.1,constant_assumed,0.116551,960,960
60,0.5,threshold_ens_010,0.063485,1080,1080
60,0.5,threshold_ens_safe,0.063269,1080,1080
60,0.5,diag_ensemble_52,0.084513,1080,1080
60,0.5,equal_ensemble_52,0.062911,1080,1080
60,0.5,fixed_rational,0.038345,1080,1080
60,0.5,constant_assumed,0.180644,1080,1080
90,0.02,threshold_ens_010,0.07488,900,900
90,0.02,threshold_ens_safe,0.074549,900,900
90,0.02,diag_ensemble_52,0.066575,900,900
90,0.02,equal_ensemble_52,0.074877,900,900
90,0.02,fixed_rational,0.032866,900,900
90,0.02,constant_assumed,0.10471,900,900
90,0.1,threshold_ens_010,0.070096,960,960
90,0.1,threshold_ens_safe,0.06983,960,960
90,0.1,diag_ensemble_52,0.065879,960,960
90,0.1,equal_ensemble_52,0.07027,960,960
90,0.1,fixed_rational,0.031173,960,960
90,0.1,constant_assumed,0.111609,960,960
90,0.5,threshold_ens_010,0.044959,1080,1080
90,0.5,threshold_ens_safe,0.045099,1080,1080
90,0.5,diag_ensemble_52,0.03711,1080,1080
90,0.5,equal_ensemble_52,0.044335,1080,1080
90,0.5,fixed_rational,0.021983,1080,1080
90,0.5,constant_assumed,0.158038,1080,1080
120,0.02,threshold_ens_010,0.057034,840,840
120,0.02,threshold_ens_safe,0.05648,840,840
120,0.02,diag_ensemble_52,0.046251,840,840
120,0.02,equal_ensemble_52,0.056995,840,840
120,0.02,fixed_rational,0.026202,840,840
120,0.02,constant_assumed,0.106757,840,840
120,0.1,threshold_ens_010,0.05306,960,960
120,0.1,threshold_ens_safe,0.05282,960,960
120,0.1,diag_ensemble_52,0.041551,960,960
120,0.1,equal_ensemble_52,0.053199,960,960
120,0.1,fixed_rational,0.026414,960,960
120,0.1,constant_assumed,0.111472,960,960
120,0.5,threshold_ens_010,0.032964,1080,1080
120,0.5,threshold_ens_safe,0.03285,1080,1080
120,0.5,diag_ensemble_52,0.02418,1080,1080
120,0.5,equal_ensemble_52,0.032439,1080,1080
120,0.5,fixed_rational,0.023796,1080,1080
120,0.5,constant_assumed,0.148149,1080,1080
