method,mean_piqr,med_piqr,mean_err,med_skill,is_dangerous,med_skill_vs_assumed,med_skill_vs_last,med_skill_vs_wmean,med_skill_vs_wmin,win_rate_vs_assumed,win_rate_vs_last,win_rate_vs_wmean,win_rate_vs_wmin,target_g
richardson_a20,0.0012962361156263987,0.0009577647836967046,0.17013167806473148,2.622895708979443,0,1.5804503628783722,1.1484939080872716,0.8388831319973291,1.3197814400054275,0.3865079365079365,0.42142857142857143,0.9560846560846561,0.3261904761904762,0.1
richardson_a10,0.001829224594679748,0.00131158594030438,0.14143744519661622,2.090372656468603,0,1.1638148593347806,1.0634779281522282,0.6109373608791974,1.1584893310863387,0.4711640211640212,0.4873015873015873,0.951058201058201,0.4642857142857143,0.1
log_fit,0.0019313809223913071,0.0006045752024328027,0.1058382657460919,1.8205294141859634,0,1.0706693769782956,0.7232283153397185,0.4765315394402372,0.7674751337145671,0.49074074074074076,0.7291005291005291,0.9526455026455026,0.6664021164021164,0.1
richardson_a05,0.0028703606079307736,0.0021150158241364254,0.10236701148557246,1.2543569410504034,0,0.6221972073280633,0.5861720162820463,0.46653706913556736,0.6213059618790238,0.6026455026455027,0.7306878306878307,0.903968253968254,0.6923280423280423,0.1
anderson_3,0.0038540498030279996,0.0026218969295663253,0.12510551944865603,2.1589514974626898,0,1.321640680908225,0.9943989656944728,0.6630053557900997,1.0276237607383538,0.43703703703703706,0.5661375661375662,0.908994708994709,0.3529100529100529,0.1
anderson_2,0.0042613492711813345,0.0028713435815237998,0.12613914767958925,2.189016924655765,0,1.3467988613085233,0.9955143103819867,0.6670226669397823,1.0290924514617417,0.43597883597883597,0.5706349206349206,0.9095238095238095,0.36084656084656086,0.1
richardson_1,0.005503984765749733,0.0016297016206960335,0.08298262675853663,1.002652189958627,0,0.43479052237257776,0.46124976840930143,0.31062749424576797,0.4972620427782265,0.6507936507936508,0.8653439153439153,0.9362433862433862,0.821957671957672,0.1
median_ensemble,0.006996806891597245,0.0038766684229206705,0.10442385839157425,1.5324263500057689,0,0.8036735173681404,0.9275614714695302,0.5369871685698588,1.0084504800928709,0.5431216931216931,0.7150793650793651,0.9325396825396826,0.4632275132275132,0.1
levin_v2,0.007485662344506899,0.004009045826160573,0.12846914130513148,1.9070776755245065,0,0.9247923024098743,1.004321499432675,0.6414812493552915,1.0653911512446068,0.5031746031746032,0.47513227513227513,0.8521164021164022,0.3243386243386243,0.1
levin_v1,0.007573709751351867,0.0036400400003109706,0.12613978961330963,1.9483579641682534,0,0.9748717314082914,1.0042721261092082,0.6481987258341193,1.0620371855367143,0.49153439153439155,0.4716931216931217,0.8396825396825397,0.3171957671957672,0.1
shanks_4,0.007850172479969383,0.004315231142309743,0.11730935119221747,1.857212656267612,0,0.8218296272204222,1.0051616734416422,0.6233750946854845,1.0668478714057468,0.5203703703703704,0.4724867724867725,0.8634920634920635,0.3417989417989418,0.1
anderson_1,0.008419030062001048,0.0038441989963395873,0.12936090309985482,2.270784403555822,0,1.4042731580837882,0.9973968510639063,0.6718909627107343,1.028891637478361,0.42698412698412697,0.5772486772486772,0.8944444444444445,0.3952380952380952,0.1
best_shanks_wynn,0.008444966708831164,0.003866847257787062,0.12179730365642862,1.9773496667541808,0,1.104184093415083,0.9899470609967969,0.610852169163346,1.0288327628630076,0.4804232804232804,0.5828042328042328,0.8883597883597883,0.4007936507936508,0.1
pade_12,0.008597146090295589,0.0011544166286138711,0.08581815902773185,0.9597966312969781,0,0.6930313228995378,0.402747896875981,0.2534666954920093,0.4319747504511921,0.7891534391534392,0.7156084656084656,0.7748677248677248,0.6891534391534392,0.1
richardson_2,0.00866199037064279,0.0023048971908742107,0.07019583856534672,0.8369284495299649,0,0.32762549619563225,0.3629611930861413,0.23007827825568997,0.3853940288033222,0.7092592592592593,0.8560846560846561,0.9182539682539682,0.83994708994709,0.1
shanks_2,0.008919389395970513,0.004225297767674177,0.3913721858548501,1.8616255924798428,0,0.9913163740810017,0.9989467277269969,0.6380120565730033,1.052525539938631,0.49417989417989416,0.4962962962962963,0.8703703703703703,0.3486772486772487,0.1
shanks_3,0.008920422700893951,0.004269591880210616,0.1257612757380239,1.8944156925264095,0,0.8707711004595027,1.0017145662796778,0.6213089323154447,1.0656234242210894,0.5148148148148148,0.4857142857142857,0.8579365079365079,0.3415343915343915,0.1
wynn_eps_2,0.009159054188865824,0.00337732741689048,0.13019325362844486,1.7935448790101538,0,0.9900025977814685,0.9911019829412229,0.612313046040972,1.0437388447904732,0.48412698412698413,0.5214285714285715,0.8751322751322751,0.36137566137566135,0.1
levin_u1,0.009205147539696862,0.0038752892481678236,0.2696397563723144,2.2884655232132443,0,1.2409195478530757,1.0002011794421382,0.6713771067564331,1.0671334962830008,0.4351851851851852,0.4658730158730159,0.7714285714285715,0.2833333333333333,0.1
levin_u2,0.009314657691400085,0.0041674582353092016,0.13041653815388995,1.92442156098897,0,0.9728367339709248,0.9996943765217174,0.6476585109235831,1.046609713221261,0.4928571428571429,0.491005291005291,0.8354497354497354,0.33201058201058203,0.1
levin_t2,0.009660692090845427,0.004144190533266076,0.11503473026799103,1.8350554534435066,0,0.9923099842680715,0.9868892141710603,0.5973017025032054,1.03375676935396,0.4865079365079365,0.5280423280423281,0.8626984126984127,0.36878306878306877,0.1
rational_fit,0.009896979343165536,0.0024285612207812727,0.05312740781630313,0.9999999939004804,0,0.44884764441266944,0.4053593482880619,0.24551603544082543,0.42798513622672807,0.6732804232804233,0.8835978835978836,0.9261904761904762,0.8402116402116402,0.1
pade_23,0.01096568609395614,0.001959623005616612,0.07793428153400797,0.9375951970258681,0,0.6072579761870893,0.37236395388748944,0.24026625729638423,0.4063994694412875,0.7888888888888889,0.7291005291005291,0.7796296296296297,0.7060846560846561,0.1
single_exp_fit,0.011061651593056792,0.0032064795753681923,0.08720674823205492,1.2630803196480027,0,0.7432896113431847,0.7129726100684753,0.5178676053547918,0.8050133748463113,0.5873015873015873,0.7947089947089947,0.9417989417989417,0.692063492063492,0.1
wynn_eps_3,0.011497137891567697,0.0037743931798456948,0.12131243551277573,1.701152297038316,0,0.8498113984246127,0.971158164936573,0.597908368704853,1.0531950650406467,0.5103174603174603,0.5439153439153439,0.8600529100529101,0.39021164021164023,0.1
shanks_1,0.014923919935008996,0.003870275291178185,0.12175401930668357,1.9763149769764825,0,1.103066925428473,0.9899140105019663,0.6107715205951998,1.0287113742955716,0.4804232804232804,0.5828042328042328,0.888095238095238,0.4007936507936508,0.1
wynn_eps_1,0.014935773723680941,0.003872218798915708,0.11712047513569734,1.9336182502556767,0,1.0513431118598038,0.9863207327070793,0.6016007113114977,1.0309802762311238,0.47883597883597884,0.5772486772486772,0.8666666666666667,0.3952380952380952,0.1
levin_t1,0.014935773723680943,0.003872218798915708,0.11712047513569734,1.933618250255677,0,1.0513431118598038,0.9863207327070792,0.6016007113114977,1.0309802762311238,0.47883597883597884,0.5772486772486772,0.8666666666666667,0.3952380952380952,0.1
richardson_3,0.01762501167006554,0.0025737201477630256,0.06977772698480603,0.9708512055706828,0,0.3062306815077903,0.3996107985588629,0.23837331560351258,0.42147923058139414,0.551058201058201,0.6095238095238096,0.6537037037037037,0.6034391534391534,0.1
wynn_rho_2,0.01929687503531794,0.006442840858916998,0.14502771823316257,2.1764277803409504,0,1.0562316192470027,1.0038389272836812,0.6447326094649741,1.0823153826548226,0.4777777777777778,0.4687830687830688,0.8256613756613757,0.3333333333333333,0.1
brezinski_theta1,0.01997836970443573,0.007381050875089681,0.118158250778916,2.1196573589244427,0,1.069386640812896,0.9511504155939472,0.6114823992816241,1.0068877225774984,0.47724867724867726,0.5563492063492064,0.8238095238095238,0.4775132275132275,0.1
stability_weighted,0.020067744731674508,0.008281782033635637,0.16760886251240686,1.7850376366596201,0,0.9259658082014777,0.888230970924335,0.549050836512913,1.0090541237319548,0.5169312169312169,0.6224867724867725,0.8907407407407407,0.48095238095238096,0.1
pade_34,0.02171851214188349,0.0029127934098412004,0.09308388085706193,0.9466339802556043,0,0.600032818358358,0.3836459301946785,0.2350418636248004,0.431660740316272,0.7775132275132275,0.7182539682539683,0.7706349206349207,0.694973544973545,0.1
wynn_rho_3,0.025255433300256137,0.007889448229497262,0.1253993600262181,2.103785312246589,0,0.9043996976984696,0.998533775543522,0.6323419945906219,1.0813162224519144,0.49973544973544975,0.48783068783068784,0.8171957671957671,0.3648148148148148,0.1
pade_45,0.026624031539137085,0.003974956777024655,0.08449450250760213,0.9238835555824005,0,0.5765555655763294,0.3682255467529708,0.22912524106119,0.43256844517369075,0.7801587301587302,0.7216931216931217,0.7785714285714286,0.6939153439153439,0.1
log_linear,0.028620433664621286,0.0013495388829932817,0.6864481667971316,0.893884529805651,0,0.37775732111546206,0.378173081237269,0.23665778639294277,0.3940966225769746,0.707936507936508,0.819047619047619,0.8674603174603175,0.8029100529100529,0.1
double_exp_fit,0.030700985400286384,0.004826117998832159,0.0697575787820993,0.999999985173573,0,0.5273640260876872,0.5971094853896388,0.39924899236036204,0.6349338599399359,0.6886243386243386,0.8555555555555555,0.9193121693121693,0.7661375661375661,0.1
brezinski_theta2,0.037411971069901316,0.017240666657162576,0.14260954674219686,2.2745466521838296,0,1.0548547765646297,1.0049852458432111,0.6547322817741852,1.0564876005254782,0.4738095238095238,0.47724867724867726,0.744973544973545,0.42936507936507934,0.1
wynn_rho_1,0.039755142259840275,0.005276483864744552,0.122595113840486,1.9558190834935978,0,0.9774148850806148,0.9995428592885555,0.6339705983641593,1.0583408694306486,0.4928571428571429,0.49444444444444446,0.8537037037037037,0.33624338624338623,0.1
linear,0.04962098907178222,0.0035241163642754994,3.708825361436092,7.517332027714135,1,1.7884177436402264,3.678477439585395,2.2534949126822306,3.6784774395853908,0.13703703703703704,0.05793650793650794,0.030952380952380953,0.07883597883597884,0.1
pade_13,0.09045336868658022,0.0017625465293872496,0.1625045338026886,1.2289861997972826,0,1.0000065289386264,0.5387086619266398,0.35538248713665743,0.6249829496516834,0.482010582010582,0.6198412698412699,0.6955026455026455,0.605026455026455,0.1
geom_avg_diff,0.14070374568708738,0.0318582581456891,0.18981404503851398,1.975728470429142,1,1.1223434930049945,0.8523422894804629,0.4942342216785249,0.8939385879866676,0.2828042328042328,0.394973544973545,0.46005291005291005,0.3558201058201058,0.1
pade_11,0.1432595400457681,0.008841425537589903,0.23652583187650086,2.245275528516201,0,1.0289023549643048,0.8843092173143623,0.6310702659191163,0.8998544928622378,0.47883597883597884,0.521957671957672,0.5391534391534392,0.5087301587301587,0.1
pade_33,0.1464672874501595,0.017503293745441573,0.18773748235163756,1.9051955142224113,0,0.681226472348507,0.59448733302709,0.4466478275980965,0.6366234254080546,0.5576719576719577,0.6150793650793651,0.6206349206349207,0.5907407407407408,0.1
pade_22,0.20609352400975556,0.011797742448909881,0.24547339518437028,1.9878745687581407,0,0.7388087347246756,0.6337886328584984,0.4718716148300292,0.6904983286810713,0.5343915343915344,0.5817460317460318,0.5962962962962963,0.5608465608465608,0.1
pade_44,0.2776375391209748,0.024125693743193743,0.44617309726902094,2.0735325370044153,0,0.7887754390903056,0.7289642504687802,0.5606985429122465,0.8093295535305085,0.5264550264550265,0.5634920634920635,0.6134920634920635,0.5375661375661376,0.1
pade_21,2.9478096185418754,0.02907347145084273,3.4638896042601734,7.241370001868873,1,2.2714049095912454,3.0949841979624044,2.6080763154227555,2.9345211474929758,0.21534391534391534,0.1388888888888889,0.15687830687830687,0.16322751322751322,0.1
pade_32,3.310457223942311,0.07889966134110016,5.611169966410253,7.043128544023285,1,2.176204723548042,2.886859348812894,2.2971293149010976,2.291020823209758,0.24074074074074073,0.19470899470899472,0.2261904761904762,0.21798941798941798,0.1
pade_31,8.467197582596125,0.574402090492975,38.21668037063453,48.84147776680705,1,27.635813104592515,21.135868024719464,12.451438088896968,23.92421142945045,0.16084656084656085,0.09417989417989418,0.09365079365079365,0.11455026455026456,0.1
neville_2,13.347243077522865,5.353077541880538,25.949555937466638,34.56936997022612,1,11.275339953786238,12.670105938733611,7.654616289781191,12.520013767187285,0.20476190476190476,0.24682539682539684,0.27804232804232804,0.2417989417989418,0.1
neville_3,56.43181375893165,38.249294726524106,50.55175254538205,4.8896013708230175,1,2.3876964263954212,0.9999999999963108,0.7518796992504725,1.0000000000001688,0.19947089947089947,0.2373015873015873,0.2492063492063492,0.232010582010582,0.1
neville_4,78.67449054097227,61.71714325063695,38.820332926553355,0.5272765399004401,1,0.4422773437901209,0.1613846963716826,0.13923095531351842,0.1613846963716826,0.20555555555555555,0.2267195767195767,0.2328042328042328,0.22142857142857142,0.1
