comparison,target_g,mean_improvement,n_both_valid,n_total
threshold_vs_equal_52,0.02,-0.000338,3540,3540
threshold_vs_rational,0.02,-0.063559,3540,3540
capped_diag_vs_equal,0.02,0.0089,3540,3540
diag_vs_equal_52,0.02,0.0089,3540,3540
weighting_gain_9,0.02,0.008735,3540,3540
filter_benefit,0.02,-0.000493,3540,3540
pool_expansion_gain,0.02,-0.011955,3540,3540
threshold_vs_constant_assumed,0.02,-0.009284,3540,3540
rational_vs_window_min,0.02,0.082783,3540,3540
threshold_vs_equal_52,0.1,-0.000144,3780,3780
threshold_vs_rational,0.1,-0.053781,3780,3780
capped_diag_vs_equal,0.1,0.003804,3780,3780
diag_vs_equal_52,0.1,0.003807,3780,3780
weighting_gain_9,0.1,0.002336,3780,3780
filter_benefit,0.1,-0.000408,3780,3780
pool_expansion_gain,0.1,-0.010067,3780,3780
threshold_vs_constant_assumed,0.1,0.014419,3780,3780
rational_vs_window_min,0.1,0.068984,3780,3780
threshold_vs_equal_52,0.5,-0.000878,4320,4320
threshold_vs_rational,0.5,-0.02391,4320,4320
capped_diag_vs_equal,0.5,-0.00208,4320,4320
diag_vs_equal_52,0.5,-0.00208,4320,4320
weighting_gain_9,0.5,-0.001271,4320,4320
filter_benefit,0.5,-9.6e-05,4320,4320
pool_expansion_gain,0.5,-0.005735,4320,4320
threshold_vs_constant_assumed,0.5,0.114799,4320,4320
rational_vs_window_min,0.5,0.031058,4320,4320
