method,family,method_type,is_trivial,is_oracle,regime_set,target_g,valid_rate,cat_rate,med_error,med_improve,med_skill,n_regimes,n_cells,n_capped_excluded,rank,rank_eligible,med_skill_vs_assumed,med_skill_vs_last,med_skill_vs_wmean,med_skill_vs_wmin,win_rate_vs_assumed,win_rate_vs_last,win_rate_vs_wmean,win_rate_vs_wmin
constant_oracle,trivial,limit,1,1,core,0.02,1.0,0.0,0.0011144089285473257,49.022823442473054,0.031234596111918082,15,45,9,,0,0.0312,0.0204,0.0139,0.0204,1.0,1.0,1.0,1.0
richardson_2,richardson,trajectory,0,0,core,0.02,0.9919,0.0282,0.021789948219484743,2.572255086628866,0.8826010603020513,15,45,9,1.0,1,0.3187,0.3936,0.1975,0.2575,0.777,0.8467,0.857,0.8785
richardson_3,richardson,trajectory,0,0,core,0.02,0.9859,0.0452,0.02275268979899627,2.3978781138983347,0.8599270865805011,15,45,9,2.0,1,0.304,0.4179,0.197,0.3079,0.777,0.8104,0.8185,0.8563
rational_fit,parametric,trajectory,0,0,core,0.02,1.0,0.0119,0.02282322854251303,3.6021312396076204,0.6049496167310957,15,45,9,3.0,1,0.398,0.2778,0.182,0.2398,0.7615,0.843,0.883,0.8793
log_linear,baseline,trajectory,0,0,core,0.02,0.9785,0.0622,0.025056909973970247,2.395519235414376,0.7177785586183422,15,45,9,4.0,1,0.4269,0.4221,0.197,0.3523,0.8474,0.7615,0.8052,0.8059
richardson_1,richardson,trajectory,0,0,core,0.02,1.0,0.0333,0.026428951791240843,2.9063896429994522,0.8012965056478241,15,45,9,5.0,1,0.4018,0.3582,0.2486,0.2496,0.7793,0.8511,0.8785,0.883
pade_12,pade,trajectory,0,0,core,0.02,0.9985,0.0956,0.02896211398087025,2.037880111800511,1.0413026985430154,15,45,9,6.0,1,0.6615,0.4912,0.2282,0.3785,0.803,0.6622,0.7119,0.7037
pade_34,pade,trajectory,0,0,core,0.02,0.997,0.1081,0.029933263702616293,2.5754483239956105,1.0601710616912274,15,45,9,7.0,1,0.6507,0.3885,0.2168,0.3847,0.7711,0.6807,0.7252,0.72
pade_23,pade,trajectory,0,0,core,0.02,0.9956,0.1059,0.030798102488817033,2.038018988263063,0.9729669882873138,15,45,9,8.0,1,0.7986,0.4912,0.228,0.4362,0.7993,0.6689,0.7059,0.7119
pade_45,pade,trajectory,0,0,core,0.02,0.9978,0.0978,0.03082231698703458,2.098050603363853,0.992047912549952,15,45,9,9.0,1,0.6979,0.4768,0.2293,0.4629,0.8037,0.6763,0.7237,0.7178
pade_13,pade,trajectory,0,0,core,0.02,0.98,0.1652,0.03117442474638868,1.564785092429009,1.0726641719364964,15,45,9,10.0,1,1.0,0.6596,0.3731,0.6757,0.4763,0.5785,0.6304,0.6289
pade_33,pade,trajectory,0,0,core,0.02,0.9733,0.1674,0.032121556387589276,2.0275477725267708,1.3139897332267032,15,45,9,11.0,1,0.431,0.4934,0.32355,0.3987,0.6111,0.6474,0.6622,0.7022
pade_22,pade,trajectory,0,0,core,0.02,0.9267,0.1719,0.03236842055161722,1.643554161455739,1.8926271005058954,15,45,9,12.0,1,0.4634,0.5101,0.5143,0.3666,0.5881,0.603,0.6207,0.6533
double_exp_fit,parametric,trajectory,0,0,core,0.02,0.9778,0.0318,0.03273192569676377,1.9251302608764282,0.9316810606254273,15,45,9,13.0,1,0.6064,0.5194,0.4046,0.4535,0.743,0.8852,0.9044,0.9044
single_exp_fit,parametric,trajectory,0,0,core,0.02,1.0,0.0089,0.03678891560865255,1.483605061528922,1.0261025909142372,15,45,9,14.0,1,0.868,0.6741,0.4898,0.6741,0.6185,0.9563,0.9407,0.9748
richardson_a05,richardson,trajectory,0,0,core,0.02,1.0,0.0141,0.03742740444363829,2.8863578825834937,0.6901309632617588,15,45,9,15.0,1,0.5291,0.3465,0.2452,0.2743,0.6667,0.7548,0.8437,0.7993
richardson_a10,richardson,trajectory,0,0,core,0.02,1.0,0.0074,0.03917558955056748,1.564745416703935,1.2764481252893123,15,45,9,16.0,1,0.9737,0.6392,0.3873,0.5646,0.5482,0.897,0.9267,0.9326
wynn_eps_3,wynn_eps,limit,0,0,core,0.02,0.9541,0.06,0.04555917512381878,0.9902063122755864,1.6058362833516133,15,45,9,17.0,1,1.0591,1.0099,0.7183,1.0136,0.5326,0.4822,0.857,0.4518
stability_weighted,ensemble,trajectory,0,0,core,0.02,1.0,0.0237,0.04570611226125035,1.2093182100336706,1.461457148998568,15,45,9,18.0,1,0.6908,0.8269,0.5624,0.8245,0.563,0.657,0.8904,0.6704
pade_44,pade,trajectory,0,0,core,0.02,0.9748,0.1193,0.04625052085670725,1.4926842949911607,1.8099083228693646,15,45,9,19.0,1,0.6834,0.67,0.5555,0.4831,0.5793,0.5874,0.637,0.6385
brezinski_theta2,brezinski,limit,0,0,core,0.02,0.9748,0.0918,0.04769617406533434,0.9439743957888602,2.0665409995635358,15,45,9,20.0,1,1.0263,1.05935,0.7404,1.0672,0.4896,0.3533,0.7993,0.363
median_ensemble,ensemble,trajectory,0,0,core,0.02,1.0,0.0074,0.04818039433924193,1.0082234718419016,1.5213472046526335,15,45,9,21.0,1,0.8872,0.9918,0.6813,1.0021,0.5519,0.6726,0.9178,0.5348
pade_11,pade,trajectory,0,0,core,0.02,0.9985,0.0504,0.048736906645931985,1.351678798983579,1.7182639621422244,15,45,9,22.0,1,0.8733,0.6615,0.4982,0.6333,0.5548,0.6104,0.6963,0.6593
shanks_4,shanks,limit,0,0,core,0.02,0.9778,0.0422,0.050813122934422736,0.9738619092503205,1.6859993412802767,15,45,9,23.0,1,0.9065,1.0297,0.7303,1.0391,0.5311,0.3622,0.8733,0.34
wynn_eps_2,wynn_eps,limit,0,0,core,0.02,0.9652,0.0496,0.05132297798653454,0.9895734232628735,1.5945494963705815,15,45,9,24.0,1,0.94165,1.01055,0.7113,1.01475,0.5207,0.4659,0.8696,0.44
levin_t2,levin,limit,0,0,core,0.02,0.977,0.0422,0.05133981481844242,0.992446375787754,1.6018444875749758,15,45,9,25.0,1,0.9675499999999999,1.0076,0.7019,1.01325,0.5133,0.4985,0.8741,0.4748
levin_u2,levin,limit,0,0,core,0.02,0.9778,0.04,0.05134098524297583,0.9912027869230162,1.8675033811672819,15,45,9,26.0,1,1.1690999999999998,1.00885,0.7128,1.0157500000000002,0.5296,0.4533,0.8311,0.4356
brezinski_theta1,brezinski,limit,0,0,core,0.02,1.0,0.0422,0.05136124322789755,1.0327984757008082,1.8995368806604236,15,45,9,27.0,1,1.0612,0.9683,0.6814,0.9932,0.5141,0.5837,0.8859,0.5859
shanks_2,shanks,limit,0,0,core,0.02,0.9993,0.02,0.05136416891958713,0.9802069255639534,1.9275894446559627,15,45,9,28.0,1,1.1119,1.0202,0.7224,1.0288,0.5348,0.3474,0.8889,0.3393
shanks_3,shanks,limit,0,0,core,0.02,1.0,0.0193,0.05139115171696565,0.9835139630116247,1.5852804098917428,15,45,9,29.0,1,0.898,1.0168,0.7264,1.0289,0.5378,0.3956,0.8778,0.3696
levin_v1,levin,limit,0,0,core,0.02,0.9778,0.0452,0.051458080360682466,0.9814430178621045,1.766369835311203,15,45,9,30.0,1,1.2174,1.0189,0.72845,1.02605,0.5341,0.3815,0.8304,0.3467
levin_t1,levin,limit,0,0,core,0.02,0.9778,0.037,0.052322007637633575,1.0008140258692617,1.6543839809851482,15,45,9,31.0,1,1.10105,0.9992000000000001,0.6962,1.0039,0.5156,0.6067,0.88,0.4644
wynn_eps_1,wynn_eps,limit,0,0,core,0.02,0.9778,0.037,0.052322007637633575,1.0008140258692617,1.6543839809851553,15,45,9,32.0,1,1.10105,0.9992000000000001,0.6962,1.0039,0.5156,0.6067,0.88,0.4644
wynn_rho_1,wynn_rho,limit,0,0,core,0.02,0.977,0.037,0.05273103145160124,0.9974945591686604,1.6567405683315977,15,45,9,33.0,1,1.1883,1.0025,0.70195,1.01255,0.5163,0.4319,0.8815,0.3956
best_shanks_wynn,ensemble,limit,0,0,core,0.02,1.0,0.0148,0.053061474568578085,1.0003799839960115,1.7201652028040524,15,45,9,34.0,1,1.1021,0.9996,0.7023,1.0039,0.5178,0.6067,0.9022,0.4644
shanks_1,shanks,limit,0,0,core,0.02,1.0,0.0148,0.053061474568578085,1.0003799839960115,1.7201652028040524,15,45,9,35.0,1,1.1021,0.9996,0.7023,1.0039,0.5178,0.6067,0.9022,0.4644
levin_v2,levin,limit,0,0,core,0.02,0.977,0.0459,0.05313579768748238,0.9809121276277419,1.8980524411266662,15,45,9,36.0,1,1.3585,1.01945,0.72335,1.02475,0.5163,0.4156,0.8496,0.3785
geom_avg_diff,baseline,limit,0,0,core,0.02,0.5963,0.4496,0.05326336638891243,1.0009421887282628,1.9740707239808006,15,45,9,,0,1.0819,0.99885,0.68495,0.9994000000000001,0.3207,0.4067,0.5074,0.403
constant_assumed,trivial,limit,1,0,core,0.02,1.0,0.1874,0.05411628401719469,1.8705084316058813,1.0,15,45,9,37.0,1,1.0,0.5579,0.3731,0.5729,0.0,0.5437,0.6467,0.5385
wynn_rho_3,wynn_rho,limit,0,0,core,0.02,0.9711,0.0726,0.05453327961551185,0.9954404554116987,1.653199499728182,15,45,9,38.0,1,1.1899,1.00455,0.71265,1.0215,0.5222,0.4911,0.8348,0.4644
wynn_rho_2,wynn_rho,limit,0,0,core,0.02,0.9763,0.0556,0.05490811989101271,0.9997716207851236,1.8706715164980268,15,45,9,39.0,1,1.17985,1.0002,0.7231000000000001,1.0204,0.5037,0.4644,0.8126,0.4244
log_fit,parametric,trajectory,0,0,core,0.02,1.0,0.0141,0.07091499661786188,1.6393183307584533,1.634329116098479,15,45,9,40.0,1,1.1436,0.6104,0.6259,0.5451,0.5333,0.6837,0.8918,0.72
levin_u1,levin,limit,0,0,core,0.02,0.9778,0.0807,0.08391524590411936,1.0002893017334982,1.9244361922904551,15,45,9,41.0,1,1.6337000000000002,0.9997,0.71775,1.0124,0.4711,0.5119,0.8363,0.3763
anderson_2,anderson,limit,0,0,core,0.02,1.0,0.0119,0.09583887253002585,1.0000693274401846,1.9039362759240084,15,45,9,42.0,1,1.8186,0.9999,0.7198,1.0031,0.4519,0.5637,0.9044,0.4096
anderson_3,anderson,limit,0,0,core,0.02,1.0,0.0119,0.09633901917545455,0.999039499372308,1.8950639350569283,15,45,9,43.0,1,1.8072,1.001,0.7227,1.0043,0.4533,0.5341,0.9,0.3867
anderson_1,anderson,limit,0,0,core,0.02,1.0,0.0148,0.09689431735111645,1.0003799384192469,1.9213574257778072,15,45,9,44.0,1,1.7202,0.9996,0.7305,1.0039,0.4496,0.6067,0.9022,0.4622
last_value,trivial,limit,1,0,core,0.02,1.0,0.0,0.09699426623091595,1.0,1.873384344081087,15,45,9,45.0,1,1.8705,1.0,0.7153,1.0,0.4563,0.0,0.8985,0.1259
window_min,trivial,limit,1,0,core,0.02,1.0,0.0482,0.09699426623091595,1.0,1.9619005967755894,15,45,9,46.0,1,1.7508,1.0,0.7077,1.0,0.44,0.3044,0.8667,0.0
richardson_a20,richardson,trajectory,0,0,core,0.02,1.0,0.0052,0.0970080358912988,1.0419851511747171,1.8540333812083913,15,45,9,47.0,1,1.8472,0.9597,0.6801,0.9787,0.4726,0.7963,0.9519,0.74
window_mean,trivial,limit,1,0,core,0.02,1.0,0.0141,0.17490291679737338,0.7153260191018406,2.7817988128313607,15,45,9,48.0,1,2.6823,1.398,1.0,1.4129,0.3533,0.1015,0.0,0.1333
pade_21,pade,trajectory,0,0,core,0.02,0.4504,0.7163,0.21484108306943323,0.2937829754613699,8.10010797431884,15,45,9,,0,1.91835,3.41775,6.038600000000001,2.4250999999999996,0.2059,0.1119,0.1415,0.163
pade_32,pade,trajectory,0,0,core,0.02,0.5896,0.6874,0.2729385921790197,0.23999575645687832,8.577206515154403,15,45,9,,0,2.83465,4.18865,4.97055,3.43185,0.223,0.1511,0.1778,0.1956
neville_4,neville,trajectory,0,0,core,0.02,0.2859,0.7556,0.28400222737996217,0.2209360553939266,6.2813268110986815,15,45,9,,0,4.33065,6.28135,2.66135,6.28135,0.1941,0.2222,0.2222,0.2222
linear,baseline,trajectory,0,0,core,0.02,0.2963,0.8881,0.40552258684593756,0.16123932799253507,6.227067278112584,15,45,9,,0,2.2128,6.20195,3.7853000000000003,6.22705,0.137,0.0482,0.0141,0.1089
pade_31,pade,trajectory,0,0,core,0.02,0.6259,0.8393,1.8859105263544753,0.0687798925776253,37.20942475794256,15,45,9,,0,26.0901,14.5392,11.6305,14.5392,0.143,0.037,0.0504,0.0674
neville_2,neville,trajectory,0,0,core,0.02,0.6459,0.7259,6.1996990845840365,0.009871447771285593,256.91440406966035,15,45,9,,0,70.70345,101.6731,55.1404,103.73045,0.1889,0.223,0.2244,0.223
neville_3,neville,trajectory,0,0,core,0.02,0.4526,0.7778,160.87953029428934,0.0007548255624833074,4146.729911781694,15,45,9,,0,1775.2276,1371.1429,976.441,1371.1429,0.1852,0.2222,0.2222,0.2222
constant_oracle,trivial,limit,1,1,core,0.1,1.0,0.0,0.007726328808948083,9.005233625218938,0.16449363569450143,16,48,6,,0,0.15145,0.111,0.0751,0.1111,1.0,1.0,1.0,0.9375
log_linear,baseline,trajectory,0,0,core,0.1,0.9528,0.1118,0.020179207124564693,3.061156506518527,0.6012533336194672,16,48,6,1.0,1,0.29864999999999997,0.3324,0.193,0.2881,0.809,0.7563,0.7889,0.7924
richardson_3,richardson,trajectory,0,0,core,0.1,0.9799,0.0972,0.022187676584829893,2.8339879520962086,0.8271089193100412,16,48,6,2.0,1,0.31625000000000003,0.35409999999999997,0.19915,0.30655,0.7444,0.7743,0.7799,0.8201
richardson_2,richardson,trajectory,0,0,core,0.1,0.9924,0.0854,0.025680793692959128,2.9605638762494424,0.6957449616366677,16,48,6,3.0,1,0.3062,0.34040000000000004,0.2122,0.28575,0.7451,0.8063,0.816,0.8368
double_exp_fit,parametric,trajectory,0,0,core,0.1,0.9792,0.0292,0.02873251991700595,1.9532091083058014,0.7636651601123696,16,48,6,4.0,1,0.43755,0.513,0.3882,0.49945,0.7688,0.9111,0.8979,0.8625
pade_34,pade,trajectory,0,0,core,0.1,0.9924,0.0951,0.029133916841086287,2.3501556738964178,1.0083546957254381,16,48,6,5.0,1,0.5562,0.42925,0.2401,0.3946,0.757,0.6854,0.7188,0.6903
rational_fit,parametric,trajectory,0,0,core,0.1,1.0,0.009,0.02956233916617655,3.3531014372366155,0.6702267523614582,16,48,6,6.0,1,0.32765,0.29855,0.18564999999999998,0.25675000000000003,0.7875,0.8771,0.8382,0.8444
richardson_1,richardson,trajectory,0,0,core,0.1,1.0,0.0882,0.030059278740155702,3.144557646548946,0.8792214271206058,16,48,6,7.0,1,0.32889999999999997,0.3196,0.24305,0.2922,0.7424,0.8111,0.8375,0.834
pade_23,pade,trajectory,0,0,core,0.1,0.9958,0.0931,0.030226204924921403,2.373390066374415,0.8890859820814596,16,48,6,8.0,1,0.61795,0.42215,0.22865000000000002,0.36224999999999996,0.7618,0.7007,0.7222,0.7035
pade_12,pade,trajectory,0,0,core,0.1,0.9951,0.0875,0.031357279917059624,2.0868440267606063,0.9032929133670012,16,48,6,9.0,1,0.5884499999999999,0.48140000000000005,0.2656,0.4151,0.7694,0.684,0.7201,0.6833
pade_45,pade,trajectory,0,0,core,0.1,0.9938,0.0854,0.03178007343786815,2.4240472764051284,0.9729149381342035,16,48,6,10.0,1,0.5176000000000001,0.41275,0.2559,0.40045,0.766,0.7,0.7354,0.6993
pade_33,pade,trajectory,0,0,core,0.1,0.9951,0.1389,0.032854847024249303,2.219348825204735,1.333825096725353,16,48,6,11.0,1,0.41105,0.45294999999999996,0.36019999999999996,0.39575,0.6806,0.6778,0.6854,0.6674
pade_22,pade,trajectory,0,0,core,0.1,0.9243,0.1625,0.03331913825677172,1.9585576916910445,1.9035204739252252,16,48,6,12.0,1,0.4255,0.50905,0.43584999999999996,0.39659999999999995,0.65,0.6569,0.6674,0.6417
single_exp_fit,parametric,trajectory,0,0,core,0.1,1.0,0.0076,0.036132307931265775,1.5797397076329975,1.0008151345091147,16,48,6,13.0,1,0.78165,0.6383,0.46745000000000003,0.65845,0.6667,0.9618,0.8944,0.9153
richardson_a05,richardson,trajectory,0,0,core,0.1,1.0,0.009,0.038364777216431875,3.273639380838579,0.6743764697252728,16,48,6,14.0,1,0.50265,0.30545,0.23299999999999998,0.27745,0.7076,0.7118,0.8007,0.75
pade_13,pade,trajectory,0,0,core,0.1,0.9722,0.1514,0.03902204181157541,1.5450861057916647,1.303226189450419,16,48,6,15.0,1,1.0,0.6628499999999999,0.4703,0.68295,0.5375,0.575,0.6215,0.591
pade_11,pade,trajectory,0,0,core,0.1,0.9993,0.0493,0.03972094922015748,1.9614620797370736,1.5580535916219338,16,48,6,16.0,1,0.60995,0.50685,0.3558,0.4441,0.6375,0.7,0.716,0.6785
pade_44,pade,trajectory,0,0,core,0.1,0.9757,0.1111,0.04100654589882511,1.6730096011940154,1.946720353346782,16,48,6,17.0,1,0.5966,0.60135,0.5602,0.47524999999999995,0.6292,0.6285,0.6431,0.6083
wynn_eps_3,wynn_eps,limit,0,0,core,0.1,0.9569,0.0569,0.0438208308437035,0.9905957682186625,1.517960838053381,16,48,6,18.0,1,0.82785,1.0095,0.7068000000000001,1.0217,0.5646,0.4882,0.8229,0.4236
stability_weighted,ensemble,trajectory,0,0,core,0.1,1.0,0.0194,0.04561163667938753,1.062463914153252,1.3615195608067494,16,48,6,19.0,1,0.67255,0.9416,0.67425,0.99695,0.5736,0.6229,0.8611,0.5549
median_ensemble,ensemble,trajectory,0,0,core,0.1,1.0,0.0062,0.04727985439134463,1.0055696103291996,1.3974093519858082,16,48,6,20.0,1,0.84965,0.9944999999999999,0.6711,1.00325,0.584,0.6597,0.8792,0.4951
wynn_eps_2,wynn_eps,limit,0,0,core,0.1,0.9674,0.0479,0.047326072822671844,0.9894625367131084,1.520815399968969,16,48,6,21.0,1,0.8433,1.0106,0.7069,1.0195,0.5465,0.4708,0.8361,0.4125
levin_t2,levin,limit,0,0,core,0.1,0.9785,0.0396,0.04746158890409931,0.9931954546849918,1.519889148832327,16,48,6,22.0,1,0.8822,1.0069,0.6917,1.0169,0.5451,0.5028,0.8396,0.4451
shanks_4,shanks,limit,0,0,core,0.1,0.9792,0.041,0.04746230770043436,0.972864334615235,1.580751386188104,16,48,6,23.0,1,0.9296,1.0283,0.7157,1.0433,0.5667,0.3701,0.8396,0.3187
levin_u2,levin,limit,0,0,core,0.1,0.9792,0.0382,0.04746342864172837,0.9916874864026929,1.5916600331842243,16,48,6,24.0,1,1.0449,1.0084,0.6985,1.0177,0.5486,0.4618,0.8,0.4083
levin_v1,levin,limit,0,0,core,0.1,0.9792,0.0424,0.047561565567011334,0.9804537089249783,1.5711185096519695,16,48,6,25.0,1,0.948,1.0199,0.7167,1.0377,0.5528,0.3896,0.7993,0.3257
shanks_3,shanks,limit,0,0,core,0.1,1.0,0.0181,0.04756371893016745,0.9823989184899116,1.5157392175553057,16,48,6,26.0,1,0.77885,1.0179,0.70955,1.0385,0.5736,0.4014,0.8438,0.3465
brezinski_theta2,brezinski,limit,0,0,core,0.1,0.9764,0.0868,0.047777143400064045,0.9408509269750145,1.8055962024931163,16,48,6,27.0,1,0.8725,1.0629,0.7362,1.0757,0.5285,0.3625,0.7701,0.341
shanks_2,shanks,limit,0,0,core,0.1,0.9993,0.0194,0.047868450626317255,0.9800005315286396,1.6715575711809998,16,48,6,28.0,1,0.8767,1.0204,0.72495,1.0347,0.5597,0.3535,0.8542,0.318
wynn_rho_1,wynn_rho,limit,0,0,core,0.1,0.9785,0.0347,0.04891735814945223,0.9972740122925592,1.527931415936202,16,48,6,29.0,1,1.2165,1.0027,0.688,1.0192,0.5347,0.4375,0.8472,0.3708
wynn_rho_3,wynn_rho,limit,0,0,core,0.1,0.9729,0.0681,0.050208545254438394,0.9954086367695354,1.5455951385458904,16,48,6,30.0,1,1.0196,1.0046,0.7025,1.0341,0.5569,0.4937,0.8021,0.4306
levin_v2,levin,limit,0,0,core,0.1,0.9785,0.0431,0.050281621303046656,0.9809728346587083,1.6802628518679992,16,48,6,31.0,1,1.2929,1.0194,0.7111,1.0321,0.5403,0.4201,0.8174,0.3549
levin_t1,levin,limit,0,0,core,0.1,0.9792,0.0347,0.05047738070354921,1.0004693184926088,1.5232024060080842,16,48,6,32.0,1,0.9239,0.9995,0.6894,1.0048,0.541,0.6132,0.825,0.4354
wynn_eps_1,wynn_eps,limit,0,0,core,0.1,0.9792,0.0347,0.05047738070354922,1.000469318492609,1.523202406008084,16,48,6,33.0,1,0.9239,0.9995,0.6894,1.0048,0.541,0.6132,0.825,0.4354
geom_avg_diff,baseline,limit,0,0,core,0.1,0.6007,0.4417,0.05049465213778617,1.0,1.6719469766403985,16,48,6,,0,1.0324,0.999,0.6895,1.0008,0.3438,0.4104,0.4785,0.3771
wynn_rho_2,wynn_rho,limit,0,0,core,0.1,0.9778,0.0528,0.05098224218502938,0.9997880331253274,1.651102053193651,16,48,6,34.0,1,1.0465,1.0002,0.7132,1.03,0.5243,0.4542,0.784,0.3771
richardson_a10,richardson,trajectory,0,0,core,0.1,1.0,0.0063,0.05610627638978366,1.7202888230008118,1.0639920585703866,16,48,6,35.0,1,0.78655,0.58145,0.38444999999999996,0.5891,0.5986,0.8458,0.875,0.8743
brezinski_theta1,brezinski,limit,0,0,core,0.1,1.0,0.0396,0.058420003801917905,1.036620712952149,1.5183438780078062,16,48,6,36.0,1,1.0351,0.9647,0.6761,0.99375,0.541,0.5917,0.8306,0.5493
best_shanks_wynn,ensemble,limit,0,0,core,0.1,1.0,0.0139,0.05894943382380727,1.000442083038633,1.5377305899406903,16,48,6,37.0,1,1.07685,0.99955,0.6933,1.0070999999999999,0.5431,0.6132,0.8458,0.4354
shanks_1,shanks,limit,0,0,core,0.1,1.0,0.0139,0.05894943382380727,1.000442083038633,1.5377305899406903,16,48,6,38.0,1,1.07685,0.99955,0.6933,1.0070999999999999,0.5431,0.6132,0.8458,0.4354
constant_assumed,trivial,limit,1,0,core,0.1,1.0,0.1833,0.062036830449435316,1.4880895913919256,1.0,16,48,6,39.0,1,1.0,0.6819999999999999,0.48414999999999997,0.7876000000000001,0.0,0.5243,0.6194,0.4771
window_min,trivial,limit,1,0,core,0.1,1.0,0.0444,0.06808028685097574,1.0,1.4928686272977578,16,48,6,40.0,1,1.30395,1.0,0.67935,1.0,0.5028,0.3479,0.875,0.0
log_fit,parametric,trajectory,0,0,core,0.1,1.0,0.0097,0.07592461658065186,1.6264768619411971,1.5658927917492047,16,48,6,41.0,1,1.1233,0.6148,0.60995,0.73655,0.5313,0.6917,0.9111,0.6542
levin_u1,levin,limit,0,0,core,0.1,0.9792,0.0757,0.08634953813415522,1.0003127474852607,1.603460086674538,16,48,6,42.0,1,1.3545,0.9997,0.721,1.0191,0.4938,0.5035,0.7625,0.3319
last_value,trivial,limit,1,0,core,0.1,1.0,0.0,0.10303048749284283,1.0,1.569875599124766,16,48,6,43.0,1,1.4881,1.0,0.7007,1.0,0.4757,0.0,0.8424,0.1181
anderson_2,anderson,limit,0,0,core,0.1,1.0,0.0111,0.10359292547837116,1.000080498319599,1.5298563554304443,16,48,6,44.0,1,1.48,0.9999,0.7162999999999999,1.0061499999999999,0.4743,0.5708,0.8472,0.384
anderson_3,anderson,limit,0,0,core,0.1,1.0,0.0111,0.1037749763092308,0.9991084632162354,1.5592641108418512,16,48,6,45.0,1,1.4729999999999999,1.0008499999999998,0.71575,1.00935,0.4743,0.5396,0.8437,0.3625
anderson_1,anderson,limit,0,0,core,0.1,1.0,0.0139,0.10385789858293187,1.0004418704793414,1.5732183529554955,16,48,6,46.0,1,1.4936500000000001,0.99955,0.71825,1.0070999999999999,0.4701,0.6132,0.8458,0.4333
richardson_a20,richardson,trajectory,0,0,core,0.1,1.0,0.0042,0.1112885701716601,1.040938443270302,1.4773719608770277,16,48,6,47.0,1,1.4735999999999998,0.96065,0.66395,0.9816499999999999,0.4938,0.7194,0.8931,0.6632
window_mean,trivial,limit,1,0,core,0.1,1.0,0.0146,0.1462649129483456,0.7007279625310423,2.7325498065706304,16,48,6,48.0,1,2.07105,1.4271,1.0,1.47195,0.3806,0.1576,0.0,0.125
pade_32,pade,trajectory,0,0,core,0.1,0.6875,0.5819,0.25740683975128986,0.3728554926415738,5.547458859489219,16,48,6,,0,2.62435,2.6834,2.5941,1.8831000000000002,0.3069,0.2576,0.2514,0.3097
linear,baseline,trajectory,0,0,core,0.1,0.4438,0.7646,0.30567924491095194,0.2157907538353365,6.048078615996712,16,48,6,,0,4.5755,4.89815,2.403,4.9455,0.1562,0.0639,0.0188,0.1222
pade_21,pade,trajectory,0,0,core,0.1,0.6021,0.6049,0.3363963024795224,0.348683734801546,5.160831607359453,16,48,6,,0,2.32625,2.8928000000000003,3.12765,2.7047,0.2528,0.1542,0.1785,0.2111
pade_31,pade,trajectory,0,0,core,0.1,0.8674,0.7729,1.9534675617057702,0.04135292577432423,31.176385054480768,16,48,6,,0,27.9311,24.2331,11.6305,24.3661,0.1778,0.1146,0.1062,0.1562
neville_2,neville,trajectory,0,0,core,0.1,0.6611,0.7194,4.526901205523439,0.013894250656994069,192.49867984372247,16,48,6,,0,44.0486,71.9722,53.8282,66.7346,0.2271,0.2306,0.2528,0.2097
neville_4,neville,trajectory,0,0,core,0.1,0.3354,0.75,96.06736447122373,0.06969921386054821,1742.4755398870004,16,48,6,,0,661.6029,855.46435,573.3449999999999,855.46435,0.2243,0.2292,0.2292,0.2083
neville_3,neville,trajectory,0,0,core,0.1,0.4799,0.7708,111.07983725263524,0.0007844912986197006,3262.8665893374337,16,48,6,,0,774.2901,1352.3603,1032.8446,1320.5772,0.2153,0.2292,0.2292,0.2083
log_linear,baseline,trajectory,0,0,core,0.5,0.9821,0.0907,0.011055654441953285,3.0025784725846494,0.36167347038965497,18,54,0,1.0,1,0.09225,0.3338,0.1676,0.31945,0.9043,0.8247,0.8525,0.8407
richardson_3,richardson,trajectory,0,0,core,0.5,0.9821,0.0716,0.011560619880181427,2.716974794372633,0.4641749159015752,18,54,0,2.0,1,0.1185,0.3689,0.16985,0.29185,0.8907,0.7926,0.8161,0.7994
pade_11,pade,trajectory,0,0,core,0.5,0.9914,0.113,0.013150919527445815,2.395340233935711,0.4691178648880161,18,54,0,3.0,1,0.1134,0.38675000000000004,0.26195,0.3456,0.871,0.7759,0.7389,0.7506
pade_22,pade,trajectory,0,0,core,0.5,0.9481,0.1525,0.013839841724591618,2.570816045428028,0.5408863665454194,18,54,0,4.0,1,0.0942,0.3621,0.32289999999999996,0.3301,0.8142,0.7,0.7148,0.6852
pade_33,pade,trajectory,0,0,core,0.5,0.9944,0.1506,0.014278477231653194,3.4253480732909405,0.3972868544702009,18,54,0,5.0,1,0.08829999999999999,0.2803,0.20179999999999998,0.28365,0.8407,0.7315,0.716,0.7617
pade_44,pade,trajectory,0,0,core,0.5,0.9895,0.084,0.01534227309482935,2.1542882906129006,0.706489992194336,18,54,0,6.0,1,0.1158,0.4648,0.37805,0.3552,0.8352,0.6667,0.7247,0.6802
richardson_2,richardson,trajectory,0,0,core,0.5,0.9932,0.0747,0.015487878886171758,2.752162005313625,0.44363710830006375,18,54,0,7.0,1,0.13,0.36515,0.19415,0.38985000000000003,0.892,0.7932,0.8463,0.8012
rational_fit,parametric,trajectory,0,0,core,0.5,1.0,0.0123,0.015907627676839963,3.1687256821843133,0.49467717714579,18,54,0,8.0,1,0.14534999999999998,0.30974999999999997,0.19469999999999998,0.29595,0.9519,0.8488,0.8556,0.8327
double_exp_fit,parametric,trajectory,0,0,core,0.5,0.9815,0.0241,0.016459929520619213,3.102412958030917,0.4472510548649088,18,54,0,9.0,1,0.13545000000000001,0.3252,0.28445,0.3581,0.9815,0.8784,0.8821,0.8451
richardson_a05,richardson,trajectory,0,0,core,0.5,1.0,0.0105,0.01907061890662049,3.7190643747735272,0.3472589737798385,18,54,0,10.0,1,0.14334999999999998,0.26890000000000003,0.18475,0.2612,0.913,0.8074,0.8383,0.8062
single_exp_fit,parametric,trajectory,0,0,core,0.5,1.0,0.0049,0.02071989308188081,2.1947136407092196,0.629484647601093,18,54,0,11.0,1,0.20800000000000002,0.4558,0.31925000000000003,0.46040000000000003,0.9907,0.9025,0.8803,0.8599
pade_23,pade,trajectory,0,0,core,0.5,0.9802,0.1191,0.02113373753478824,1.6961808229860176,0.6933268646825504,18,54,0,12.0,1,0.2147,0.5972,0.26339999999999997,0.47875,0.7994,0.6037,0.6586,0.6358
pade_12,pade,trajectory,0,0,core,0.5,0.963,0.1302,0.02140252006945479,1.5209380162341053,0.832631309654519,18,54,0,13.0,1,0.19669999999999999,0.6415,0.31089999999999995,0.5202,0.8185,0.6111,0.6722,0.6364
richardson_1,richardson,trajectory,0,0,core,0.5,1.0,0.0296,0.021775651597563228,3.122124013757256,0.45583700896954266,18,54,0,14.0,1,0.1582,0.32115000000000005,0.23365000000000002,0.36515,0.8914,0.7833,0.8667,0.7975
pade_45,pade,trajectory,0,0,core,0.5,0.9858,0.0994,0.022878620607779517,1.2787735483390588,0.9752035107807395,18,54,0,15.0,1,0.2354,0.7822,0.31165,0.55925,0.8395,0.6062,0.6685,0.6185
pade_34,pade,trajectory,0,0,core,0.5,0.9802,0.1259,0.02441681985355935,1.3829287133992647,0.8880098617994896,18,54,0,16.0,1,0.26755,0.72315,0.29245,0.5056,0.7951,0.6037,0.6537,0.6309
geom_avg_diff,baseline,limit,0,0,core,0.5,0.5778,0.4562,0.030149119307010867,0.9866343885458658,1.0428507559525217,18,54,0,,0,0.3939,1.0136,0.583,1.0038,0.5352,0.3914,0.458,0.3765
pade_13,pade,trajectory,0,0,core,0.5,0.9901,0.0963,0.03653386379928135,1.2679558723935689,1.2074137310645332,18,54,0,17.0,1,0.23015,0.7887,0.33740000000000003,0.5278,0.8216,0.5204,0.6062,0.5667
richardson_a10,richardson,trajectory,0,0,core,0.5,1.0,0.0049,0.04087959267889574,1.63896152637099,0.6137253782970609,18,54,0,18.0,1,0.30465,0.61015,0.37185,0.61205,0.9278,0.7864,0.8957,0.729
median_ensemble,ensemble,trajectory,0,0,core,0.5,1.0,0.0068,0.0434704596039338,1.0024709575233754,1.0318072786184238,18,54,0,19.0,1,0.4403,0.9975499999999999,0.5506,1.0064,0.9586,0.642,0.8574,0.4654
brezinski_theta1,brezinski,limit,0,0,core,0.5,1.0,0.037,0.04817891867885264,1.0481369705702979,1.017750791878545,18,54,0,20.0,1,0.4323,0.95415,0.5674,0.99835,0.9358,0.5463,0.7994,0.5056
window_min,trivial,limit,1,0,core,0.5,1.0,0.0401,0.04838238160912816,1.0,1.0,18,54,0,21.0,1,0.4381,1.0,0.55805,1.0,0.9469,0.3907,0.8333,0.0
levin_t1,levin,limit,0,0,core,0.5,0.9815,0.0321,0.049017179097302035,1.0008408485760896,1.0396799457514083,18,54,0,22.0,1,0.4516,0.9992,0.5687,1.0087,0.9389,0.6037,0.7907,0.4272
wynn_eps_1,wynn_eps,limit,0,0,core,0.5,0.9815,0.0321,0.04901717909730205,1.0008408485760896,1.0396799457514072,18,54,0,23.0,1,0.4516,0.9992,0.5687,1.0087,0.9389,0.6037,0.7907,0.4272
wynn_eps_2,wynn_eps,limit,0,0,core,0.5,0.9704,0.0475,0.049038618415944854,0.9816324807248167,1.0778483897752313,18,54,0,24.0,1,0.4728,1.0187,0.5913,1.0349,0.9154,0.4877,0.8216,0.4086
log_fit,parametric,trajectory,0,0,core,0.5,1.0,0.0475,0.04929159718989043,1.33166466742607,0.9685854934100795,18,54,0,25.0,1,0.36329999999999996,0.751,0.5199,0.8604499999999999,0.8327,0.6266,0.934,0.6253
stability_weighted,ensemble,trajectory,0,0,core,0.5,1.0,0.0191,0.04933499956476649,1.003600620444645,1.0469116876962965,18,54,0,26.0,1,0.45125,0.9964,0.56945,1.0239,0.9432,0.5463,0.834,0.4901
best_shanks_wynn,ensemble,limit,0,0,core,0.5,1.0,0.0136,0.049414264162951964,1.000807582527306,1.0434133862189376,18,54,0,27.0,1,0.4542,0.9992,0.57065,1.0128,0.9432,0.6037,0.8093,0.4272
shanks_1,shanks,limit,0,0,core,0.5,1.0,0.0136,0.049414264162951964,1.000807582527306,1.0434133862189376,18,54,0,28.0,1,0.4542,0.9992,0.57065,1.0128,0.9432,0.6037,0.8093,0.4272
levin_t2,levin,limit,0,0,core,0.5,0.9809,0.0401,0.04974619921401326,0.9878839567150495,1.0507102136565085,18,54,0,29.0,1,0.4599,1.0123,0.5833,1.0318,0.9185,0.4741,0.8019,0.4037
wynn_eps_3,wynn_eps,limit,0,0,core,0.5,0.9605,0.0574,0.05066954817181575,0.987210286822905,1.079623957277151,18,54,0,30.0,1,0.43635,1.013,0.6006,1.03885,0.8889,0.4981,0.8148,0.4204
shanks_2,shanks,limit,0,0,core,0.5,0.9994,0.0216,0.05409270201671862,0.9647362829193538,1.0906942030145976,18,54,0,31.0,1,0.5151,1.03655,0.61385,1.0662500000000001,0.9105,0.3309,0.8148,0.2858
shanks_3,shanks,limit,0,0,core,0.5,1.0,0.0173,0.055284716205744946,0.974738551259823,1.092573093052701,18,54,0,32.0,1,0.48695,1.0259,0.6073500000000001,1.0699,0.9253,0.3951,0.8111,0.3296
shanks_4,shanks,limit,0,0,core,0.5,0.9815,0.0364,0.057041242806072645,0.9714478346639022,1.0980703893346986,18,54,0,33.0,1,0.4904,1.0294,0.6043,1.0799,0.9167,0.3846,0.8198,0.3228
brezinski_theta2,brezinski,limit,0,0,core,0.5,0.979,0.0877,0.057893732386181534,0.9074343374117351,1.1400840929072134,18,54,0,34.0,1,0.5313,1.102,0.6501,1.1394,0.837,0.3278,0.7444,0.2926
constant_oracle,trivial,limit,1,1,core,0.5,1.0,0.0012,0.0579106984855413,1.0047507099113098,0.999841565701157,18,54,0,,0,0.49385,0.99525,0.55845,0.9998,1.0,0.7278,0.8883,0.5383
wynn_rho_1,wynn_rho,limit,0,0,core,0.5,0.9809,0.0321,0.059814056557155215,0.9951392534925609,1.0600328423045733,18,54,0,35.0,1,0.503,1.0049,0.5899,1.0399,0.8827,0.421,0.758,0.3512
wynn_rho_2,wynn_rho,limit,0,0,core,0.5,0.9802,0.0525,0.06181512585109551,0.999947248141105,1.0779736940950504,18,54,0,36.0,1,0.4718,1.0001,0.603,1.0592,0.8519,0.4654,0.7148,0.3944
levin_v2,levin,limit,0,0,core,0.5,0.9809,0.0407,0.06569477171684861,0.9733620529562466,1.0935023887384527,18,54,0,37.0,1,0.5259,1.0277,0.6094,1.0622,0.9142,0.4179,0.7673,0.3173
levin_u2,levin,limit,0,0,core,0.5,0.9815,0.0574,0.06582553430815093,0.9837570050901051,1.0676661122106768,18,54,0,38.0,1,0.5044,1.0165,0.6277,1.0423,0.8907,0.3988,0.7469,0.3136
wynn_rho_3,wynn_rho,limit,0,0,core,0.5,0.9753,0.071,0.06604021265507361,0.9871847775527227,1.091884089530093,18,54,0,39.0,1,0.4443,1.013,0.6132,1.07,0.8204,0.4358,0.6926,0.3846
levin_u1,levin,limit,0,0,core,0.5,0.9815,0.0685,0.06648335007706756,1.0004333895929456,1.0786878156040385,18,54,0,40.0,1,0.5196,0.9996,0.6289,1.0476,0.8482,0.4136,0.6981,0.2426
anderson_3,anderson,limit,0,0,core,0.5,1.0,0.0099,0.06685551285298913,0.9988784642272402,1.0435674118059948,18,54,0,41.0,1,0.5085500000000001,1.00115,0.5949,1.0204,0.9506,0.5401,0.8056,0.3407
levin_v1,levin,limit,0,0,core,0.5,0.9815,0.0586,0.06733006116708865,0.9648713610481642,1.0960974983439868,18,54,0,42.0,1,0.522,1.0364,0.6476,1.0853,0.8877,0.2765,0.7463,0.1981
anderson_2,anderson,limit,0,0,core,0.5,1.0,0.0093,0.06792415063952255,1.0002240899483854,1.0380164497960103,18,54,0,43.0,1,0.5084500000000001,0.99975,0.60405,1.01835,0.9531,0.5679,0.8056,0.3611
last_value,trivial,limit,1,0,core,0.5,1.0,0.0,0.06904804753948152,1.0,1.020702253377967,18,54,0,44.0,1,0.507,1.0,0.5862,1.0,0.9605,0.0,0.8031,0.1049
anderson_1,anderson,limit,0,0,core,0.5,1.0,0.0136,0.0690702144530662,1.0007993562956345,1.0428761271395153,18,54,0,45.0,1,0.517,0.9992,0.6127,1.0190000000000001,0.9438,0.6037,0.8093,0.4062
richardson_a20,richardson,trajectory,0,0,core,0.5,1.0,0.0056,0.0753687957681743,1.022038689935121,1.0483004938194176,18,54,0,46.0,1,0.5122,0.9783999999999999,0.5908,1.01235,0.9253,0.5821,0.9062,0.4525
pade_32,pade,trajectory,0,0,core,0.5,0.9358,0.3377,0.10456604893678087,0.4888155126124774,2.932293589022556,18,54,0,47.0,1,0.86785,2.0697,1.3705500000000002,2.11145,0.5352,0.3401,0.4179,0.3864
window_mean,trivial,limit,1,0,core,0.5,1.0,0.0648,0.10664716580345789,0.5861981638916837,1.7921311882605364,18,54,0,48.0,1,0.83805,1.7059,1.0,1.7921,0.6105,0.1969,0.0,0.1667
constant_assumed,trivial,limit,1,0,core,0.5,1.0,0.2512,0.10941359339154792,0.5069671720110361,2.3133076772509487,18,54,0,49.0,1,1.0,1.97295,1.20255,2.3133,0.0,0.0395,0.3895,0.0352
linear,baseline,trajectory,0,0,core,0.5,0.9444,0.2982,0.1925007007557979,0.3559238675738386,3.1052300691266623,18,54,0,50.0,1,1.609,2.8096,1.7146,3.1016,0.3648,0.0753,0.3673,0.1111
pade_21,pade,trajectory,0,0,core,0.5,0.9216,0.3519,0.1934380633163731,0.46388442462902224,2.7107470515563,18,54,0,51.0,1,1.4297,2.1557,1.8338,2.1557,0.4593,0.3123,0.4062,0.3568
pade_31,pade,trajectory,0,0,core,0.5,0.8895,0.5265,0.20063301827217608,0.2474370577816256,5.6735929510109475,18,54,0,,0,1.3348,4.0468,2.1305,4.3204,0.4309,0.2698,0.3512,0.3191
neville_2,neville,trajectory,0,0,core,0.5,0.7056,0.7191,1.2617741157352076,0.019343483536213513,61.826478434756226,18,54,0,,0,9.0247,51.9024,29.32295,46.821,0.2907,0.2438,0.2519,0.2444
neville_4,neville,trajectory,0,0,core,0.5,0.4025,0.7407,12.142516365763587,0.0005435422946649738,2206.7639156025916,18,54,0,,0,249.9478,1882.61595,786.2698,906.43355,0.2525,0.2407,0.2407,0.2407
neville_3,neville,trajectory,0,0,core,0.5,0.563,0.7586,27.40063651439646,0.0009557267674535496,1435.5885195069116,18,54,0,,0,315.9541,1048.2680500000001,872.81845,735.2717,0.2556,0.2414,0.2414,0.2414
