regime,n_obs,target_g,n_f,achieved_g,capped,gap_obs,gap_f,degenerate,seed
single_exp,90,0.5,108,0.4867522559599715,False,0.02049279183546942,0.009974912656832825,False,
single_exp,90,0.1,148,0.09827358560436156,False,0.02049279183546942,0.0020139001327153655,False,
single_exp,90,0.02,188,0.01984109474437028,False,0.02049279183546942,0.0004065994243842065,False,
two_exp,90,0.5,129,0.4955914190433955,False,0.09894969228157895,0.04903861841173503,False,
two_exp,90,0.1,218,0.09985826346226055,False,0.09894969228157895,0.00988094444136352,False,
two_exp,90,0.02,308,0.01976182043192707,False,0.09894969228157895,0.001955426050663003,False,
three_exp,90,0.5,176,0.49876789415554024,False,0.14715482205748262,0.07339610071244385,False,
three_exp,90,0.1,377,0.09988829507506856,False,0.14715482205748262,0.014699044287397031,False,
three_exp,90,0.02,579,0.01984699300615729,False,0.14715482205748262,0.0029205807241971782,False,
four_exp,90,0.5,231,0.4980680166164721,False,0.16063362159719208,0.08000646931083435,False,
four_exp,90,0.1,631,0.09977805552230239,False,0.16063362159719208,0.016027710414473144,False,
four_exp,90,0.02,1033,0.019984291029188302,False,0.16063362159719208,0.0032101490430707937,False,
power_law,90,0.5,244,0.4999340482202355,False,0.034022091822737334,0.017008802093861648,False,
power_law,90,0.1,2441,0.09997859122064488,False,0.034022091822737334,0.003401480810816701,False,
power_law,90,0.02,24329,0.01999997709892598,False,0.034022091822737334,0.0006804410573123036,False,
rational_decay,90,0.5,205,0.5,False,0.1739130434782609,0.08695652173913045,False,
rational_decay,90,0.1,1125,0.09999999999999999,False,0.1739130434782609,0.017391304347826087,False,
rational_decay,90,0.02,5725,0.019999999999999997,False,0.1739130434782609,0.0034782608695652175,False,
mixed_pow_rat,90,0.5,254,0.4990202976120709,False,0.14907425061173388,0.07439107690656388,False,
mixed_pow_rat,90,0.1,2260,0.09998848741275486,False,0.14907425061173388,0.014905708830857217,False,
mixed_pow_rat,90,0.02,27113,0.019999572893685206,False,0.14907425061173388,0.0029814213416808682,False,
multiphase,90,0.5,504,0.49983903719462197,False,0.1991086841720937,0.09952229299366738,False,
multiphase,90,0.1,3852,0.0999996544626016,False,0.1991086841720937,0.019910799617712645,False,
multiphase,90,0.02,20594,0.019999293769431138,False,0.1991086841720937,0.003982033066802586,False,
osc_exp,90,0.5,107,0.47832942079368884,False,0.0517034358273824,0.024731274512355482,False,
osc_exp,90,0.1,165,0.09570953042125925,False,0.0517034358273824,0.004948511564204481,False,
osc_exp,90,0.02,222,0.019723199886557016,False,0.0517034358273824,0.0010197571996452364,False,
damped_osc_pow,90,0.5,260,0.49940767513390516,False,0.05572092355970022,0.02782745689126393,False,
damped_osc_pow,90,0.1,3014,0.09999319502597674,False,0.05572092355970022,0.005571713176532647,False,
damped_osc_pow,90,0.02,39688,0.019999828742130073,False,0.05572092355970022,0.0011144089285473253,False,
log_slow,90,0.5,8594,0.49999975284240333,False,0.17661737539939584,0.08830864404737189,False,
log_slow,90,0.1,50000,0.41863546463489004,True,0.17661737539939584,0.07393829701292087,False,
log_slow,90,0.02,50000,0.41863546463489004,True,0.17661737539939584,0.07393829701292087,False,
delayed_plateau,90,0.5,160,0.49658484551706805,False,0.24394202096654777,0.12113791079679449,False,
delayed_plateau,90,0.1,321,0.09926115995627992,False,0.24394202096654777,0.02421396796321869,False,
delayed_plateau,90,0.02,482,0.019841076433992064,False,0.24394202096654777,0.004840072283459769,False,
staircase,90,0.5,170,0.2777777777777778,False,0.18,0.05,False,
staircase,90,0.1,320,0.0,False,0.18,0.0,False,
staircase,90,0.02,320,0.0,False,0.18,0.0,False,
noisy_plateau,90,0.5,104,0.4965853037914094,False,0.00022217993076484614,0.00011033128841521543,False,
noisy_plateau,90,0.1,137,0.09536916221554956,False,0.00022217993076484614,2.118911385815218e-05,False,
noisy_plateau,90,0.02,169,0.019254701775386903,False,0.00022217993076484614,4.278008307353222e-06,False,
slow_osc_power,90,0.5,415,0.49840630355024784,False,0.028036975611018432,0.013973805377016148,False,
slow_osc_power,90,0.1,3483,0.09996889692898078,False,0.028036975611018432,0.0028028255250582496,False,
slow_osc_power,90,0.02,39003,0.01999670206152793,False,0.028036975611018432,0.0005606470479998605,False,
log_oscillatory,90,0.5,533,0.49841524754235217,False,0.205009834560287,0.10218002744098212,False,
log_oscillatory,90,0.1,50000,0.2992564263745022,True,0.205009834560287,0.061350510462139414,False,
log_oscillatory,90,0.02,50000,0.2992564263745022,True,0.205009834560287,0.061350510462139414,False,
heavy_noise_plat,90,0.5,97,0.49658530379140886,False,6.170490204333978e-06,3.0641747526611013e-06,False,
heavy_noise_plat,90,0.1,114,0.09071795328941246,False,6.170490204333978e-06,5.59774242129547e-07,False,
heavy_noise_plat,90,0.02,130,0.01831563888873418,False,6.170490204333978e-06,1.1301647034905272e-07,False,
broken_power_law,90,0.5,514,0.49991211917454004,False,0.13166593576440505,0.0658213969710826,False,
broken_power_law,90,0.1,28776,0.09999962012267244,False,0.13166593576440505,0.013166543559536696,False,
broken_power_law,90,0.02,50000,0.0801724362309424,True,0.13166593576440505,0.010555978838859123,False,
stretched_exp,90,0.5,193,0.49828241532615414,False,0.15619111210390085,0.07782728459160983,False,
stretched_exp,90,0.1,579,0.09979846505939677,False,0.15619111210390085,0.015587633243889473,False,
stretched_exp,90,0.02,1172,0.01998151982994824,False,0.15619111210390085,0.003120935803765763,False,
logistic_tail,90,0.5,105,0.47748855939048196,False,0.09532146292854908,0.04551490801274613,False,
logistic_tail,90,0.1,135,0.09609894819901184,False,0.09532146292854908,0.009160292328224665,False,
logistic_tail,90,0.02,164,0.019425008840604784,False,0.09532146292854908,0.0018516202600864472,False,
inv_sqrt_log,90,0.5,245,0.4997783934707863,False,0.02082884810994106,0.010409808246233367,False,
inv_sqrt_log,90,0.1,2929,0.09999046875803731,False,0.02082884810994106,0.002082686286202966,False,
inv_sqrt_log,90,0.02,41315,0.01999971499676627,False,0.02082884810994106,0.000416571025909755,False,
random_knots,90,0.5,400,0.49944700321229024,False,0.02465537597296797,0.012314053642771158,False,0.0
random_knots,90,0.1,6723,0.09999871691994223,False,0.02465537597296797,0.0024655059624755695,False,0.0
random_knots,90,0.02,50000,0.031837610467625926,True,0.02465537597296797,0.0007849682561602179,False,0.0
real_boot_a,90,0.5,125,0.4970613452560541,False,0.03768411375722776,0.018731316278949806,False,
real_boot_a,90,0.1,209,0.09859818176108498,False,0.03768411375722776,0.0037155850977405452,False,
real_boot_a,90,0.02,273,0.019982041391979923,False,0.03768411375722776,0.0007530055209170051,False,
real_boot_b,90,0.5,151,0.49684018628925675,False,0.08511401993826985,0.042288065521957505,False,
real_boot_b,90,0.1,335,0.09918842288666796,False,0.08511401993826985,0.008442325403221398,False,
real_boot_b,90,0.02,444,0.019968544279180225,False,0.08511401993826985,0.00169960307591637,False,
