method,broken_power_law,damped_osc_pow,delayed_plateau,four_exp,heavy_noise_plat,inv_sqrt_log,log_oscillatory,log_slow,logistic_tail,mixed_pow_rat,multiphase,noisy_plateau,osc_exp,power_law,random_knots,rational_decay,real_boot_a,real_boot_b,single_exp,slow_osc_power,staircase,stretched_exp,three_exp,two_exp
anderson_1,0.11819092063812248,0.05002690719445232,0.22026671081707616,0.14354189082481306,0.003450544048463313,0.018737104967015604,0.14074474967059458,0.10255891119064683,0.08530808794188444,0.1329632635065815,0.17880448120071077,0.0016391041090705015,0.047027957684409316,0.03058554250853874,0.051963706100450605,0.15605097001414336,0.14932702821598381,0.045350204784493295,0.017124757587401448,0.025166594460963844,0.2802364247757324,0.1398778752768532,0.13152508761920545,0.08896879896041593
anderson_2,0.11787456345701636,0.04990009251069949,0.21933774424231256,0.1432285182159408,0.002734565371380074,0.01872759430340666,0.1428396218652585,0.10243459248715533,0.0876672453348578,0.13276772993407449,0.1783940584640655,0.0017162007729411982,0.04700070819205909,0.030548903455811148,0.051778061613670795,0.15525653271596662,0.14883866073388669,0.04467342605755529,0.017012883915485152,0.025095195777603302,0.2802134174675779,0.13927730228443613,0.13111435938121424,0.08791335413932533
anderson_3,0.11755025323154261,0.049768621333634584,0.2193782377554264,0.14363764592208142,0.0029483656382396084,0.01870932922141659,0.14275819786279584,0.10230598310830177,0.08698658839233657,0.13315996941147332,0.17801685428097336,0.0016549727934987712,0.04689142418035064,0.030510615479568244,0.05332803403702166,0.15574405364350685,0.14928448345690248,0.04485787313140869,0.017394473409188132,0.025020730045226258,0.2799999000001,0.1397307255601074,0.13155343001657477,0.08841350078475403
best_shanks_wynn,0.1170059819414585,0.04860417032059276,0.22026841392186514,0.14354314937230464,0.003456077672409113,0.017189818507117538,0.1407436332438044,0.10113765673338954,0.08530551889884191,0.13296562641882181,0.17771370924915203,0.001639581656714073,0.047041668717935435,0.02906082401960047,0.04899347493337196,0.156052383179132,0.14937938730882458,0.04455610516155646,0.017125579473244605,0.02437198916855792,0.2802365268635867,0.13993201353954893,0.1315272217235423,0.0889690231990145
brezinski_theta1,0.11430515644127232,0.04582651987394158,0.21777437875459627,0.1410280397100059,0.008290017814965179,0.014221654047528889,0.1428379939316392,0.09837028283603144,0.07958503649888092,0.13062681604739024,0.17501888834430754,0.003929966167141863,0.04727764024936491,0.02618295937905958,0.04454875103718574,0.15284207161242155,0.14650824143001248,0.04186782827156728,0.014720970423215095,0.024184279365516655,0.2796633765480153,0.13691907223049987,0.12880673757862296,0.08594537732835547
brezinski_theta2,0.12180581776730601,0.05238470522553594,0.2326580499633313,0.15041243777466962,0.0163737475529051,0.02020953382989238,0.13697187358374302,0.10501622603723118,0.11020497275041606,0.13961922283159311,0.18573902283354882,0.009316051363522777,0.047777143400064045,0.03219861908104783,0.06942730368255871,0.16423669116307185,0.15721056686387422,0.049565078353451614,0.022763129910548394,0.026697023623025312,0.2832994792153466,0.1476166015208814,0.13901831474364432,0.09705140635655304
constant_assumed,0.06616719347911718,0.03219546964114833,0.06203185849097543,0.09692982931795122,0.05848695064161551,0.056130307268444014,0.11265611086107918,0.1280493439962614,0.05360778845366321,0.05625683084249692,0.05120714283004476,0.06984794541468639,0.07741366732728501,0.03387589534473314,0.06338304077914668,0.12904158828755635,0.07831069040168137,0.03183839351370529,0.03214884106681874,0.09052629064965353,0.05308498786489225,0.07073399550259982,0.077054757912844,0.062041802407895204
constant_oracle,0.013166543559536696,0.005571713176532649,0.02421396796321869,0.016027710414473144,5.59774242127678e-07,0.002082686286202966,0.06135051046213941,0.07393829701292087,0.009160292328224663,0.014905708830857217,0.019910799617712645,2.118911385814992e-05,0.004948511564204481,0.003401480810816703,0.005793211068421594,0.017391304347826094,0.01650103316536336,0.005077576980727805,0.0020139001327153655,0.0028028255250582487,0.0,0.015587633243889471,0.014699044287397031,0.009880944441363518
double_exp_fit,0.07292800416470373,0.039773570696335324,0.01598619854316556,0.09594125945933416,0.0009237297862633143,0.015270342481522231,0.11265611071782734,0.08369756168069245,0.026504836493709362,0.08580335361198502,0.1564210133514372,0.0007120762388916416,0.02868276943013913,0.024250667655455162,0.03757936685695415,0.08220819452562081,0.08313020090806822,0.032248173101506745,0.0007926454107456951,0.008806221327886003,0.03279952314849504,0.0714849723101279,0.07076701270448967,0.005537866977238577
geom_avg_diff,0.11864445892410833,0.05049465213778617,0.21414761294295606,0.14293740148484496,0.011483872219308178,0.020902197004656377,0.145715200287441,0.10300565106738227,0.05341583378270795,0.13335232368994498,0.17896521866590703,0.01480929968102678,0.04855694371930964,0.031287407382956385,0.05671433248092879,0.154060764698991,0.14823634279114,0.04611176113375051,0.023819201336114905,0.027125494041470022,,0.13860286315422615,0.13150888691690038,0.08685324775330514
last_value,0.11849939220486835,0.050149210383167574,0.2197280530033291,0.14460591118271893,0.002938326481179837,0.018746161823738096,0.14365932409814758,0.10267907838647497,0.08616117060032441,0.13416854178087667,0.17919788455438107,0.002404221041914229,0.04675492426317791,0.03062061101192063,0.05260774323835948,0.15652173913043482,0.15017287365022333,0.04602786584390968,0.018478891702754054,0.02523415008596018,0.18,0.14060347886001137,0.1324557777700856,0.08906874784021543
levin_t1,0.11700598194145964,0.04860417032059218,0.22026841392186333,0.14354314937230753,0.0034560776724091337,0.017189818507117573,0.140743633243805,0.10113765673338648,0.08530551889884001,0.13296562641882093,0.1777137092491486,0.0016395816567140748,0.0470416687179332,0.029060824019600424,0.04899347493337188,0.15605238317913897,0.14937938730882866,0.04455610516156105,0.017125579473244584,0.02437198916855622,0.2808650961058966,0.13993201353954773,0.13152722172354347,0.08896902319901437
levin_t2,0.11727277348492626,0.04926083705125577,0.2218348596936415,0.14374059786876997,0.0024857553292213386,0.0186948039943756,0.1396835076653865,0.10181665248997061,0.09088661105116444,0.13292724590299115,0.17799123389217672,0.0017329611482424312,0.047360532003667036,0.03026565764590982,0.05323087024879532,0.15651492022538357,0.14963335449798895,0.044847635258167026,0.017262475597702047,0.025203327574179462,0.28051957578083575,0.14026283842016268,0.13179462632371328,0.08923605666146582
levin_u1,0.1170030915654357,0.048602250594861306,0.22115092582301138,0.14585172075348382,0.003437617556558723,0.01719040296836607,0.1407501773097976,0.10113560466332899,0.08893962288233956,0.13536868577867606,0.17771074228934738,0.0016302687996310496,0.04705014955201123,0.029060194131713533,0.048995229493873305,0.1559985510777376,0.15148768628291087,0.04455306092937157,0.01712232750044231,0.024293352477033917,0.28086281983102795,0.14196796617431506,0.13373553371514235,0.09070941010002645
levin_u2,0.11727904349216461,0.04927534783588915,0.22186316048762023,0.14374429061144278,0.0024904056867374666,0.01870118098530699,0.13972376191699654,0.10183144480755715,0.09085626286116816,0.13298476520766,0.1803642452029177,0.0017400987623625908,0.047361033115104804,0.030274131301434297,0.05321788801086841,0.1565326455927969,0.1496848700835341,0.044854495607907274,0.017287101086296646,0.025209856091328805,0.280515565452647,0.14029873146367763,0.13392485195401077,0.08923873317834403
levin_v1,0.11936252963548077,0.051093144381742714,0.22504374906469143,0.14585697657024074,0.0031776431269375256,0.019257754892809256,0.13617941097228112,0.10369469412067854,0.09705568652525431,0.1349993175275928,0.18081764655014018,0.001586840243301909,0.047497086425235105,0.03140088971734932,0.05039666981677951,0.15932368831399232,0.15220066793180106,0.04705621271696189,0.01951863268298258,0.025783115693072112,0.2799294673349524,0.14274366392495247,0.13563113778068087,0.09276053251834887
levin_v2,0.11904697314926607,0.050281621303046656,0.2265916480432909,0.147824640327697,0.003017847171345054,0.01908098725735756,0.13502335342261204,0.10285121695415822,0.09924394146854346,0.13625155151336266,0.17990654636151354,0.0017374991991742743,0.047466441270130624,0.031157286074127023,0.05022880614163047,0.16038938410613857,0.15355067844174564,0.0469476875904907,0.019990342741225842,0.025585549599747605,0.27999895046619694,0.14402038984621912,0.13564393644263006,0.09377390850319367
linear,78.42894235734913,,,0.8778074335598235,0.0022180236832961397,0.9008839332212814,,,0.2612046906550987,,,0.002931725389664769,0.2826793406707626,,0.6053930019340918,,0.5674443860584127,0.45252494175188546,0.18691195510245265,,,0.9411791649091129,0.4598657775240854,0.3276373795023527
log_fit,0.07292815754015979,0.02829681594153339,0.21700686022914983,0.0858402175895715,0.0009619958311824868,0.01326298361780039,0.038847813610261864,0.0007975496190193512,0.23527786838732231,0.06764350261207905,0.08023772440581894,0.0009728971835609697,0.08783327796045878,0.01653333506378517,0.019944404054348944,0.0789594238262223,0.11359119333161319,0.050101836311410824,0.06349976038630044,0.024375239239257197,0.254268324421642,0.10079575965318718,0.10251327711655484,0.11337932734081202
log_linear,6.930951256453161,0.016713786941814468,0.0632874791974396,0.021878512571592963,0.0014975416051517948,0.025283679124405142,0.030626597752048096,0.05659322237777939,0.05120921564968596,0.012216560644125032,0.016715768970033247,0.0014318557853848224,0.015540109087046991,0.017908708054604303,0.01665270425346043,0.04132459099397927,0.03961265408976251,0.008735566969218943,0.008279091862799383,0.0687241273631714,0.07429748842927561,0.030545745545791172,0.035430466631817245,0.02246769465053525
median_ensemble,0.11793455666766783,0.04731175638190312,0.2180407617391643,0.14269020360371942,0.0019998549161889274,0.015786082171938446,0.13061137960517777,0.09985044678887056,0.08719440620217103,0.131892463873037,0.17668727768833478,0.0011180725387744768,0.04724795240078614,0.02771244240025105,0.04830228028379866,0.1547473144389035,0.14853003270188267,0.04362264788325819,0.01764320863826986,0.024371989168557304,0.2777239656096031,0.13851223581614006,0.13146372846717727,0.08744664234267839
neville_2,8.64235726253242,8.152049113467948,4.526901205523439,6.408173784683511,1.1971666622924007,8.131675741926788,19.993628868099893,8.667781372449154,0.905607661287906,8.00013551194296,8.366795907685354,2.6949920329457235,1.7265878108820516,8.032196145972977,7.987618449473769,7.341425436755608,5.367465777588537,4.954516603024788,1.3211853640094056,8.29890344843136,,6.197533428050127,5.061274969297941,3.019731912400906
neville_3,167.09758203284485,205.0742889185202,135.55051371802557,143.99420866192202,24.619362733485595,204.54475459919857,191.32219835953808,167.76279139354742,18.70006192409478,199.09298772790953,157.29087565099212,52.13512295344405,44.65223207975683,200.84730239710757,219.21694276633124,176.12510898326303,153.44394083114895,137.1949357022472,29.632291987116155,156.20555833702215,,191.9757424827518,141.75629167964996,95.00002743259398
neville_4,0.0372262211280459,0.004724614533413163,188.35961938821293,0.02086402542286073,194.5932602033924,0.001576643099005048,,0.04327244654553644,135.60201142188268,0.006536286945597106,0.05854326476297643,279.3025494187238,281.0027687662985,0.0023265098931677178,0.007063004939843831,0.0002761546047923367,0.19626541100332467,223.0851882460359,195.90093108081538,0.07931173067852844,,0.004192133451657738,232.72839825012983,160.06044851732764
pade_11,0.06010511573820078,0.011217182354268686,0.10230766818084394,0.03195400544805688,0.0011223714819676572,0.006857338188156509,0.12967550119571464,0.05773034620634113,0.2636392232923102,0.013854077949115123,0.12911730928026205,0.0021719878752238103,0.042072628661654204,0.005981970100247116,0.013366135285507766,0.0027647500065196683,0.04476303021474873,0.0010744941873160416,0.022045967009427445,0.07338762606074636,0.8851995323634424,0.004465560427464602,0.029411911159911663,0.03742301247547389
pade_12,0.06654212255820455,0.02849374678448595,0.047388344951950344,0.03775823413988712,0.002647816874077946,0.050656390263709175,0.11430655983808846,0.12675169541642534,0.04670524250420001,0.04322412475009705,0.061026286923001126,0.0032563127162917854,0.019441795040649693,0.02996113196888675,0.050951113315813694,0.09431553015447083,0.02633473784685941,0.012371066653223564,0.0104162642785254,0.08530939021943681,0.06635122951291383,0.02180767205995649,0.021928442603856176,0.02876827004298653
pade_13,0.06616645920583852,0.032805083943935914,0.028792161712557687,0.21329768201017843,0.005952509027824364,0.05631753401321744,0.11265590896648237,0.12805223102486007,0.025804342873195548,0.06349485611902042,0.051406844362601595,0.007130989859249736,0.03207047749580787,0.0363986460274955,0.06590874284552761,0.1587472200622183,0.18893866298920237,0.0793252190443838,0.011196952017824014,0.09031600109613178,0.08331543747707412,0.030931679434869984,0.08607360451325508,0.010951568758917646
pade_21,42.23018140909744,12.827995057395459,0.8029188726766299,0.5162319676626353,0.002571487776536875,0.044884370725570166,31.922551544771167,,0.23253396934503825,4.0403389068377,1.3074429930786882,0.004963596811267804,0.6315052210293692,0.06614247361566926,0.6624482358996754,0.309161931667711,0.14938327814634222,0.1412180132988348,0.02776958560994256,,,0.38709165802735973,0.15078458421658703,0.08930669187035273
pade_22,0.06038301022324856,0.009312074321952586,0.8864155189420592,0.028006267807583113,0.0013992199881900135,0.0020577564719410028,0.12317949387365948,0.05571533031455676,0.05237263709090917,0.01325310209179538,0.1274248319508584,0.002563907913032848,0.0026389694177106062,0.002512054564983955,0.010406216083836156,0.0022368363196300124,0.04977851803634188,0.00865213012927294,0.03346836717344266,0.2455694951211555,11.658345571810198,0.007970866075964554,0.03668537069262444,0.05637706098235861
pade_23,0.06690337968338919,0.02856230916353156,0.05074205793993376,0.04106168925723364,0.004162268829650657,0.05101107209514162,0.11319894531342675,0.12684757038294767,0.06723746644616652,0.042982769825616766,0.04353708599354797,0.003066872131229484,0.01953479226266712,0.02999411238896382,0.05128376485446025,0.09449302232162127,0.025840445051431897,0.0121824339045337,0.011619422031426227,0.08506238578040143,0.06132228565520919,0.022400212380477468,0.022489943452692167,0.02896136569820998
pade_31,233.67028259722264,124.21501159449284,1.1078856330802123,6.045594677255735,0.006972676148061754,59.21364212618288,,,0.41449403012249353,93.40963315831013,491.70630581381494,0.008436229940023132,0.6753148557878724,56.750145416956755,61.691031146695316,42.9156554805909,2.8890147079416257,3.0627031210942275,0.3082950914266658,89.05640804329065,4.385859075147531,5.373164705548446,1.9534675617057702,0.4342569954397391
pade_32,22.999403055126585,2.940743263643877,0.44736845625480237,0.22498127913712374,0.003480688778656974,0.00916913761914807,101.88562611145363,182.77253503712294,0.06801029605599146,1.4593411452555354,1.9022425162834253,0.004583018683974406,0.32520502179167776,6.107098810950928,0.5512299669885528,0.2120903777898146,0.10450367440642805,0.07548197003731263,0.03141016022474402,2.677887365193858,,0.16480998373191352,0.08274654743677112,0.05939974795963085
pade_33,0.06299935670935505,0.010180634157514558,0.3778539490728896,0.030513751411161846,0.0012166654681452956,0.0026259515528397337,0.06354539018230532,0.057181164086410274,0.05193119686249792,0.014482676816570776,0.1090458930614484,0.0029141747827770535,0.012288667804959505,0.003590098600461264,0.012746960810524136,0.003083985242647703,0.05052504527341832,0.004369002741601773,0.034308223259965735,0.16346206449228173,0.9524055719330544,0.009005761761330167,0.03140147078853288,0.03949332700166172
pade_34,0.06748916482672385,0.02881964022319665,0.06193849345435313,0.027826987411842422,0.005726725821179449,0.05084235342101949,0.11338628306341644,0.12689034760512713,0.07662237906064762,0.04310486333513426,0.045280192369155925,0.0037664787825411605,0.02199327796800684,0.029719807979733358,0.05158830644879518,0.059455801528051425,0.02590272077301651,0.011762326788231912,0.013047511533536778,0.09089867154087056,0.06952570034280922,0.018567031787288198,0.022953029369809596,0.02919827532133598
pade_44,0.0632412185424959,0.012348569183055474,0.553948707053252,0.04158117251836319,0.0013325019032445241,0.0036151609571108915,0.15460172370935782,0.06022863605125108,0.05893484908916567,0.01872975476153982,0.11589409396657602,0.0029333805800006857,0.08929430544432754,0.006136935419905192,0.017933681659437803,0.004608835862321754,0.05278425296823564,0.011144065359536496,0.03276976974619311,0.17741272916655532,0.49519888987418376,0.010476705037694784,0.03522451506545504,0.03744402277773831
pade_45,0.06819063384816348,0.028942014823077726,0.06386186546061005,0.03738891259978991,0.005253051599559869,0.05122566456428254,0.11130398254921534,0.12740766699894449,0.07442516301865544,0.04350016192283409,0.045917234706917026,0.005009596112212569,0.029698358585221366,0.02918022010725486,0.051912807487969184,0.06076968221504921,0.02526816189746942,0.011823048374388542,0.013253117675824388,0.08452441141464057,0.07438548439353054,0.013950310171035674,0.022217052209823944,0.03155106441483842
rational_fit,0.07292815755713591,0.011983275919267327,0.048072219848759964,0.0329062208155296,0.0011465469553999033,0.004396271168357958,0.11098327820578899,0.05848204038264623,0.10761121615649859,0.014790853397977723,0.11801355568526102,0.0007677892621933136,0.03626699232229073,0.006639018771487247,0.012176617288610652,0.001873615796169346,0.04876799943497924,0.004903795164438226,0.02748260312701628,0.0627466806417343,0.05189398478371986,0.0074428514361496445,0.033877709257798705,0.027543182606342982
richardson_1,0.8127866202091354,0.002627571738830426,0.06988373528642394,0.022335499118079673,0.0011260741190114235,0.002469486441436665,0.022569916602368373,0.021472303194776797,0.1408441718922011,0.012261721518114738,0.12283642900490273,0.0005670351893588069,0.03648360727496083,0.002360976173246994,0.009382024425015605,0.04083492126971658,0.04019785454749025,0.002311260918976486,0.02450351309831,0.06812428260031897,0.09671981386823345,0.03178262910328399,0.036295210452295786,0.025896152350573163
richardson_2,1.1796685375435523,0.009606015206074264,0.06988374511030129,0.015724618274228927,0.0015923669940184947,0.006573559833036498,0.08930925244173489,0.05108021081779722,0.11166049395653943,0.018371301626525047,0.13558414997524942,0.000687639750787776,0.026518873526411732,0.007262398143554956,0.012222279729936277,0.03932450926982377,0.040925691375208795,0.001001819432065662,0.021081053504197533,0.0767468066700464,0.08152140331099325,0.031552791674109515,0.02961869830671496,0.025092724740734682
richardson_3,1.1234397048249796,0.009606158936979178,0.06539399960979123,0.015958884080320646,0.002965333891873081,0.006919038004135851,0.0990281947071146,0.052533914893695514,0.09586073677441878,0.007855611734034634,0.13548151820374243,0.0028693715656490267,0.01734987442181842,0.007262418083914616,0.012057970736704858,0.044637610861378456,0.03404530948429263,0.0011602870475597785,0.018906272481837415,0.06949057113523394,0.08152125388400519,0.025985583789628168,0.025763064524683882,0.027403745099616687
richardson_a05,0.35314687683239226,0.013945358930773234,0.03960310196985857,0.044066491737860286,0.001262782533992323,0.009885090715326223,0.06533978416407686,0.03371087690713237,0.006495510171431785,0.012818559313763508,0.04921263735458764,0.0009306124623686303,0.06160143975995483,0.011614651342210191,0.013736150131343976,0.031415701116537936,0.04892248490532612,0.03897642468756028,0.05326843373916579,0.059844307848520725,0.03775549533470029,0.026664757090231795,0.04348834665821108,0.004876357239483098
richardson_a10,0.21244973133208905,0.023330312429099602,0.1294675918041053,0.09794116272422387,0.0011194282527452882,0.006560753486525531,0.10137954424242522,0.0774620337036061,0.061437374271479765,0.08452760121465977,0.12313515977132816,0.000609304028706013,0.02223231034278441,0.012568380729158855,0.026736854261356316,0.07267320800213542,0.10009612795442663,0.00042632034526434576,0.027015113304348068,0.010288862369538965,0.14200905542580716,0.08746752846313754,0.08843445365807553,0.04000707146420745
richardson_a20,0.1360958300593355,0.04726082014844515,0.2195989586017405,0.14302455951405113,0.0009401292248848729,0.017162249426170596,0.12042731001607206,0.10072966755234847,0.1377753738937007,0.13219031879256507,0.16939245843080342,0.00037970713593862837,0.028751687309248763,0.028513218036853652,0.04999997808686036,0.15001795384335487,0.14787375167883918,0.03712071851224997,0.008771378600119705,0.020963927185075917,0.24666621984288778,0.13938447744478388,0.13147291754836438,0.09140821591896436
shanks_1,0.1170059819414585,0.04860417032059276,0.22026841392186514,0.14354314937230464,0.003456077672409113,0.017189818507117538,0.1407436332438044,0.10113765673338954,0.08530551889884191,0.13296562641882181,0.17771370924915203,0.001639581656714073,0.047041668717935435,0.02906082401960047,0.04899347493337196,0.156052383179132,0.14937938730882458,0.04455610516155646,0.017125579473244605,0.02437198916855792,0.2802365268635867,0.13993201353954893,0.1315272217235423,0.0889690231990145
shanks_2,0.12004046986210937,0.05110251329329997,0.22547603033063168,0.1473068306976015,0.002104792951375955,0.019326071073807016,0.13842432261517643,0.10368828532016802,0.09744502773316321,0.1365264170166689,0.18089091810094488,0.0020700909180192614,0.04752121605966535,0.03154554144562222,0.05140688462397666,0.1599200832253016,0.1531921589122388,0.047720104044723294,0.020682220667855578,0.02583965415572745,0.28,0.14366005417851255,0.13534213342328671,0.09311649109263159
shanks_3,0.11977950004462251,0.050861438815576726,0.2264224933678285,0.14709953898416728,0.0021377911953860016,0.018303420235531803,0.13771800810691537,0.10345456817039403,0.10025545031467713,0.1365116589391574,0.18088679348620476,0.0015598036063725245,0.0474623973524064,0.030470694784772972,0.04933884885164523,0.1607266510806644,0.15334594931781328,0.04733821385567172,0.02070042594126934,0.02596027537767344,0.2801796404136736,0.14390742321094563,0.13548566294412856,0.09429180681059687
shanks_4,0.11930591415976582,0.05043502433248407,0.22842429916558937,0.1477517169777111,0.002294684717293811,0.018275106783344486,0.13027741879108823,0.10302088966075137,0.10419679889055616,0.13709875850778896,0.18210913061230433,0.0016161884386555851,0.04746230770043436,0.030946965115520367,0.052623035784863145,0.1620107537811642,0.1545152037636383,0.04811947516899959,0.021573271485173948,0.026197987593697892,0.27991419960652986,0.14512351348063354,0.13664386547930585,0.09619891677644415
single_exp_fit,0.07292815764407706,0.03976253954620365,0.014194563223046762,0.09774367068659867,0.0009955195377084206,0.015270879816803723,0.11265611086107846,0.0898023553715421,0.026504780963412015,0.09168215893017166,0.1708078868913894,0.0007121729404974027,0.03333492563913033,0.02425071319038436,0.03840195788354356,0.1039963369778221,0.1061860435201552,0.034216323766588855,0.0003275668676019526,0.008806249049896086,0.0685797361048719,0.08082274054231284,0.08537298920563047,0.004164519616025108
stability_weighted,0.0920587498655617,0.043077413348436414,0.2235704389061416,0.1325930522549611,0.0028660474136877794,0.01605895960511923,0.10096190780340383,0.06433537214244334,0.09517601368995185,0.12541252991579305,0.1746455080325215,0.0014024057252915133,0.047290752296232086,0.027554842265803705,0.03988980860446467,0.15352166335564044,0.14307161527181717,0.04230909315277291,0.01899429204445843,0.020751012273474017,0.2798154540692779,0.14036912185673825,0.13145888281454393,0.08868197889465895
window_mean,0.0729281575425749,0.06991181447144146,0.3291658532856431,0.19086099897785344,0.0008326876072723144,0.027272507543206037,0.13140172565605163,0.12189501409949946,0.28742839872058445,0.17703785609862105,0.21376285739256956,0.0013668790529204194,0.1257380083395128,0.04376578007408195,0.07219263912369889,0.22690106441086344,0.2036565750287449,0.08404233394623847,0.0818703482320186,0.04959054557416073,0.37716666666666665,0.19518920710512822,0.1828148347891817,0.16697739840667286
window_min,0.00633322541979511,0.04963069478283279,0.2197280530033291,0.1445656735583759,0.012596829949647375,0.017903651664894986,0.08591322288514003,0.10216976035015425,0.08616117060032441,0.13412830415653365,0.17877951841764325,0.005679583869031592,0.04587620053207456,0.029892551763331398,0.051739439439894994,0.15652173913043482,0.15013263602588034,0.045655622165332706,0.01838593872424643,0.02444242721168647,0.18,0.14056324123566838,0.13241554014574258,0.08906874784021543
wynn_eps_1,0.11700598194145964,0.04860417032059218,0.22026841392186333,0.14354314937230747,0.003456077672409137,0.017189818507117566,0.14074363324380504,0.10113765673338648,0.08530551889884004,0.13296562641882093,0.17771370924914856,0.001639581656714073,0.04704166871793318,0.02906082401960041,0.048993474933371875,0.156052383179139,0.14937938730882866,0.04455610516156105,0.017125579473244588,0.024371989168556242,0.2808650961058966,0.13993201353954776,0.13152722172354356,0.08896902319901435
wynn_eps_2,0.11971026225088631,0.05092213007816348,0.22433646162638182,0.1466309102456765,0.002483484089805456,0.01910639630455372,0.13852603544978936,0.103478220511825,0.09445113884193454,0.13599361151508937,0.1804018171822961,0.0014240567967049472,0.047326072822671844,0.031242479914966762,0.0511687433306403,0.15937241982134692,0.1537115435516388,0.04721407618414154,0.019979594553144138,0.025743052166551775,0.2797578074420711,0.1430416778937224,0.13476148912224017,0.09243600319546788
wynn_eps_3,0.11966693792073999,0.05080097877275503,0.22063805563445038,0.14705895385669107,0.0018797180609202123,0.01870941187516258,0.13364831059765847,0.1033800736626996,0.07236607064137304,0.13654297308769014,0.18043809194264404,0.0012978292445836384,0.046970515766281695,0.030864791568878735,0.05076531013362532,0.159072579006046,0.15272192956224306,0.047373698784870785,0.020789284050015677,0.026031542962136372,0.2801911195558936,0.14316350183458898,0.13499662861955056,0.09145815189735935
wynn_rho_1,0.11741760881265222,0.04891735814945223,0.22054981051184036,0.14401952663791773,0.003396649507549119,0.017496705549047226,0.14102343568114428,0.10145551823584775,0.08976091056920549,0.13347513863133253,0.17816193163261812,0.0014289219496094394,0.04722740335834403,0.029316135681432043,0.04902976774015826,0.1559735363784578,0.14951071585718262,0.045033646374589203,0.019725700627222828,0.023992604410142893,0.28236260851815004,0.13992369542732092,0.1318093242962815,0.09069122107539082
wynn_rho_2,0.1185361865223336,0.0499193891010254,0.2244562145573995,0.1445800404546912,0.003988218366707723,0.018784727823669585,0.1416126722086012,0.10244431903525089,0.09541090040787657,0.13445997629226272,0.18016467783653461,0.0016161622288455753,0.04672561707784291,0.030322332176841493,0.04777188105625749,0.15444047056172183,0.15060937542639996,0.04613303276698657,0.019944816643290186,0.02561449734004917,0.2810398797423335,0.13963631849912078,0.1340078750045076,0.09313482951461083
wynn_rho_3,0.1186950660666195,0.050208545254438394,0.22468385528219684,0.14481214552929328,0.0023114466524132033,0.01862020565459897,0.1962311568930664,0.10281542840223504,0.11036531046883337,0.1346282995049965,0.17948973025432013,0.0015697191547502376,0.04730245565955361,0.030149286246553518,0.05314045437978972,0.15503144550518677,0.15045876927112686,0.046501237218664615,0.020523325221899643,0.025670890123470992,0.28069123546645985,0.1427134992383951,0.1343262109294358,0.093114689971747
