regime_set,target_g,method,method_type,valid_rate,cat_rate,med_error,med_skill,n_cells
core,0.02,neville_2,trajectory,0.6459,0.7259,6.1996990845840365,256.91440406966035,45
core,0.02,pade_31,trajectory,0.6259,0.8393,1.8859105263544753,37.20942475794256,45
core,0.02,geom_avg_diff,limit,0.5963,0.4496,0.05326336638891243,1.9740707239808006,45
core,0.02,pade_32,trajectory,0.5896,0.6874,0.2729385921790197,8.577206515154403,45
core,0.02,neville_3,trajectory,0.4526,0.7778,160.87953029428934,4146.729911781694,45
core,0.02,pade_21,trajectory,0.4504,0.7163,0.21484108306943323,8.10010797431884,45
core,0.02,linear,trajectory,0.2963,0.8881,0.40552258684593756,6.227067278112584,45
core,0.02,neville_4,trajectory,0.2859,0.7556,0.28400222737996217,6.2813268110986815,45
core,0.1,pade_31,trajectory,0.8674,0.7729,1.9534675617057702,31.176385054480768,48
core,0.1,pade_32,trajectory,0.6875,0.5819,0.25740683975128986,5.547458859489219,48
core,0.1,neville_2,trajectory,0.6611,0.7194,4.526901205523439,192.49867984372247,48
core,0.1,pade_21,trajectory,0.6021,0.6049,0.3363963024795224,5.160831607359453,48
core,0.1,geom_avg_diff,limit,0.6007,0.4417,0.05049465213778617,1.6719469766403985,48
core,0.1,neville_3,trajectory,0.4799,0.7708,111.07983725263524,3262.8665893374337,48
core,0.1,linear,trajectory,0.4438,0.7646,0.30567924491095194,6.048078615996712,48
core,0.1,neville_4,trajectory,0.3354,0.75,96.06736447122373,1742.4755398870004,48
core,0.5,pade_31,trajectory,0.8895,0.5265,0.20063301827217608,5.6735929510109475,54
core,0.5,neville_2,trajectory,0.7056,0.7191,1.2617741157352076,61.826478434756226,54
core,0.5,geom_avg_diff,limit,0.5778,0.4562,0.030149119307010867,1.0428507559525217,54
core,0.5,neville_3,trajectory,0.563,0.7586,27.40063651439646,1435.5885195069116,54
core,0.5,neville_4,trajectory,0.4025,0.7407,12.142516365763587,2206.7639156025916,54
holdout,0.02,pade_44,trajectory,0.8911,0.1556,0.024066253672680973,0.614347934325024,15
holdout,0.02,pade_31,trajectory,0.7356,1.0,4.787922517158378,70.35936474965186,15
holdout,0.02,neville_2,trajectory,0.72,0.6533,5.795588361955498,161.96670584174362,15
holdout,0.02,geom_avg_diff,limit,0.6778,0.3311,0.06150624757827339,1.877637987109153,15
holdout,0.02,pade_32,trajectory,0.6667,0.4356,0.1399765222041414,2.802456651928419,15
holdout,0.02,pade_21,trajectory,0.6089,0.4711,0.42784638908954487,5.813503932336896,15
holdout,0.02,neville_3,trajectory,0.5311,0.6667,167.53000877483842,4246.912206590785,15
holdout,0.02,neville_4,trajectory,0.36,0.6667,0.026580493253453703,0.7727535103487871,15
holdout,0.02,linear,trajectory,0.2933,0.9044,0.6270265856746167,10.306264769671262,15
holdout,0.1,neville_2,trajectory,0.7267,0.6445,4.954516603024788,64.14108177886749,15
holdout,0.1,pade_21,trajectory,0.6822,0.3578,0.1909006606556379,4.083282276379704,15
holdout,0.1,geom_avg_diff,limit,0.68,0.3311,0.05034472669781381,1.4300118497429908,15
holdout,0.1,pade_32,trajectory,0.6689,0.3356,0.06801029605599146,1.358995271402125,15
holdout,0.1,neville_3,trajectory,0.5533,0.6667,137.1949357022472,2636.9878623154436,15
holdout,0.1,linear,trajectory,0.5244,0.7,0.5664985668002064,6.706278594525338,15
holdout,0.1,neville_4,trajectory,0.3822,0.6667,0.10691114025423137,1.5641991844403755,15
holdout,0.5,neville_2,trajectory,0.7611,0.6167,2.2714577707519035,31.954927106153967,18
holdout,0.5,geom_avg_diff,limit,0.6759,0.3426,0.027073491205186574,0.9953872153247469,18
holdout,0.5,neville_3,trajectory,0.6537,0.6611,62.02492257690332,940.7477456643842,18
holdout,0.5,neville_4,trajectory,0.4463,0.6667,115.71230630913729,1768.3439013588386,18
