regime_set,target_g,noise_class,pool,design,families,cells,chosen_valid_rate,win_vs_default,default_chosen,win_vs_last,med_error_chosen,med_error_default,med_error_last,med_ratio_vs_default,families_win_default_k,families_win_default_n,families_win_last_k,families_win_last_n
core,0.5,noise-free,lead,one_pilot,16,16,0.996264367816092,0.9084770114942529,0.029166666666666667,0.9311781609195402,0.0021758334693053,0.018473899660434626,0.07422094752510436,0.08994096039110808,15,16,15,16
core,0.5,noise-free,lead,many_pilots,16,16,1.0,0.95,0.0,0.91875,0.0018319670594591749,0.018473899660434626,0.07422094752510436,0.0862004058894848,16,16,15,16
core,0.5,noise-free,named,one_pilot,16,16,1.0,0.242816091954023,0.6833333333333333,0.9189655172413793,0.015380678596994875,0.018473899660434626,0.07422094752510436,1.0,3,16,15,16
core,0.5,noise-free,named,many_pilots,16,16,1.0,0.25625,0.6875,0.90625,0.014961306219601699,0.018473899660434626,0.07422094752510436,1.0,5,16,15,16
core,0.5,noise-free,classical,one_pilot,16,16,1.0,0.5729166666666667,0.0,0.9375,0.006148263903356975,0.018473899660434626,0.07422094752510436,0.6311399075326745,9,16,15,16
core,0.5,noise-free,classical,many_pilots,16,16,1.0,0.5729166666666667,0.0,0.9375,0.006148263903356975,0.018473899660434626,0.07422094752510436,0.6311399075326745,9,16,15,16
core,0.5,noise-free,all,one_pilot,16,16,0.996264367816092,0.9407327586206897,0.014583333333333334,0.9554597701149425,0.00023261446181785,0.018473899660434626,0.07422094752510436,0.010313880716486704,16,16,16,16
core,0.5,noise-free,all,many_pilots,16,16,1.0,0.9833333333333334,0.0,0.98125,0.00023261438777025,0.018473899660434626,0.07422094752510436,0.010250002339814431,16,16,16,16
core,0.5,intrinsic,lead,one_pilot,2,2,0.9925287356321839,0.34367816091954023,0.11666666666666667,0.6775862068965517,0.001020324049794725,0.000661086372745725,0.0022921549017802002,1.0975641551233069,0,2,2,2
core,0.5,intrinsic,lead,many_pilots,2,2,1.0,0.3333333333333333,0.5,0.8666666666666667,0.0005826179244292,0.000661086372745725,0.0022921549017802002,0.9124682582608451,1,2,2,2
core,0.5,intrinsic,named,one_pilot,2,2,1.0,0.3620689655172414,0.4,0.8350574712643678,0.00064862461251495,0.000661086372745725,0.0022921549017802002,1.0,0,2,2,2
core,0.5,intrinsic,named,many_pilots,2,2,1.0,0.35,0.5,0.8500000000000001,0.000582747410700175,0.000661086372745725,0.0022921549017802002,0.9133574172782092,1,2,2,2
core,0.5,intrinsic,classical,one_pilot,2,2,0.9977011494252874,0.22528735632183908,0.0,0.48563218390804597,0.0022295482600692,0.000661086372745725,0.0022921549017802002,2.971035526246281,0,2,1,2
core,0.5,intrinsic,classical,many_pilots,2,2,1.0,0.2833333333333333,0.0,0.5833333333333333,0.0015477591953371,0.000661086372745725,0.0022921549017802002,2.4714206165426535,0,2,2,2
core,0.5,intrinsic,all,one_pilot,2,2,0.9954022988505746,0.3948275862068965,0.0,0.6649425287356322,0.00106293861905815,0.000661086372745725,0.0022921549017802002,1.3105166521700027,0,2,2,2
core,0.5,intrinsic,all,many_pilots,2,2,1.0,0.6,0.0,0.8,0.0006105319789154,0.000661086372745725,0.0022921549017802002,0.830347371427133,2,2,2,2
core,0.5,sigma=0.001,lead,one_pilot,18,18,0.9909961685823754,0.680395913154534,0.07037037037037036,0.8889527458492975,0.00570336327721405,0.01633130658451985,0.06986649283996972,0.6102677329584802,13,18,17,18
core,0.5,sigma=0.001,lead,many_pilots,18,18,0.9925925925925926,0.7851851851851852,0.05555555555555555,0.898148148148148,0.00545913095206005,0.01633130658451985,0.06986649283996972,0.49026010057186814,17,18,17,18
core,0.5,sigma=0.001,named,one_pilot,18,18,1.0,0.25287356321839083,0.6555555555555556,0.9033844189016603,0.0116748875566752,0.01633130658451985,0.06986649283996972,1.0,4,18,17,18
core,0.5,sigma=0.001,named,many_pilots,18,18,1.0,0.2444444444444444,0.6870370370370371,0.8925925925925924,0.011393556002332175,0.01633130658451985,0.06986649283996972,1.0,5,18,17,18
core,0.5,sigma=0.001,classical,one_pilot,18,18,0.9969987228607918,0.15555555555555556,0.0,0.37905491698595145,0.07170769240863953,0.01633130658451985,0.06986649283996972,3.547063690371382,2,18,2,18
core,0.5,sigma=0.001,classical,many_pilots,18,18,1.0,0.1592592592592593,0.0,0.4833333333333333,0.07064787847025655,0.01633130658451985,0.06986649283996972,3.251081768656792,2,18,9,18
core,0.5,sigma=0.001,all,one_pilot,18,18,0.9921455938697318,0.7000638569604086,0.046296296296296294,0.9065772669220945,0.0029721277570614003,0.01633130658451985,0.06986649283996972,0.455037012776306,13,18,18,18
core,0.5,sigma=0.001,all,many_pilots,18,18,0.9925925925925926,0.8333333333333335,0.0,0.9518518518518518,0.00301439251277405,0.01633130658451985,0.06986649283996972,0.3889079534697441,16,18,18,18
core,0.5,sigma=0.005,lead,one_pilot,18,18,0.9928480204342274,0.5590038314176246,0.1148148148148148,0.8731162196679438,0.00894213134894365,0.015682463035467074,0.06822960223899323,0.9801217920812166,9,18,17,18
core,0.5,sigma=0.005,lead,many_pilots,18,18,1.0,0.6814814814814815,0.1388888888888889,0.9296296296296297,0.006491809820821425,0.015682463035467074,0.06822960223899323,0.6123679100790282,15,18,17,18
core,0.5,sigma=0.005,named,one_pilot,18,18,1.0,0.24227330779054915,0.638888888888889,0.9059386973180076,0.0130590300530074,0.015682463035467074,0.06822960223899323,1.0,4,18,17,18
core,0.5,sigma=0.005,named,many_pilots,18,18,1.0,0.30000000000000004,0.5833333333333334,0.9074074074074073,0.012660528010335525,0.015682463035467074,0.06822960223899323,1.0,7,18,17,18
core,0.5,sigma=0.005,classical,one_pilot,18,18,0.9982758620689656,0.1483397190293742,0.0,0.384610472541507,0.0708170489130505,0.015682463035467074,0.06822960223899323,3.502773647879075,2,18,2,18
core,0.5,sigma=0.005,classical,many_pilots,18,18,1.0,0.16296296296296295,0.0,0.548148148148148,0.06587999209165125,0.015682463035467074,0.06822960223899323,3.1188693348079304,2,18,16,18
core,0.5,sigma=0.005,all,one_pilot,18,18,0.9942528735632185,0.5993614303959132,0.05925925925925926,0.865581098339719,0.007480589108381225,0.015682463035467074,0.06822960223899323,0.8116945215944879,10,18,17,18
core,0.5,sigma=0.005,all,many_pilots,18,18,1.0,0.7648148148148148,0.08333333333333333,0.9648148148148148,0.004784928024094175,0.015682463035467074,0.06822960223899323,0.35358775840962303,16,18,18,18
core,0.5,all,lead,one_pilot,18,54,0.9932311621966795,0.6950404427415923,0.07469135802469136,0.8883567475521498,0.004838861378686251,0.015907627676839925,0.06904804753948147,0.39676185329671815,15,18,17,18
core,0.5,all,lead,many_pilots,18,54,0.9975308641975309,0.782716049382716,0.08333333333333333,0.9135802469135804,0.0040927892185125495,0.015907627676839925,0.06904804753948147,0.3412351381148024,16,18,17,18
core,0.5,all,named,one_pilot,18,54,1.0,0.25040442741592167,0.6487654320987654,0.9063218390804598,0.012141752161625425,0.015907627676839925,0.06904804753948147,1.0,3,18,17,18
core,0.5,all,named,many_pilots,18,54,1.0,0.2703703703703703,0.645679012345679,0.9,0.011917536896841526,0.015907627676839925,0.06904804753948147,1.0,5,18,17,18
core,0.5,all,classical,one_pilot,18,54,0.9983397190293741,0.2793954874414644,0.0,0.5503192848020434,0.0278706192925933,0.015907627676839925,0.06904804753948147,2.3929187336709483,2,18,16,18
core,0.5,all,classical,many_pilots,18,54,1.0,0.2876543209876543,0.0,0.6432098765432099,0.02599980268719115,0.015907627676839925,0.06904804753948147,2.2975365526194755,2,18,16,18
core,0.5,all,all,one_pilot,18,54,0.9941890166028097,0.726500638569604,0.03950617283950617,0.898446147296722,0.00310638808614735,0.015907627676839925,0.06904804753948147,0.3658058148396428,15,18,17,18
core,0.5,all,all,many_pilots,18,54,0.9975308641975309,0.8462962962962962,0.027777777777777776,0.9592592592592594,0.00327400061582345,0.015907627676839925,0.06904804753948147,0.27012728421009735,18,18,18,18
core,0.1,noise-free,lead,one_pilot,14,14,0.9972085385878489,0.8279146141215107,0.023809523809523808,0.9697044334975369,0.00572261167656885,0.0333919650366641,0.12547758498747696,0.14790660599490743,12,14,14,14
core,0.1,noise-free,lead,many_pilots,14,14,1.0,0.9047619047619048,0.0,1.0,0.0027209487065178502,0.0333919650366641,0.12547758498747696,0.10532256017411044,14,14,14,14
core,0.1,noise-free,named,one_pilot,14,14,1.0,0.3064039408866995,0.630952380952381,0.9981937602627259,0.0142651881733996,0.0333919650366641,0.12547758498747696,1.0,4,14,14,14
core,0.1,noise-free,named,many_pilots,14,14,1.0,0.31428571428571433,0.6428571428571429,1.0,0.014265084981731575,0.0333919650366641,0.12547758498747696,1.0,5,14,14,14
core,0.1,noise-free,classical,one_pilot,14,14,1.0,0.8022988505747125,0.0,0.9285714285714286,0.00664895371170155,0.0333919650366641,0.12547758498747696,0.19380839047404985,12,14,13,14
core,0.1,noise-free,classical,many_pilots,14,14,1.0,0.8023809523809523,0.0,0.9285714285714286,0.00664895371170155,0.0333919650366641,0.12547758498747696,0.19380839047404985,12,14,13,14
core,0.1,noise-free,all,one_pilot,14,14,0.999671592775041,0.8804597701149425,0.016666666666666666,0.975287356321839,0.00034253315718845,0.0333919650366641,0.12547758498747696,0.016790729222943536,13,14,14,14
core,0.1,noise-free,all,many_pilots,14,14,1.0,0.95,0.0,1.0,0.00034253315718845,0.0333919650366641,0.12547758498747696,0.01679072902079936,14,14,14,14
core,0.1,intrinsic,lead,one_pilot,2,2,0.9942528735632183,0.385632183908046,0.13333333333333333,0.6517241379310345,0.0011131892773089,0.0009059005225122749,0.002290902701524925,1.0051361659687317,0,2,2,2
core,0.1,intrinsic,lead,many_pilots,2,2,1.0,0.5833333333333333,0.03333333333333333,0.8,0.0007914857105395499,0.0009059005225122749,0.002290902701524925,0.7583241253175208,2,2,2,2
core,0.1,intrinsic,named,one_pilot,2,2,1.0,0.3563218390804598,0.4,0.7672413793103449,0.00079761246832915,0.0009059005225122749,0.002290902701524925,1.0,0,2,2,2
core,0.1,intrinsic,named,many_pilots,2,2,1.0,0.39999999999999997,0.25,0.75,0.000889430061246925,0.0009059005225122749,0.002290902701524925,0.8836623651831017,1,2,2,2
core,0.1,intrinsic,classical,one_pilot,2,2,0.9977011494252874,0.2885057471264368,0.0,0.48735632183908045,0.0022677578979618503,0.0009059005225122749,0.002290902701524925,2.056702137648684,0,2,1,2
core,0.1,intrinsic,classical,many_pilots,2,2,1.0,0.3833333333333333,0.0,0.5833333333333333,0.001550791573140625,0.0009059005225122749,0.002290902701524925,1.5918155164012175,0,2,2,2
core,0.1,intrinsic,all,one_pilot,2,2,0.9942528735632183,0.4160919540229885,0.016666666666666666,0.6189655172413793,0.001289194434163625,0.0009059005225122749,0.002290902701524925,1.177690521754835,0,2,2,2
core,0.1,intrinsic,all,many_pilots,2,2,1.0,0.6499999999999999,0.0,0.8166666666666667,0.0005517095382648,0.0009059005225122749,0.002290902701524925,0.6411637745978126,2,2,2,2
core,0.1,sigma=0.001,lead,one_pilot,16,16,0.9947557471264368,0.6635775862068966,0.06458333333333334,0.9223419540229885,0.007264726460761451,0.03030996904070212,0.10384893279333102,0.6207889199737235,11,16,16,16
core,0.1,sigma=0.001,lead,many_pilots,16,16,0.9979166666666667,0.7625,0.0625,0.95625,0.006388372582564824,0.03030996904070212,0.10384893279333102,0.48414534076396043,13,16,16,16
core,0.1,sigma=0.001,named,one_pilot,16,16,1.0,0.296551724137931,0.6125,0.9668821839080459,0.0133870646586225,0.03030996904070212,0.10384893279333102,1.0,4,16,16,16
core,0.1,sigma=0.001,named,many_pilots,16,16,1.0,0.3583333333333334,0.53125,0.9708333333333333,0.013088919571157,0.03030996904070212,0.10384893279333102,1.0,7,16,16,16
core,0.1,sigma=0.001,classical,one_pilot,16,16,0.9972701149425287,0.12636494252873565,0.0,0.3833333333333333,0.1059488759396738,0.03030996904070212,0.10384893279333102,3.811289199181804,2,16,2,16
core,0.1,sigma=0.001,classical,many_pilots,16,16,0.9979166666666667,0.12708333333333333,0.0,0.4708333333333333,0.10258347535878827,0.03030996904070212,0.10384893279333102,3.728839299094739,3,16,8,16
core,0.1,sigma=0.001,all,one_pilot,16,16,0.9973419540229885,0.6399425287356322,0.035416666666666666,0.9031609195402299,0.00801207074698425,0.03030996904070212,0.10384893279333102,0.7415060342225331,11,16,16,16
core,0.1,sigma=0.001,all,many_pilots,16,16,0.9979166666666667,0.8,0.0625,0.9645833333333333,0.006388372582564824,0.03030996904070212,0.10384893279333102,0.3993451579107169,14,16,16,16
core,0.1,sigma=0.005,lead,one_pilot,16,16,0.9952586206896552,0.5229166666666667,0.125,0.8816810344827586,0.0139644070333593,0.0295623391661765,0.10221204219235452,0.9478280700389607,8,16,15,16
core,0.1,sigma=0.005,lead,many_pilots,16,16,1.0,0.6791666666666667,0.125,0.9520833333333334,0.00924475545877615,0.0295623391661765,0.10221204219235452,0.585337170383614,13,16,16,16
core,0.1,sigma=0.005,named,one_pilot,16,16,1.0,0.2788793103448276,0.6083333333333334,0.9441810344827586,0.015233351868489224,0.0295623391661765,0.10221204219235452,1.0,3,16,16,16
core,0.1,sigma=0.005,named,many_pilots,16,16,1.0,0.3458333333333333,0.53125,0.9541666666666667,0.015159599727291724,0.0295623391661765,0.10221204219235452,1.0,7,16,16,16
core,0.1,sigma=0.005,classical,one_pilot,16,16,0.998132183908046,0.1311781609195402,0.0,0.3684626436781609,0.10526215189442101,0.0295623391661765,0.10221204219235452,3.8358323710168323,2,16,1,16
core,0.1,sigma=0.005,classical,many_pilots,16,16,1.0,0.14583333333333331,0.0,0.5354166666666667,0.10012526688481388,0.0295623391661765,0.10221204219235452,3.5355742452486036,2,16,15,16
core,0.1,sigma=0.005,all,one_pilot,16,16,0.9918103448275861,0.5028735632183908,0.07916666666666666,0.8456896551724138,0.01891158447587915,0.0295623391661765,0.10221204219235452,0.9856239635966475,8,16,15,16
core,0.1,sigma=0.005,all,many_pilots,16,16,1.0,0.7,0.125,0.9770833333333333,0.00924475545877615,0.0295623391661765,0.10221204219235452,0.5647454281929922,13,16,16,16
core,0.1,all,lead,one_pilot,16,48,0.9956178160919539,0.6530411877394636,0.07569444444444444,0.9113266283524905,0.010366761997085399,0.0295623391661765,0.10303048749284277,0.6193111304080797,12,16,16,16
core,0.1,all,lead,many_pilots,16,48,0.9993055555555556,0.7687499999999999,0.06388888888888888,0.9611111111111111,0.0077230629396851,0.0295623391661765,0.10303048749284277,0.3912861205116154,15,16,16,16
core,0.1,all,named,one_pilot,16,48,1.0,0.29602490421455935,0.6076388888888888,0.9601293103448277,0.013934495108481201,0.0295623391661765,0.10303048749284277,1.0,4,16,16,16
core,0.1,all,named,many_pilots,16,48,1.0,0.3430555555555556,0.5520833333333334,0.9645833333333332,0.013860639775615675,0.0295623391661765,0.10303048749284277,1.0,6,16,16,16
core,0.1,all,classical,one_pilot,16,48,0.9983716475095785,0.33187260536398466,0.0,0.5417385057471265,0.03109609815076785,0.0295623391661765,0.10303048749284277,2.014308961256739,2,16,14,16
core,0.1,all,classical,many_pilots,16,48,0.9993055555555556,0.34097222222222223,0.0,0.6305555555555555,0.0286294971845237,0.0295623391661765,0.10303048749284277,1.6055593455649069,2,16,15,16
core,0.1,all,all,one_pilot,16,48,0.9960488505747126,0.6550766283524904,0.04374999999999999,0.893199233716475,0.00705097135808315,0.0295623391661765,0.10303048749284277,0.49186610158544025,12,16,16,16
core,0.1,all,all,many_pilots,16,48,0.9993055555555556,0.8041666666666666,0.0625,0.9729166666666665,0.0048294961046623005,0.0295623391661765,0.10303048749284277,0.26771653446977256,15,16,16,16
core,0.02,noise-free,lead,one_pilot,13,13,0.9928381962864722,0.7836427939876216,0.028205128205128202,0.9713527851458886,0.0055163084090938,0.03033444959787925,0.1442342413332854,0.27811627613301454,11,13,13,13
core,0.02,noise-free,lead,many_pilots,13,13,1.0,0.8615384615384615,0.0,1.0,0.0048899803701552,0.03033444959787925,0.1442342413332854,0.09377396899085097,13,13,13,13
core,0.02,noise-free,named,one_pilot,13,13,1.0,0.2733863837312113,0.6717948717948717,0.9800176834659594,0.0198345399959063,0.03033444959787925,0.1442342413332854,1.0,3,13,13,13
core,0.02,noise-free,named,many_pilots,13,13,1.0,0.27692307692307694,0.6923076923076923,0.9692307692307692,0.0198345399959063,0.03033444959787925,0.1442342413332854,1.0,4,13,13,13
core,0.02,noise-free,classical,one_pilot,13,13,1.0,0.8205128205128205,0.0,0.9230769230769231,0.0031678372865781,0.03033444959787925,0.1442342413332854,0.08993181158202941,11,13,12,13
core,0.02,noise-free,classical,many_pilots,13,13,1.0,0.8205128205128205,0.0,0.9230769230769231,0.0031678372865781,0.03033444959787925,0.1442342413332854,0.08993181158202941,11,13,12,13
core,0.02,noise-free,all,one_pilot,13,13,0.9996463306808134,0.8593280282935456,0.023076923076923075,0.984792219274978,0.00279770099687,0.03033444959787925,0.1442342413332854,0.08957001452675598,12,13,13,13
core,0.02,noise-free,all,many_pilots,13,13,1.0,0.9410256410256411,0.0,1.0,0.0027929146649735,0.03033444959787925,0.1442342413332854,0.0885963312644276,13,13,13,13
core,0.02,intrinsic,lead,one_pilot,2,2,0.9896551724137931,0.4339080459770115,0.08333333333333333,0.6097701149425288,0.0012496116302312,0.001082880713012875,0.002290679322639025,1.0000584131473982,0,2,2,2
core,0.02,intrinsic,lead,many_pilots,2,2,1.0,0.6833333333333333,0.0,0.8,0.0006539596752767,0.001082880713012875,0.002290679322639025,0.631550877141071,2,2,2,2
core,0.02,intrinsic,named,one_pilot,2,2,1.0,0.39425287356321836,0.3666666666666667,0.7385057471264368,0.0008825454943766501,0.001082880713012875,0.002290679322639025,1.0,0,2,2,2
core,0.02,intrinsic,named,many_pilots,2,2,1.0,0.5,0.13333333333333333,0.7166666666666667,0.000951622408163425,0.001082880713012875,0.002290679322639025,0.8746229984314265,1,2,2,2
core,0.02,intrinsic,classical,one_pilot,2,2,0.9977011494252874,0.35229885057471266,0.0,0.48908045977011494,0.0022746939424897,0.001082880713012875,0.002290679322639025,1.628884228407013,0,2,1,2
core,0.02,intrinsic,classical,many_pilots,2,2,1.0,0.44999999999999996,0.0,0.5833333333333333,0.0015594705048019252,0.001082880713012875,0.002290679322639025,1.2950184542903318,1,2,2,2
core,0.02,intrinsic,all,one_pilot,2,2,0.9948275862068965,0.4528735632183908,0.05,0.5913793103448275,0.001333246406284475,0.001082880713012875,0.002290679322639025,1.1072467775370511,0,2,2,2
core,0.02,intrinsic,all,many_pilots,2,2,1.0,0.7166666666666667,0.0,0.8333333333333334,0.00059213329953405,0.001082880713012875,0.002290679322639025,0.6109954156332414,2,2,2,2
core,0.02,sigma=0.001,lead,one_pilot,15,15,0.9955555555555555,0.6369348659003832,0.06888888888888887,0.9173180076628353,0.0062292214737043,0.022823228542513,0.0970591290017051,0.6548639445326544,10,15,15,15
core,0.02,sigma=0.001,lead,many_pilots,15,15,1.0,0.6866666666666668,0.06666666666666667,0.94,0.0050753575602049995,0.022823228542513,0.0970591290017051,0.3884721203876169,11,15,15,15
core,0.02,sigma=0.001,named,one_pilot,15,15,1.0,0.28245210727969355,0.6355555555555555,0.9449808429118776,0.0152047443413845,0.022823228542513,0.0970591290017051,1.0,3,15,15,15
core,0.02,sigma=0.001,named,many_pilots,15,15,1.0,0.32,0.6,0.94,0.0152047443413845,0.022823228542513,0.0970591290017051,1.0,6,15,15,15
core,0.02,sigma=0.001,classical,one_pilot,15,15,0.997088122605364,0.1596934865900383,0.0,0.38858237547892727,0.0998577178939236,0.022823228542513,0.0970591290017051,4.051042072368544,1,15,2,15
core,0.02,sigma=0.001,classical,many_pilots,15,15,0.9955555555555555,0.1622222222222222,0.0,0.4622222222222222,0.09425595859385541,0.022823228542513,0.0970591290017051,3.972329145666037,2,15,7,15
core,0.02,sigma=0.001,all,one_pilot,15,15,0.9988505747126436,0.6501149425287356,0.03777777777777778,0.9108812260536399,0.0059065622101671,0.022823228542513,0.0970591290017051,0.3882928007713766,10,15,15,15
core,0.02,sigma=0.001,all,many_pilots,15,15,1.0,0.7666666666666667,0.06666666666666667,0.957777777777778,0.004927154039405,0.022823228542513,0.0970591290017051,0.3363443922152796,13,15,15,15
core,0.02,sigma=0.005,lead,one_pilot,15,15,0.9957854406130268,0.4693486590038314,0.1488888888888889,0.8563984674329501,0.0152156510585223,0.022990328534788253,0.0954222384007286,1.0,6,15,14,15
core,0.02,sigma=0.005,lead,many_pilots,15,15,1.0,0.6088888888888888,0.13333333333333333,0.9266666666666669,0.010801287685208449,0.022990328534788253,0.0954222384007286,0.6805340715940198,11,15,15,15
core,0.02,sigma=0.005,named,one_pilot,15,15,1.0,0.24475095785440615,0.6422222222222221,0.9205363984674332,0.0170849241637353,0.022990328534788253,0.0954222384007286,1.0,3,15,15,15
core,0.02,sigma=0.005,named,many_pilots,15,15,1.0,0.2977777777777778,0.6,0.92,0.0169383795593262,0.022990328534788253,0.0954222384007286,1.0,6,15,15,15
core,0.02,sigma=0.005,classical,one_pilot,15,15,0.9980076628352491,0.1546360153256705,0.0,0.36544061302681996,0.0996951109975809,0.022990328534788253,0.0954222384007286,3.624640650455318,2,15,1,15
core,0.02,sigma=0.005,classical,many_pilots,15,15,1.0,0.16666666666666666,0.0,0.5333333333333332,0.09387089571905595,0.022990328534788253,0.0954222384007286,3.3895438132295457,3,15,14,15
core,0.02,sigma=0.005,all,one_pilot,15,15,0.992183908045977,0.48360153256704985,0.08000000000000002,0.8267432950191568,0.0163939309366159,0.022990328534788253,0.0954222384007286,1.0,7,15,15,15
core,0.02,sigma=0.005,all,many_pilots,15,15,1.0,0.6644444444444445,0.13333333333333333,0.9488888888888891,0.01035360168665235,0.022990328534788253,0.0954222384007286,0.5093017101421236,12,15,15,15
core,0.02,all,lead,one_pilot,15,45,0.9945849297573438,0.6144316730523627,0.08444444444444443,0.8989527458492975,0.0092180384640639,0.022823228542513,0.0969942662309159,0.6948952159466224,9,15,15,15
core,0.02,all,lead,many_pilots,15,45,1.0,0.7111111111111109,0.06666666666666667,0.9466666666666667,0.0065641561965311,0.022823228542513,0.0969942662309159,0.36369092026740324,13,15,15,15
core,0.02,all,named,one_pilot,15,45,1.0,0.2722349936143039,0.6362962962962964,0.937777777777778,0.0152047443413845,0.022823228542513,0.0969942662309159,1.0,3,15,15,15
core,0.02,all,named,many_pilots,15,45,1.0,0.3081481481481481,0.6059259259259259,0.9318518518518518,0.0152047443413845,0.022823228542513,0.0969942662309159,1.0,6,15,15,15
core,0.02,all,classical,one_pilot,15,45,0.9982630906768838,0.35747126436781607,0.0,0.5397445721583652,0.0342570101631353,0.022823228542513,0.0969942662309159,2.0070957164498067,3,15,13,15
core,0.02,all,classical,many_pilots,15,45,0.9985185185185186,0.36666666666666664,0.0,0.6244444444444445,0.0337970747434923,0.022823228542513,0.0969942662309159,1.7385688912591193,3,15,14,15
core,0.02,all,all,one_pilot,15,45,0.9966794380587484,0.6462835249042147,0.04814814814814815,0.8899872286079182,0.0059065622101671,0.022823228542513,0.0969942662309159,0.3882928007713766,11,15,15,15
core,0.02,all,all,many_pilots,15,45,1.0,0.7807407407407408,0.06666666666666667,0.9614814814814815,0.004021651179650899,0.022823228542513,0.0969942662309159,0.23477491105161874,14,15,15,15
holdout,0.5,noise-free,lead,one_pilot,6,6,0.9955938697318008,0.8681992337164751,0.03333333333333333,0.9844827586206897,0.00023519150374078202,0.0056694383257649,0.03940903323535047,0.03678411074489435,5,6,6,6
holdout,0.5,noise-free,lead,many_pilots,6,6,1.0,0.8777777777777778,0.0,0.9944444444444445,0.00023457770189260564,0.0056694383257649,0.03940903323535047,0.0367819387890444,6,6,6,6
holdout,0.5,noise-free,named,one_pilot,6,6,1.0,0.16666666666666666,0.8277777777777778,1.0,0.005722760304620151,0.0056694383257649,0.03940903323535047,1.0,1,6,6,6
holdout,0.5,noise-free,named,many_pilots,6,6,1.0,0.16666666666666666,0.8333333333333334,1.0,0.0056694383257649,0.0056694383257649,0.03940903323535047,1.0,1,6,6,6
holdout,0.5,noise-free,classical,one_pilot,6,6,1.0,0.7386973180076629,0.0,1.0,0.00389989835527685,0.0056694383257649,0.03940903323535047,0.581229111055281,4,6,6,6
holdout,0.5,noise-free,classical,many_pilots,6,6,1.0,0.7555555555555555,0.0,1.0,0.0039220248359505255,0.0056694383257649,0.03940903323535047,0.49358855773461646,5,6,6,6
holdout,0.5,noise-free,all,one_pilot,6,6,0.9963601532567049,0.88544061302682,0.011111111111111112,0.9850574712643677,7.363256261812313e-05,0.0056694383257649,0.03940903323535047,0.011415045997915074,5,6,6,6
holdout,0.5,noise-free,all,many_pilots,6,6,1.0,0.9277777777777777,0.0,1.0,7.363255913464602e-05,0.0056694383257649,0.03940903323535047,0.011413623705003869,6,6,6,6
holdout,0.5,sigma=0.001,lead,one_pilot,6,6,0.9978927203065134,0.5342911877394636,0.12222222222222222,0.9666666666666667,0.006275101845481125,0.00567454521802435,0.0398938464511802,0.9621624386114402,3,6,6,6
holdout,0.5,sigma=0.001,lead,many_pilots,6,6,1.0,0.7388888888888888,0.0,1.0,0.00452988098887035,0.00567454521802435,0.0398938464511802,0.708914821277723,6,6,6,6
holdout,0.5,sigma=0.001,named,one_pilot,6,6,1.0,0.16666666666666666,0.8277777777777778,1.0,0.005676437448444425,0.00567454521802435,0.0398938464511802,1.0,1,6,6,6
holdout,0.5,sigma=0.001,named,many_pilots,6,6,1.0,0.16666666666666666,0.8333333333333334,1.0,0.00567454521802435,0.00567454521802435,0.0398938464511802,1.0,1,6,6,6
holdout,0.5,sigma=0.001,classical,one_pilot,6,6,0.9982758620689655,0.10862068965517242,0.0,0.3687739463601532,0.047889516583546676,0.00567454521802435,0.0398938464511802,5.446513739626886,1,6,0,6
holdout,0.5,sigma=0.001,classical,many_pilots,6,6,1.0,0.1388888888888889,0.0,0.4666666666666666,0.036406787348233924,0.00567454521802435,0.0398938464511802,5.44253600567524,1,6,2,6
holdout,0.5,sigma=0.001,all,one_pilot,6,6,0.9940613026819923,0.5375478927203065,0.08888888888888889,0.9406130268199234,0.0057818404014721,0.00567454521802435,0.0398938464511802,1.0,2,6,6,6
holdout,0.5,sigma=0.001,all,many_pilots,6,6,1.0,0.7833333333333333,0.0,0.9888888888888889,0.004856611815312675,0.00567454521802435,0.0398938464511802,0.6316916763099198,6,6,6,6
holdout,0.5,sigma=0.005,lead,one_pilot,6,6,1.0,0.4084291187739464,0.17222222222222225,0.8988505747126437,0.011193083718541351,0.006285987947550825,0.03897795425647535,1.0,1,6,6,6
holdout,0.5,sigma=0.005,lead,many_pilots,6,6,1.0,0.39444444444444443,0.5,0.9444444444444445,0.005752692269508475,0.006285987947550825,0.03897795425647535,0.9240635678479825,3,6,6,6
holdout,0.5,sigma=0.005,named,one_pilot,6,6,1.0,0.19348659003831417,0.7111111111111111,0.9379310344827587,0.00715884668384915,0.006285987947550825,0.03897795425647535,1.0,1,6,6,6
holdout,0.5,sigma=0.005,named,many_pilots,6,6,1.0,0.16666666666666666,0.8333333333333334,0.9444444444444445,0.006285987947550825,0.006285987947550825,0.03897795425647535,1.0,1,6,6,6
holdout,0.5,sigma=0.005,classical,one_pilot,6,6,0.9990421455938697,0.17471264367816094,0.0,0.3653256704980843,0.044702764041019354,0.006285987947550825,0.03897795425647535,4.364749267777269,1,6,0,6
holdout,0.5,sigma=0.005,classical,many_pilots,6,6,1.0,0.20000000000000004,0.0,0.5499999999999999,0.037812905631529475,0.006285987947550825,0.03897795425647535,3.6361124661973925,1,6,5,6
holdout,0.5,sigma=0.005,all,one_pilot,6,6,0.9957854406130268,0.3942528735632184,0.09999999999999999,0.8164750957854406,0.013670083580014349,0.006285987947550825,0.03897795425647535,1.1847473076282893,1,6,6,6
holdout,0.5,sigma=0.005,all,many_pilots,6,6,1.0,0.4777777777777778,0.3333333333333333,0.9722222222222223,0.005752692269508475,0.006285987947550825,0.03897795425647535,0.9085969901206521,3,6,6,6
holdout,0.5,all,lead,one_pilot,6,18,0.9978288633461047,0.6036398467432949,0.10925925925925926,0.9500000000000001,0.005757182275046675,0.006175183435463325,0.03907540115069195,0.9621624386114402,5,6,6,6
holdout,0.5,all,lead,many_pilots,6,18,1.0,0.6703703703703704,0.16666666666666666,0.9796296296296296,0.0037470445212741,0.006175183435463325,0.03907540115069195,0.6075904302722361,5,6,6,6
holdout,0.5,all,named,one_pilot,6,18,1.0,0.17560664112388247,0.788888888888889,0.9793103448275863,0.006624976133990025,0.006175183435463325,0.03907540115069195,1.0,1,6,6,6
holdout,0.5,all,named,many_pilots,6,18,1.0,0.16666666666666666,0.8333333333333334,0.9814814814814815,0.006175183435463325,0.006175183435463325,0.03907540115069195,1.0,1,6,6,6
holdout,0.5,all,classical,one_pilot,6,18,0.9991060025542784,0.34067688378033206,0.0,0.5780332056194124,0.026705135755936624,0.006175183435463325,0.03907540115069195,3.972021196984474,1,6,6,6
holdout,0.5,all,classical,many_pilots,6,18,1.0,0.36481481481481487,0.0,0.6722222222222222,0.02381805841760945,0.006175183435463325,0.03907540115069195,3.6361124661973925,1,6,6,6
holdout,0.5,all,all,one_pilot,6,18,0.9954022988505749,0.6057471264367815,0.06666666666666668,0.9140485312899105,0.0049733256742365995,0.006175183435463325,0.03907540115069195,1.0,5,6,6,6
holdout,0.5,all,all,many_pilots,6,18,1.0,0.7296296296296296,0.1111111111111111,0.9870370370370369,0.0034993851214445,0.006175183435463325,0.03907540115069195,0.6040263255716218,5,6,6,6
holdout,0.1,noise-free,lead,one_pilot,5,5,0.997471264367816,0.8160919540229885,0.02,0.9825287356321839,0.0007043626881819,0.00527109217484525,0.0861611706003244,0.14259580472543884,5,5,5,5
holdout,0.1,noise-free,lead,many_pilots,5,5,1.0,0.9333333333333333,0.0,1.0,0.00070436199271575,0.00527109217484525,0.0861611706003244,0.142595306244567,5,5,5,5
holdout,0.1,noise-free,named,one_pilot,5,5,1.0,0.14942528735632182,0.8266666666666665,0.974712643678161,0.00527109217484525,0.00527109217484525,0.0861611706003244,1.0,1,5,5,5
holdout,0.1,noise-free,named,many_pilots,5,5,1.0,0.17333333333333334,0.8,0.9933333333333334,0.00527109217484525,0.00527109217484525,0.0861611706003244,1.0,1,5,5,5
holdout,0.1,noise-free,classical,one_pilot,5,5,1.0,0.8466666666666667,0.0,1.0,0.00137031013879525,0.00527109217484525,0.0861611706003244,0.1445421398163948,4,5,5,5
holdout,0.1,noise-free,classical,many_pilots,5,5,1.0,0.8466666666666667,0.0,1.0,0.00137031013879525,0.00527109217484525,0.0861611706003244,0.1445421398163948,4,5,5,5
holdout,0.1,noise-free,all,one_pilot,5,5,0.997471264367816,0.913103448275862,0.0,0.9866666666666667,0.0003946214089853,0.00527109217484525,0.0861611706003244,0.07486520920007182,5,5,5,5
holdout,0.1,noise-free,all,many_pilots,5,5,1.0,0.9933333333333334,0.0,1.0,0.0003946214082305,0.00527109217484525,0.0861611706003244,0.074865206205319,5,5,5,5
holdout,0.1,sigma=0.001,lead,one_pilot,5,5,0.9977011494252874,0.6740229885057472,0.04,0.9714942528735632,0.0083416567369263,0.007442851436149599,0.08622603337111355,0.6655884197640156,4,5,5,5
holdout,0.1,sigma=0.001,lead,many_pilots,5,5,0.9933333333333334,0.7733333333333332,0.0,0.9533333333333334,0.0052753740092071,0.007442851436149599,0.08622603337111355,0.5168433969738591,5,5,5,5
holdout,0.1,sigma=0.001,named,one_pilot,5,5,1.0,0.14942528735632182,0.8266666666666665,0.974712643678161,0.007442851436149599,0.007442851436149599,0.08622603337111355,1.0,1,5,5,5
holdout,0.1,sigma=0.001,named,many_pilots,5,5,1.0,0.17333333333333334,0.8,0.9933333333333334,0.007442851436149599,0.007442851436149599,0.08622603337111355,1.0,1,5,5,5
holdout,0.1,sigma=0.001,classical,one_pilot,5,5,0.997471264367816,0.09977011494252874,0.0,0.4048275862068966,0.0971390068812461,0.007442851436149599,0.08622603337111355,4.527224695020481,0,5,0,5
holdout,0.1,sigma=0.001,classical,many_pilots,5,5,1.0,0.08666666666666667,0.0,0.4333333333333334,0.10228023946352,0.007442851436149599,0.08622603337111355,4.257193113427068,0,5,1,5
holdout,0.1,sigma=0.001,all,one_pilot,5,5,0.9954022988505746,0.7197701149425287,0.02,0.9503448275862068,0.0053502370913223,0.007442851436149599,0.08622603337111355,0.7344174689377856,5,5,5,5
holdout,0.1,sigma=0.001,all,many_pilots,5,5,0.9933333333333334,0.8666666666666666,0.0,0.96,0.002578478757729,0.007442851436149599,0.08622603337111355,0.5168433969738591,5,5,5,5
holdout,0.1,sigma=0.005,lead,one_pilot,5,5,1.0,0.4682758620689655,0.18,0.9314942528735631,0.020354226269232452,0.0101737405891921,0.084589142770137,1.0,2,5,5,5
holdout,0.1,sigma=0.005,lead,many_pilots,5,5,1.0,0.5266666666666666,0.4,0.9733333333333334,0.0101737405891921,0.0101737405891921,0.084589142770137,0.73631111803163,3,5,5,5
holdout,0.1,sigma=0.005,named,one_pilot,5,5,1.0,0.1540229885057471,0.7866666666666667,0.9475862068965517,0.0102039272668073,0.0101737405891921,0.084589142770137,1.0,1,5,5,5
holdout,0.1,sigma=0.005,named,many_pilots,5,5,1.0,0.17333333333333334,0.8,0.9733333333333334,0.0101737405891921,0.0101737405891921,0.084589142770137,1.0,1,5,5,5
holdout,0.1,sigma=0.005,classical,one_pilot,5,5,0.9986206896551725,0.13724137931034483,0.0,0.35931034482758617,0.0969304915844415,0.0101737405891921,0.084589142770137,3.2689119301679392,1,5,0,5
holdout,0.1,sigma=0.005,classical,many_pilots,5,5,1.0,0.15999999999999998,0.0,0.5599999999999999,0.0846724687092321,0.0101737405891921,0.084589142770137,3.107075259241075,1,5,5,5
holdout,0.1,sigma=0.005,all,one_pilot,5,5,0.999080459770115,0.516551724137931,0.10666666666666666,0.9096551724137931,0.00960359515502345,0.0101737405891921,0.084589142770137,0.6717149923709835,3,5,5,5
holdout,0.1,sigma=0.005,all,many_pilots,5,5,1.0,0.54,0.4,0.9800000000000001,0.0061068043983404,0.0101737405891921,0.084589142770137,0.357366059741631,3,5,5,5
holdout,0.1,all,lead,one_pilot,5,15,0.9983908045977011,0.6527969348659004,0.08,0.96183908045977,0.0072922090426481,0.007442851436149599,0.0861611706003244,0.6655884197640156,4,5,5,5
holdout,0.1,all,lead,many_pilots,5,15,0.9977777777777778,0.7444444444444446,0.13333333333333333,0.9755555555555556,0.0052753740092071,0.007442851436149599,0.0861611706003244,0.5107270506626018,4,5,5,5
holdout,0.1,all,named,one_pilot,5,15,1.0,0.15095785440613027,0.8133333333333332,0.9656704980842913,0.007442851436149599,0.007442851436149599,0.0861611706003244,1.0,1,5,5,5
holdout,0.1,all,named,many_pilots,5,15,1.0,0.17333333333333334,0.8,0.9866666666666667,0.007442851436149599,0.007442851436149599,0.0861611706003244,1.0,1,5,5,5
holdout,0.1,all,classical,one_pilot,5,15,0.9986973180076628,0.3612260536398467,0.0,0.5880459770114944,0.046470491038493,0.007442851436149599,0.0861611706003244,3.0812076153346535,1,5,5,5
holdout,0.1,all,classical,many_pilots,5,15,1.0,0.36444444444444446,0.0,0.6644444444444445,0.04186782827156725,0.007442851436149599,0.0861611706003244,2.5648334456344135,1,5,5,5
holdout,0.1,all,all,one_pilot,5,15,0.9973180076628352,0.7164750957854407,0.042222222222222223,0.9488888888888888,0.0053502370913223,0.007442851436149599,0.0861611706003244,0.45982417637141454,5,5,5,5
holdout,0.1,all,all,many_pilots,5,15,0.9977777777777778,0.8000000000000002,0.13333333333333333,0.9800000000000001,0.002578478757729,0.007442851436149599,0.0861611706003244,0.22538925598173706,5,5,5,5
holdout,0.02,noise-free,lead,one_pilot,5,5,0.999080459770115,0.7002298850574712,0.14666666666666667,0.9783908045977012,0.0005447361324186,0.005093328360965399,0.0934698426684626,0.3881045351727617,4,5,5,5
holdout,0.02,noise-free,lead,many_pilots,5,5,1.0,0.7733333333333333,0.2,1.0,0.0005447359816577,0.005093328360965399,0.0934698426684626,0.3574869414327906,4,5,5,5
holdout,0.02,noise-free,named,one_pilot,5,5,1.0,0.09655172413793103,0.86,0.9517241379310345,0.005093328360965399,0.005093328360965399,0.0934698426684626,1.0,0,5,5,5
holdout,0.02,noise-free,named,many_pilots,5,5,1.0,0.13999999999999999,0.8,0.9733333333333334,0.005093328360965399,0.005093328360965399,0.0934698426684626,1.0,1,5,5,5
holdout,0.02,noise-free,classical,one_pilot,5,5,1.0,0.7866666666666667,0.0,1.0,0.0033454800548207,0.005093328360965399,0.0934698426684626,0.14730752838880629,4,5,5,5
holdout,0.02,noise-free,classical,many_pilots,5,5,1.0,0.7866666666666667,0.0,1.0,0.0033454800548207,0.005093328360965399,0.0934698426684626,0.14730752838880629,4,5,5,5
holdout,0.02,noise-free,all,one_pilot,5,5,0.999080459770115,0.9374712643678162,0.0,0.9926436781609196,0.000334651498268,0.005093328360965399,0.0934698426684626,0.07862107236650627,5,5,5,5
holdout,0.02,noise-free,all,many_pilots,5,5,1.0,1.0,0.0,1.0,0.00033465140902725,0.005093328360965399,0.0934698426684626,0.078621072242814,5,5,5,5
holdout,0.02,sigma=0.001,lead,one_pilot,5,5,0.9977011494252874,0.664367816091954,0.06666666666666667,0.951494252873563,0.003868839497957,0.0056126269793495,0.09353470543925174,0.45473958062313397,4,5,5,5
holdout,0.02,sigma=0.001,lead,many_pilots,5,5,0.9933333333333334,0.7666666666666668,0.0,0.9400000000000001,0.0030807051102119997,0.0056126269793495,0.09353470543925174,0.31305789003686735,5,5,5,5
holdout,0.02,sigma=0.001,named,one_pilot,5,5,1.0,0.09655172413793103,0.86,0.9517241379310345,0.0056126269793495,0.0056126269793495,0.09353470543925174,1.0,0,5,5,5
holdout,0.02,sigma=0.001,named,many_pilots,5,5,1.0,0.13999999999999999,0.8,0.9733333333333334,0.0056126269793495,0.0056126269793495,0.09353470543925174,1.0,1,5,5,5
holdout,0.02,sigma=0.001,classical,one_pilot,5,5,0.9979310344827585,0.07379310344827586,0.0,0.4039080459770116,0.1044287953489599,0.0056126269793495,0.09353470543925174,3.8401975835527025,0,5,0,5
holdout,0.02,sigma=0.001,classical,many_pilots,5,5,1.0,0.1,0.0,0.4666666666666666,0.07465888450428546,0.0056126269793495,0.09353470543925174,3.636032388038929,0,5,2,5
holdout,0.02,sigma=0.001,all,one_pilot,5,5,0.9958620689655172,0.5977011494252873,0.04666666666666667,0.8931034482758621,0.0044080922072453,0.0056126269793495,0.09353470543925174,0.7917218753597504,4,5,5,5
holdout,0.02,sigma=0.001,all,many_pilots,5,5,0.9933333333333334,0.7666666666666668,0.0,0.9400000000000001,0.0030807051102119997,0.0056126269793495,0.09353470543925174,0.31305789003686735,5,5,5,5
holdout,0.02,sigma=0.005,lead,one_pilot,5,5,1.0,0.4285057471264368,0.1933333333333333,0.8885057471264368,0.0188504605898983,0.0064773156516434,0.0918978148382753,1.0,2,5,5,5
holdout,0.02,sigma=0.005,lead,many_pilots,5,5,1.0,0.49333333333333335,0.4,0.9533333333333334,0.0064773156516434,0.0064773156516434,0.0918978148382753,0.752184673087601,3,5,5,5
holdout,0.02,sigma=0.005,named,one_pilot,5,5,1.0,0.0993103448275862,0.8266666666666665,0.9266666666666665,0.0071837157031474,0.0064773156516434,0.0918978148382753,1.0,0,5,5,5
holdout,0.02,sigma=0.005,named,many_pilots,5,5,1.0,0.13999999999999999,0.8,0.9533333333333334,0.0064773156516434,0.0064773156516434,0.0918978148382753,1.0,1,5,5,5
holdout,0.02,sigma=0.005,classical,one_pilot,5,5,0.9983908045977012,0.08965517241379309,0.0,0.36114942528735633,0.1039048603134645,0.0064773156516434,0.0918978148382753,3.1218689724958315,0,5,0,5
holdout,0.02,sigma=0.005,classical,many_pilots,5,5,1.0,0.11333333333333333,0.0,0.5666666666666667,0.0919811407773703,0.0064773156516434,0.0918978148382753,2.8921866359798027,0,5,5,5
holdout,0.02,sigma=0.005,all,one_pilot,5,5,0.999080459770115,0.504367816091954,0.06666666666666667,0.8471264367816091,0.02851385083843,0.0064773156516434,0.0918978148382753,0.5563246562932541,3,5,5,5
holdout,0.02,sigma=0.005,all,many_pilots,5,5,1.0,0.49333333333333335,0.4,0.9533333333333334,0.0064773156516434,0.0064773156516434,0.0918978148382753,0.30360263342151805,3,5,5,5
holdout,0.02,all,lead,one_pilot,5,15,0.998927203065134,0.5977011494252873,0.13555555555555554,0.939463601532567,0.0040425926173546,0.0061267855413885,0.0934698426684626,0.5408215373980497,4,5,5,5
holdout,0.02,all,lead,many_pilots,5,15,0.9977777777777778,0.6777777777777778,0.2,0.9644444444444444,0.0030807051102119997,0.0061267855413885,0.0934698426684626,0.4819433666020808,4,5,5,5
holdout,0.02,all,named,one_pilot,5,15,1.0,0.0974712643678161,0.8488888888888889,0.9433716475095786,0.0069628903902675,0.0061267855413885,0.0934698426684626,1.0,0,5,5,5
holdout,0.02,all,named,many_pilots,5,15,1.0,0.13999999999999999,0.8,0.9666666666666667,0.0061267855413885,0.0061267855413885,0.0934698426684626,1.0,1,5,5,5
holdout,0.02,all,classical,one_pilot,5,15,0.9987739463601533,0.3167049808429118,0.0,0.5883524904214561,0.0505299503958623,0.0061267855413885,0.0934698426684626,3.0336699898022355,1,5,5,5
holdout,0.02,all,classical,many_pilots,5,15,1.0,0.33333333333333326,0.0,0.6777777777777777,0.0459272876289365,0.0061267855413885,0.0934698426684626,2.847440585573117,1,5,5,5
holdout,0.02,all,all,one_pilot,5,15,0.9980076628352491,0.6798467432950192,0.03777777777777778,0.9109578544061301,0.0044080922072453,0.0061267855413885,0.0934698426684626,0.5563246562932541,4,5,5,5
holdout,0.02,all,all,many_pilots,5,15,0.9977777777777778,0.7533333333333334,0.13333333333333333,0.9644444444444444,0.0030807051102119997,0.0061267855413885,0.0934698426684626,0.27774171093646405,5,5,5,5
