section,fact,value,file,filter,formula
richardson_3 validity by depth,"richardson_3 valid rate by observation depth (Phase 5a, all regimes, strata and noise levels)","obs 30: 0.480, obs 60: 0.573, obs 90: 0.978, obs 120: 0.999",results/phase5a/phase5a_raw.csv (git-ignored; regenerated by scripts/run_phase5a.py --full),method == richardson_3,mean(valid) per obs_idx
richardson_3 validity by depth,richardson_3 valid rate by noise (Phase 5a),"sigma=0: 0.707, sigma=0.005: 0.762, sigma=0.02: 0.804",results/phase5a/phase5a_raw.csv,method == richardson_3,mean(valid) per noise
richardson_3 validity by depth,richardson_3 at obs 30: least valid regimes,"rational_decay 0.02, multiphase 0.03, real_boot_a 0.03, real_boot_b 0.05, two_exp 0.05",results/phase5a/phase5a_raw.csv,"method == richardson_3, obs_idx == 30",mean(valid) per regime
invalid rates,Phase 5a invalid rate outside the dangerous set (all records),1.601%,results/phase5a/phase5a_raw.csv,"method not dangerous, not the oracle",100 * mean(valid == 0)
invalid rates,Phase 5a invalid rate outside the dangerous set by noise,"sigma=0: 2.708%, sigma=0.005: 0.961%, sigma=0.02: 1.133%",results/phase5a/phase5a_raw.csv,"method not dangerous, not the oracle",per noise
invalid rates,Phase 5a invalid rate outside the dangerous set by depth,"obs 30: 2.184%, obs 60: 1.878%, obs 90: 1.185%, obs 120: 1.155%",results/phase5a/phase5a_raw.csv,"method not dangerous, not the oracle",per obs_idx
sigma = 0 cancellation NaNs,"the 21 classical variants: invalid rate by noise (Phase 5a, 4 depths)","sigma=0: 4.182%, sigma=0.005: 0.156%, sigma=0.02: 0.432%",results/phase5a/phase5a_raw.csv,family in the 6 classical families,per noise
ensembles (Phase 5a),"fixed rational_fit, core g=0.1: records with skill < 1 / > 1",1895 / 1885 of 3780 (50.1% beat the hindsight best-of-four trivial); this is why its median skill prints as 1.0000,results/phase5a/phase5a_raw.csv,"method == rational_fit, target_g == 0.1, is_holdout == 0, capped == 0","count(skill < 1), count(skill > 1)"
invalid rates,Phase 1 invalid rate outside the dangerous set (all records),0.964%,results/phase1/phase1_records.csv (git-ignored),"method not dangerous, not the oracle",100 * mean(valid == 0)
invalid rates,Phase 1 invalid rate outside the dangerous set by noise,"sigma=0: 1.913%, sigma=0.001: 0.421%, sigma=0.005: 0.557%",results/phase1/phase1_records.csv,"method not dangerous, not the oracle",per noise
