selector,regime,target_g,n_total,n_valid,valid_rate,cat_rate,mean_error,sd_error,med_error,q25_error,q75_error,p90_error,win_rate_vs_last,n_cells,n_capped_excluded
fixed_last,broken_power_law,0.1,900,900,1.0,0.0,0.11613524412903745,0.016279311825792928,0.11408771392394204,0.10446721713372424,0.12764692785557255,0.1386880199450539,0.0,45,20
fixed_last,broken_power_law,0.5,1300,1300,1.0,0.0,0.05047271845135812,0.024346790684840858,0.0585561685886086,0.026148672897285,0.06872104343272782,0.07706158551596973,0.0,65,0
fixed_last,damped_osc_pow,0.02,1000,1000,1.0,0.0,0.0772098657912445,0.03040009225760919,0.06866022495538665,0.05464332375463847,0.09192866014070475,0.12618747705446284,0.0,50,15
fixed_last,damped_osc_pow,0.1,1300,1300,1.0,0.0,0.06374840343431337,0.028372975001091753,0.05556314215001115,0.0440142863050172,0.0763861396339527,0.103634890287884,0.0,65,0
fixed_last,damped_osc_pow,0.5,1300,1300,1.0,0.0,0.03580698319565462,0.01760556212754167,0.0312140912725846,0.02434625937331995,0.04399518642143637,0.05988158834131126,0.0,65,0
fixed_last,delayed_plateau,0.02,1300,1300,1.0,0.0,0.2948256369361912,0.11843316094173684,0.2642684103524608,0.1932880436080966,0.39539145974130474,0.47385618227856774,0.0,65,0
fixed_last,delayed_plateau,0.1,1300,1300,1.0,0.0,0.27093728776134895,0.10890920410480161,0.2428569442773598,0.1772087663696848,0.3634493058377609,0.43539071308283517,0.0,65,0
fixed_last,delayed_plateau,0.5,1300,1300,1.0,0.0,0.15140546912243164,0.061432585461002116,0.1357394213924573,0.09875828683390066,0.20313231766105952,0.24407461895403276,0.0,65,0
fixed_last,four_exp,0.02,1300,1300,1.0,0.0,0.1859687573641187,0.06061953395766083,0.168911151284939,0.13723606838959998,0.22049500323635068,0.27655295094849236,0.0,65,0
fixed_last,four_exp,0.1,1300,1300,1.0,0.0,0.1708057974864441,0.05584815597882331,0.1551229048919797,0.12575429058959312,0.20244724309028278,0.2545641580711433,0.0,65,0
fixed_last,four_exp,0.5,1300,1300,1.0,0.0,0.09507022346012117,0.032257453283381386,0.086425929087739,0.06998597611656435,0.11493695786615703,0.14405931926757778,0.0,65,0
fixed_last,heavy_noise_plat,0.02,1300,1300,1.0,0.0,0.0076807903245018055,0.00836179349895094,0.00530009790944755,0.0022071315936243,0.009889198413809325,0.017162185399566883,0.0,65,0
fixed_last,heavy_noise_plat,0.1,1300,1300,1.0,0.0,0.007655197392266085,0.00834276458955385,0.0052892262305518495,0.0021993175459587753,0.009849424612833774,0.017157379135592225,0.0,65,0
fixed_last,heavy_noise_plat,0.5,1300,1300,1.0,0.0,0.007546791607603812,0.008249758930270296,0.0052093872258183495,0.0021462272522584248,0.00981759462227685,0.016877359113319886,0.0,65,0
fixed_last,log_oscillatory,0.5,1300,1300,1.0,0.0,0.0950574724462435,0.020138078566197534,0.0943693374901142,0.0796954652521476,0.1046341939784437,0.12295216069408738,0.0,65,0
fixed_last,log_slow,0.5,1300,1300,1.0,0.0,0.09461912696021228,0.01651689807988175,0.09099238028924014,0.08345949746672032,0.10491345371026978,0.11790508642460876,0.0,65,0
fixed_last,mixed_pow_rat,0.02,1300,1300,1.0,0.0,0.17274662695972992,0.055783229984759146,0.1566325557452058,0.12722954552374952,0.2046320895450173,0.2556175285405072,0.0,65,0
fixed_last,mixed_pow_rat,0.1,1300,1300,1.0,0.0,0.15864700537659154,0.05138714669171574,0.1438482776192036,0.11725884067562042,0.18789562395341475,0.2346971014707986,0.0,65,0
fixed_last,mixed_pow_rat,0.5,1300,1300,1.0,0.0,0.08827737453595731,0.029894825405575344,0.08067625115400676,0.06506250681980638,0.10613808475284682,0.13238690452595217,0.0,65,0
fixed_last,multiphase,0.02,1300,1300,1.0,0.0,0.2244398654750644,0.05865030465149611,0.2033133665653037,0.18376767147927364,0.24197471267309426,0.3074593407957951,0.0,65,0
fixed_last,multiphase,0.1,1300,1300,1.0,0.0,0.20612710320199348,0.0540209802466686,0.1869334469526444,0.16860972969249455,0.22298028749688972,0.28250363724745353,0.0,65,0
fixed_last,multiphase,0.5,1300,1300,1.0,0.0,0.11461644566005347,0.03126669792360733,0.10490954222671414,0.09290742579481245,0.12697534234293062,0.15792965634634606,0.0,65,0
fixed_last,noisy_plateau,0.02,1300,1300,1.0,0.0,0.003104662337514294,0.002484946375605606,0.00254255321705415,0.001239213212420075,0.004289238634353199,0.006494973039952,0.0,65,0
fixed_last,noisy_plateau,0.1,1300,1300,1.0,0.0,0.0030285625474917427,0.0023869139120728977,0.00248147495071475,0.001218627229410675,0.004199227587550975,0.006235844112717405,0.0,65,0
fixed_last,noisy_plateau,0.5,1300,1300,1.0,0.0,0.0026640345311868333,0.0020141846416276386,0.00221089004850805,0.00111412661215185,0.00379896982092065,0.005541769827627773,0.0,65,0
fixed_last,osc_exp,0.02,1300,1300,1.0,0.0,0.10885569096393152,0.10880604323344645,0.055879486202700154,0.022974868058709248,0.1385313733951082,0.3204245496188393,0.0,65,0
fixed_last,osc_exp,0.1,1300,1300,1.0,0.0,0.10038794969378627,0.10038141298394976,0.0519206073614045,0.02134729985907085,0.12805853243733953,0.2957608805389223,0.0,65,0
fixed_last,osc_exp,0.5,1300,1300,1.0,0.0,0.05767498530325472,0.056678220952738126,0.0317946742786729,0.012965985361843575,0.0767139063979337,0.168921243463826,0.0,65,0
fixed_last,power_law,0.02,1300,1300,1.0,0.0,0.04401569783209483,0.021604082878479144,0.0378368972558478,0.0287390154274586,0.055182375221700275,0.07657855144373221,0.0,65,0
fixed_last,power_law,0.1,1300,1300,1.0,0.0,0.040533145357563145,0.02015472228871014,0.0350491604843926,0.02626743112777835,0.051393776399236174,0.07080393165644891,0.0,65,0
fixed_last,power_law,0.5,1300,1300,1.0,0.0,0.023501237892294087,0.013295705980353062,0.0201705611487318,0.014404295495092425,0.0298436321947189,0.04430402295416294,0.0,65,0
fixed_last,rational_decay,0.02,1300,1300,1.0,0.0,0.21792819710309616,0.09373335073838687,0.1866666666666666,0.1442339030914393,0.2651763263404697,0.3588102825731962,0.0,65,0
fixed_last,rational_decay,0.1,1300,1300,1.0,0.0,0.20015048973807614,0.08616523944323141,0.1714285714285714,0.13247056973141627,0.24400300567115973,0.3297193734822871,0.0,65,0
fixed_last,rational_decay,0.5,1300,1300,1.0,0.0,0.11125828122848785,0.04854662916621514,0.09625004121315214,0.07403315446881145,0.1373363390044931,0.18426482802774158,0.0,65,0
fixed_last,single_exp,0.02,1300,1300,1.0,0.0,0.07755720638601094,0.09659180238290223,0.032139489063407106,0.00916289532029345,0.1038258694156068,0.22263759136039812,0.0,65,0
fixed_last,single_exp,0.1,1300,1300,1.0,0.0,0.071500127335955,0.08883517400793765,0.03017713086856905,0.008691267497829325,0.09586485689148938,0.20511135340406045,0.0,65,0
fixed_last,single_exp,0.5,1300,1300,1.0,0.0,0.04173611991256313,0.050448997089482535,0.019228971779662603,0.005975355633623124,0.05623720798424635,0.1173901623075731,0.0,65,0
fixed_last,slow_osc_power,0.02,1300,1300,1.0,0.0,0.047116800175766686,0.024644782535404842,0.0371399420544673,0.02889313533442845,0.06444662710117657,0.0875023549707202,0.0,65,0
fixed_last,slow_osc_power,0.1,1300,1300,1.0,0.0,0.04332490258153322,0.02287086884656194,0.0341117197702383,0.026418053870415924,0.05990715419639778,0.0803961425744183,0.0,65,0
fixed_last,slow_osc_power,0.5,1300,1300,1.0,0.0,0.024824297153246213,0.014217784375994871,0.019831746246989947,0.0144625221827054,0.035396215277544475,0.04580436846219277,0.0,65,0
fixed_last,staircase,0.02,1300,1300,1.0,0.0,0.29523920796921926,0.1541895912190153,0.27594668263910116,0.17901093838759144,0.42,0.5493476777257388,0.0,65,0
fixed_last,staircase,0.1,1300,1300,1.0,0.0,0.2798545925846039,0.13817719313150997,0.25594668263910114,0.17901093838759144,0.4,0.4993476777257388,0.0,65,0
fixed_last,staircase,0.5,1300,1300,1.0,0.0,0.18754690027691157,0.09931521969748787,0.17597992858554135,0.12901093838759145,0.24,0.3693476777257388,0.0,65,0
fixed_last,three_exp,0.02,1300,1300,1.0,0.0,0.17466477531434058,0.06776330548525818,0.15728422644270945,0.11964451248853655,0.21130986001930616,0.2742462496620609,0.0,65,0
fixed_last,three_exp,0.1,1300,1300,1.0,0.0,0.1604720993670253,0.06241949898200358,0.1449969156292143,0.11001859115886617,0.1944167764738685,0.2520868131052474,0.0,65,0
fixed_last,three_exp,0.5,1300,1300,1.0,0.0,0.08946371933023775,0.035872640132509674,0.0816918924337938,0.0614196078747894,0.10885789898417438,0.1426787871624382,0.0,65,0
fixed_last,two_exp,0.02,1300,1300,1.0,0.0,0.14570779295277733,0.09587893760802789,0.1161243453739947,0.067668094684515,0.20248703248016228,0.29068162665530367,0.0,65,0
fixed_last,two_exp,0.1,1300,1300,1.0,0.0,0.13384649923681094,0.08816230947768802,0.1066357771449017,0.062138648131483704,0.1862045842861072,0.26744809899662525,0.0,65,0
fixed_last,two_exp,0.5,1300,1300,1.0,0.0,0.07504147375700813,0.04981466759035508,0.0597555267261577,0.0348215532298593,0.10551023872269627,0.14950921899554784,0.0,65,0
fixed_richardson,broken_power_law,0.1,900,900,1.0,0.1189,0.24426387545772327,0.2609250052549947,0.16206775926940764,0.028743893244036475,0.3038580590836969,0.7678991184694405,0.4278,45,20
fixed_richardson,broken_power_law,0.5,1300,1300,1.0,0.07,0.09044891461130863,0.09734755249000782,0.0405370523412672,0.020177002724239078,0.1558994762475763,0.21290916950374678,0.4185,65,0
fixed_richardson,damped_osc_pow,0.02,1000,1000,1.0,0.001,0.02728973840283068,0.03708030860222301,0.0112251814208998,0.004676641386896775,0.029368773734100326,0.08187646156694897,0.88,50,15
fixed_richardson,damped_osc_pow,0.1,1300,1300,1.0,0.0015,0.017769476854554298,0.02306593858153694,0.0087217530609156,0.003190217559105875,0.020860581379969,0.052068474699320466,0.9508,65,0
fixed_richardson,damped_osc_pow,0.5,1300,1300,1.0,0.0046,0.008082822722563037,0.007958664623337072,0.0060487754699708,0.001786508457965075,0.0115866773695083,0.01911658640217644,0.9654,65,0
fixed_richardson,delayed_plateau,0.02,1300,1300,1.0,0.0,0.1784818490329833,0.1321376510334759,0.12263490743550146,0.06203191572222697,0.33147718661275244,0.3506975947859698,0.9992,65,0
fixed_richardson,delayed_plateau,0.1,1300,1300,1.0,0.0,0.1786502017416745,0.1211854349221024,0.1306499711411414,0.07026603469424186,0.3200188948042401,0.33350938352137277,0.9938,65,0
fixed_richardson,delayed_plateau,0.5,1300,1300,1.0,0.0,0.1139875148918657,0.06935572313246506,0.09059054942920705,0.052453820575491576,0.1905484131831034,0.2015652685689704,0.8608,65,0
fixed_richardson,four_exp,0.02,1300,1300,1.0,0.0,0.05312451882799194,0.040947567927658676,0.038978279284341846,0.019706202756905076,0.08736358061359262,0.11539225562379726,1.0,65,0
fixed_richardson,four_exp,0.1,1300,1300,1.0,0.0,0.05417636312243433,0.04174315669014328,0.0412763800099136,0.019353779104576176,0.09153372345052575,0.11665652680533377,1.0,65,0
fixed_richardson,four_exp,0.5,1300,1300,1.0,0.0,0.03400296756231125,0.02900860040633717,0.02234449057299255,0.009092884099603476,0.06325712241371355,0.07725710660907967,0.9985,65,0
fixed_richardson,heavy_noise_plat,0.02,1300,1300,1.0,0.0685,0.003580215317631272,0.0036610543320860366,0.0022867509704011,0.000958210022343325,0.0050578386545265,0.008879745709754076,0.7054,65,0
fixed_richardson,heavy_noise_plat,0.1,1300,1300,1.0,0.0554,0.0030840099816750502,0.0031119987824111996,0.0020334515598927003,0.0008574747102639,0.004404156128117474,0.007112680641816473,0.7262,65,0
fixed_richardson,heavy_noise_plat,0.5,1300,1300,1.0,0.0438,0.002572037515552891,0.0025918233730749737,0.0017692287857661,0.00078625914883345,0.00350172675555405,0.005848636155664392,0.7623,65,0
fixed_richardson,log_oscillatory,0.5,1300,1300,1.0,0.0008,0.03855147840578332,0.02969378793125561,0.03137291740235405,0.0163723339577376,0.051544910695998494,0.08912861019976462,0.8923,65,0
fixed_richardson,log_slow,0.5,1300,1300,1.0,0.0,0.036670466542553175,0.021001027173731524,0.0365379476966753,0.018712402535037025,0.05033532160069652,0.06346926264901177,0.9808,65,0
fixed_richardson,mixed_pow_rat,0.02,1300,1300,1.0,0.0,0.045822995842839914,0.04246734407509875,0.0386209506356717,0.0103854124570253,0.0643457882852326,0.10298285533795443,0.9585,65,0
fixed_richardson,mixed_pow_rat,0.1,1300,1300,1.0,0.0,0.041002499627568266,0.031064952808855587,0.03592650886120075,0.012331642242715875,0.06563794974776795,0.08739024110154066,0.9985,65,0
fixed_richardson,mixed_pow_rat,0.5,1300,1300,1.0,0.0,0.02988645706324113,0.025919897389995134,0.018440335567329,0.006939727469566901,0.05805242481942643,0.06871131345976399,0.9977,65,0
fixed_richardson,multiphase,0.02,1300,1300,1.0,0.0,0.08017965780205648,0.048726725393198056,0.06990555049426614,0.03452638163643505,0.13260474102484218,0.14042524559782102,0.9992,65,0
fixed_richardson,multiphase,0.1,1300,1300,1.0,0.0,0.07865848421113485,0.04210273339921005,0.0808761960729613,0.04360377487724585,0.12154572531739892,0.1272466565818132,0.9992,65,0
fixed_richardson,multiphase,0.5,1300,1300,1.0,0.0,0.04521441481802492,0.026126355409273088,0.044403955363895756,0.027443944292517827,0.05702860487042825,0.07044272473594698,0.9985,65,0
fixed_richardson,noisy_plateau,0.02,1300,1300,1.0,0.0562,0.0015577510229010313,0.0012960229008682645,0.0012259435094845,0.000543428839596475,0.002273073594169475,0.0033340974771965603,0.7254,65,0
fixed_richardson,noisy_plateau,0.1,1300,1300,1.0,0.0415,0.0013180236465999103,0.001238563396857917,0.0009834344401102998,0.000420356899601425,0.00182454417415115,0.002888912622530101,0.7769,65,0
fixed_richardson,noisy_plateau,0.5,1300,1300,1.0,0.0369,0.001042903409582238,0.0010327868669888559,0.00074474448898345,0.00031955079548512497,0.00140634007339835,0.00244723226263642,0.7908,65,0
fixed_richardson,osc_exp,0.02,1300,1300,1.0,0.0254,0.07578279079545192,0.0631178367474533,0.05339365489566675,0.0256162779266023,0.1274381173255687,0.17849546220850818,0.6938,65,0
fixed_richardson,osc_exp,0.1,1300,1300,1.0,0.0162,0.07733032322685444,0.0685510674500724,0.0433276446326807,0.0197636210750099,0.14061302847783125,0.18683974785883387,0.6415,65,0
fixed_richardson,osc_exp,0.5,1300,1300,1.0,0.0323,0.06156131799423619,0.05375581773014608,0.03782374714493615,0.012223820214348952,0.12295627902011212,0.13995015611883407,0.4308,65,0
fixed_richardson,power_law,0.02,1300,1300,1.0,0.01,0.01925326918050408,0.022469952696615395,0.0112152302871425,0.0055220758859813,0.0230447302942179,0.050163818743835506,0.8631,65,0
fixed_richardson,power_law,0.1,1300,1300,1.0,0.0077,0.013769354481535063,0.015719001669023177,0.00819852990211515,0.0029834315210559748,0.018739168670366076,0.03686449788500464,0.9177,65,0
fixed_richardson,power_law,0.5,1300,1300,1.0,0.0115,0.005821015511885188,0.0057850897646126755,0.0042427875435402,0.0013834454099768,0.008363572727801675,0.014330732577122807,0.9385,65,0
fixed_richardson,rational_decay,0.02,1300,1300,1.0,0.0,0.06850990342822999,0.05676377406567533,0.05706974317691435,0.01641086429118435,0.10467850068862743,0.15056354893478688,0.9638,65,0
fixed_richardson,rational_decay,0.1,1300,1300,1.0,0.0,0.07129568007183383,0.06288816333656141,0.05527166928120965,0.02153891615137895,0.11019053893928013,0.17158788750420237,0.9946,65,0
fixed_richardson,rational_decay,0.5,1300,1300,1.0,0.0,0.053744222323535915,0.05777081002969812,0.017296079636358,0.0061955907257778,0.10988013130885382,0.14413238573899945,0.9908,65,0
fixed_richardson,single_exp,0.02,1300,1300,1.0,0.0677,0.07311632902888514,0.07628895566274499,0.035409779996330354,0.014871889712902524,0.1278133543463803,0.1979722755276863,0.4923,65,0
fixed_richardson,single_exp,0.1,1300,1300,1.0,0.0562,0.0756369182966675,0.07996887197247336,0.03358719017494355,0.01312267811787595,0.13953324001655254,0.20512095768179067,0.3685,65,0
fixed_richardson,single_exp,0.5,1300,1300,1.0,0.0846,0.06418986993445619,0.06404722814056049,0.027734847459631798,0.0096581675469111,0.13077362197020817,0.16297489062136578,0.1985,65,0
fixed_richardson,slow_osc_power,0.02,1300,1300,1.0,0.0708,0.04545376991095598,0.04695735376745991,0.03829546738354405,0.011936375170648399,0.0524495712308209,0.10076980125683214,0.7377,65,0
fixed_richardson,slow_osc_power,0.1,1300,1300,1.0,0.0423,0.035583833748732585,0.03071730981556134,0.034908208314527595,0.011339251796427524,0.04753903968212987,0.06112293647908555,0.7423,65,0
fixed_richardson,slow_osc_power,0.5,1300,1300,1.0,0.0331,0.01870835802928993,0.014242756388724444,0.0170382707021874,0.006656812628876825,0.02717478468604945,0.03342651134103197,0.6369,65,0
fixed_richardson,staircase,0.02,1300,1300,1.0,0.0,0.23752036017826797,0.1982179045664849,0.13626209558014354,0.0822772708017733,0.3887887686808907,0.49627488961794947,0.8408,65,0
fixed_richardson,staircase,0.1,1300,1300,1.0,0.0,0.23267117582057867,0.1873179483622828,0.14587102932661722,0.0825475326294787,0.3847964340356591,0.47189759526833647,0.8385,65,0
fixed_richardson,staircase,0.5,1300,1300,1.0,0.0023,0.1983501703214887,0.1314773507741789,0.1381648881117464,0.09307358237993732,0.28442072194699625,0.36891278493171487,0.4669,65,0
fixed_richardson,three_exp,0.02,1300,1300,1.0,0.0,0.055767761674030636,0.043355292475426827,0.04154982758791525,0.0211114307600853,0.09247609455529955,0.12156017042073224,1.0,65,0
fixed_richardson,three_exp,0.1,1300,1300,1.0,0.0,0.05947958432987194,0.04299677544270091,0.046958786326507754,0.025219032194970077,0.097618148106378,0.1228461119523609,0.9992,65,0
fixed_richardson,three_exp,0.5,1300,1300,1.0,0.0008,0.0384259832080788,0.026470761133522546,0.0280604117328472,0.01704783793191685,0.06554924112048086,0.07783431923487494,0.9938,65,0
fixed_richardson,two_exp,0.02,1300,1300,1.0,0.0,0.07694318801956382,0.06468021559649068,0.046806133039486594,0.023890237103645552,0.1342875406470868,0.18112623110231515,0.9554,65,0
fixed_richardson,two_exp,0.1,1300,1300,1.0,0.0,0.07805985487947396,0.06697680364592609,0.041530557569563906,0.0242379158063473,0.14121603362414836,0.18359083061995032,0.9869,65,0
fixed_richardson,two_exp,0.5,1300,1300,1.0,0.0031,0.056358350822065056,0.04534377794293784,0.0355171625189518,0.017992870358920027,0.10745096746211842,0.12109270611724522,0.8023,65,0
fixed_rational,broken_power_law,0.1,900,900,1.0,0.0033,0.06084095556593531,0.04660380655873609,0.056953835864872654,0.04243777097839562,0.07872492068825508,0.10629244759624831,0.9533,45,20
fixed_rational,broken_power_law,0.5,1300,1300,1.0,0.0092,0.02334674935002217,0.022425155518112083,0.01448892839381195,0.00758180083941125,0.03760472913898302,0.05894236279867114,0.9215,65,0
fixed_rational,damped_osc_pow,0.02,1000,1000,1.0,0.003,0.03521837333571903,0.027190323491561676,0.0376580744616207,0.017464103676816577,0.04762154449794623,0.058190854899638156,0.978,50,15
fixed_rational,damped_osc_pow,0.1,1300,1300,1.0,0.0046,0.02750126856947338,0.026671122888682897,0.02094654696351175,0.010978137815508826,0.039217969730761325,0.04827972816711467,0.9654,65,0
fixed_rational,damped_osc_pow,0.5,1300,1300,1.0,0.0062,0.01195082256746997,0.009075517885876553,0.01042938756141035,0.00411068803330505,0.0191562399855543,0.02206856206337812,0.9562,65,0
fixed_rational,delayed_plateau,0.02,1300,1300,1.0,0.0,0.14789585190670262,0.15686123755598289,0.05355560891338265,0.03767165769047753,0.35500400529160403,0.3954216293154222,0.9992,65,0
fixed_rational,delayed_plateau,0.1,1300,1300,1.0,0.0,0.1441903397997773,0.13899897815948276,0.060682278517136,0.04514360634234697,0.330196094035557,0.36262578233614806,0.9985,65,0
fixed_rational,delayed_plateau,0.5,1300,1300,1.0,0.0,0.08435782993320556,0.07248418627781344,0.045118816747994644,0.0286393951147477,0.17067114888524662,0.19801615772466213,0.9846,65,0
fixed_rational,four_exp,0.02,1300,1300,1.0,0.0,0.0815456118264056,0.05691750560201903,0.0660908835295252,0.030317852053213402,0.1261107540819246,0.16032697000816834,0.9892,65,0
fixed_rational,four_exp,0.1,1300,1300,1.0,0.0,0.07265834453942681,0.04986431918783394,0.05915719190710575,0.028230789133795325,0.11162511831847205,0.14151313364937865,0.9946,65,0
fixed_rational,four_exp,0.5,1300,1300,1.0,0.0,0.03043711671821744,0.02305992430655076,0.0235796411712341,0.008726368528597275,0.049789163846465,0.06113757523646833,0.9985,65,0
fixed_rational,heavy_noise_plat,0.02,1300,1300,1.0,0.0808,0.003882118037301545,0.006079482722288334,0.0023201277800782,0.00085529573242905,0.00472650190139365,0.008136863227562659,0.7146,65,0
fixed_rational,heavy_noise_plat,0.1,1300,1300,1.0,0.0615,0.00316919119569228,0.004513991465562756,0.0018693123003444,0.0007507375278792,0.0039309207082460496,0.00675813054790441,0.7492,65,0
fixed_rational,heavy_noise_plat,0.5,1300,1300,1.0,0.0431,0.0023024773325302276,0.0028145447614964505,0.0014731935723701,0.0006435066551322501,0.002953598559665525,0.005039520581040564,0.7938,65,0
fixed_rational,log_oscillatory,0.5,1300,1300,1.0,0.0085,0.07188992382444705,0.05709576396829989,0.0584767604318343,0.041738047667840054,0.0812139473534107,0.12661437783912236,0.7431,65,0
fixed_rational,log_slow,0.5,1300,1300,1.0,0.0054,0.06261750557469141,0.04580253330277307,0.058648947560209705,0.04456971097057913,0.07053828413494247,0.07721350690984018,0.9285,65,0
fixed_rational,mixed_pow_rat,0.02,1300,1300,1.0,0.0,0.07880533488327582,0.06692401226837538,0.0519854030865963,0.0198345411105661,0.12810381259997355,0.17369968958008303,0.9869,65,0
fixed_rational,mixed_pow_rat,0.1,1300,1300,1.0,0.0,0.06968740170600832,0.06016064238218337,0.04510796150352735,0.017020267028127374,0.11449188639295615,0.15581258721341684,0.9869,65,0
fixed_rational,mixed_pow_rat,0.5,1300,1300,1.0,0.0,0.03258706308321544,0.029463090612479037,0.01955302747222725,0.006233178432422825,0.05667496791178142,0.07547557426454297,0.9946,65,0
fixed_rational,multiphase,0.02,1300,1300,1.0,0.0,0.08627817904903036,0.051212282060878245,0.1062101080114289,0.03342474796216863,0.1315102216214329,0.13851553680034176,0.9931,65,0
fixed_rational,multiphase,0.1,1300,1300,1.0,0.0,0.07872725332297392,0.04454337634316387,0.0913504693058005,0.03755936701111132,0.11725413897528986,0.12455342644022291,0.9938,65,0
fixed_rational,multiphase,0.5,1300,1300,1.0,0.0,0.051635998454460555,0.025857389791371754,0.04882911726302555,0.03453811843451622,0.061997044394561746,0.08857623659842609,0.9962,65,0
fixed_rational,noisy_plateau,0.02,1300,1300,1.0,0.1015,0.0031314859393293958,0.004274562386914244,0.00176848062453925,0.0007169567090825,0.003913840344649,0.00663808393871881,0.5769,65,0
fixed_rational,noisy_plateau,0.1,1300,1300,1.0,0.0738,0.0022188491215875397,0.002780802857153781,0.0012971825324792998,0.0005237300457526,0.002838358246114,0.0051190122268392636,0.65,65,0
fixed_rational,noisy_plateau,0.5,1300,1300,1.0,0.0469,0.0011098182574013839,0.0011201301811858706,0.00078137487780015,0.00032836989546175,0.00147037950437015,0.00251137742726765,0.7762,65,0
fixed_rational,osc_exp,0.02,1300,1300,1.0,0.0223,0.05326079477712916,0.0491071887486394,0.03702027614725455,0.018371452376024375,0.06167951192983215,0.13791764201869833,0.7,65,0
fixed_rational,osc_exp,0.1,1300,1300,1.0,0.0169,0.04918854583764141,0.04627579713551439,0.033486686631036,0.018090914027595724,0.05637577889045405,0.13756539275036242,0.7354,65,0
fixed_rational,osc_exp,0.5,1300,1300,1.0,0.0292,0.03600108484635187,0.030962134013701525,0.0250082723942047,0.011506688803463824,0.049436124004071276,0.09718336793201242,0.6492,65,0
fixed_rational,power_law,0.02,1300,1300,1.0,0.0192,0.021276288004837902,0.02995359760341369,0.015567665485693449,0.00844376673602235,0.026714730266834526,0.03517728929942215,0.9315,65,0
fixed_rational,power_law,0.1,1300,1300,1.0,0.0154,0.01819203708443089,0.02262956554567262,0.013959895084405649,0.007507721644473475,0.023398870505436476,0.02973868215490653,0.9269,65,0
fixed_rational,power_law,0.5,1300,1300,1.0,0.0154,0.008054707367521148,0.006745677698483396,0.007757880570072101,0.002584423505163725,0.0116737800970569,0.013948969199985242,0.9215,65,0
fixed_rational,rational_decay,0.02,1300,1300,1.0,0.0,0.020607461442211816,0.03769202559610802,0.00891600117884805,0.0014536464215932,0.02336494181538845,0.05115770234360931,0.9808,65,0
fixed_rational,rational_decay,0.1,1300,1300,1.0,0.0,0.017973739381906242,0.031424994904290446,0.0080117970780702,0.001326002557135775,0.020647905656957975,0.046492034415403886,0.99,65,0
fixed_rational,rational_decay,0.5,1300,1300,1.0,0.0,0.008170661553538806,0.012327400043890378,0.0039673636199915,0.0006142680790904,0.009705831346763874,0.02241961624956839,0.9954,65,0
fixed_rational,single_exp,0.02,1300,1300,1.0,0.0654,0.03759577856224801,0.03170634437285174,0.0304213623759702,0.0143943921429727,0.0535636828732208,0.07618402803696396,0.5815,65,0
fixed_rational,single_exp,0.1,1300,1300,1.0,0.0585,0.0360253572666067,0.028521581163631866,0.02870452373361005,0.012191824953195849,0.056725403026811796,0.08023000804867242,0.5331,65,0
fixed_rational,single_exp,0.5,1300,1300,1.0,0.08,0.03028078479503606,0.02464798727715616,0.020324256515983852,0.009524836995456424,0.05075559110889372,0.07111679948963148,0.4685,65,0
fixed_rational,slow_osc_power,0.02,1300,1300,1.0,0.0808,0.05964136883838979,0.0851381179269155,0.045346986843133555,0.01553633646111,0.0588869399992355,0.07001280605588268,0.7215,65,0
fixed_rational,slow_osc_power,0.1,1300,1300,1.0,0.0823,0.05359756679559757,0.07249651274967926,0.0387972833488585,0.015384191788274926,0.054357198588298024,0.0688579878445978,0.7108,65,0
fixed_rational,slow_osc_power,0.5,1300,1300,1.0,0.0623,0.025809672628491,0.02293626812796043,0.01948256377122835,0.011482162357321,0.0341112357361909,0.0496292212671357,0.5954,65,0
fixed_rational,staircase,0.02,1300,1300,1.0,0.0,0.09219636339456531,0.08295812910053918,0.06691388595516345,0.0435665190656845,0.11629103188764792,0.15379843682570013,0.9985,65,0
fixed_rational,staircase,0.1,1300,1300,1.0,0.0,0.106965195235059,0.10097990768325305,0.0713187789727539,0.04469338983975282,0.1355051613505305,0.19389275550041993,0.9969,65,0
fixed_rational,staircase,0.5,1300,1300,1.0,0.0015,0.11956804885825367,0.08793661736369514,0.09477596900274254,0.06524346581338791,0.14790860461744382,0.18690210468816915,0.8238,65,0
fixed_rational,three_exp,0.02,1300,1300,1.0,0.0,0.07078429888646083,0.051979681883239606,0.05863229692868385,0.0217363583483303,0.11678265325666581,0.14170030197468234,0.9931,65,0
fixed_rational,three_exp,0.1,1300,1300,1.0,0.0,0.06439506827037512,0.04601214418830717,0.05400650707576665,0.023075972159936252,0.10643381337425722,0.1268193933284309,0.9977,65,0
fixed_rational,three_exp,0.5,1300,1300,1.0,0.0,0.02881557821117361,0.019076877022429703,0.024645914184174597,0.012934110877047026,0.04859531734391995,0.051932031058375495,0.9954,65,0
fixed_rational,two_exp,0.02,1300,1300,1.0,0.0008,0.05219759353825709,0.039632379803266865,0.04274777145277375,0.0208518621299875,0.07442062983182163,0.11249804875789343,0.9677,65,0
fixed_rational,two_exp,0.1,1300,1300,1.0,0.0,0.048836331936633316,0.03726454321099541,0.033366074210023494,0.020681160040555324,0.07338581999057825,0.10792023472350776,0.9854,65,0
fixed_rational,two_exp,0.5,1300,1300,1.0,0.0031,0.026984356309408146,0.01810546030568003,0.0259743495385557,0.009603011451650925,0.043242969401200024,0.050543950003899676,0.9538,65,0
fixed_single_exp,broken_power_law,0.1,900,900,1.0,0.0022,0.07161904121441195,0.043814741387096644,0.07292916688289319,0.0425449093996233,0.0896441087973385,0.10645266035851944,0.94,45,20
fixed_single_exp,broken_power_law,0.5,1300,1300,1.0,0.0231,0.03324687781331197,0.020805832570783882,0.03209550068548195,0.020830032464531276,0.04080525123138755,0.05756977083184912,0.66,65,0
fixed_single_exp,damped_osc_pow,0.02,1000,1000,1.0,0.002,0.08196735376732217,0.04279860765726337,0.09050502504911334,0.04533625302360793,0.11196582727026973,0.14839804289601433,0.453,50,15
fixed_single_exp,damped_osc_pow,0.1,1300,1300,1.0,0.0069,0.06656689662012155,0.044516841947577414,0.0495878982287786,0.03364555826710777,0.09569178370313444,0.1198502937732975,0.5408,65,0
fixed_single_exp,damped_osc_pow,0.5,1300,1300,1.0,0.0162,0.03808732037409379,0.026335550216496407,0.02779469535349615,0.0152584891675135,0.061632693019345076,0.07448102601269094,0.5162,65,0
fixed_single_exp,delayed_plateau,0.02,1300,1300,1.0,0.0,0.17893589212902034,0.18445655365198854,0.08783493406056095,0.023624445611133173,0.41405659436671277,0.45646363687283603,0.8662,65,0
fixed_single_exp,delayed_plateau,0.1,1300,1300,1.0,0.0,0.16157740312639743,0.17039496604545376,0.07491019798723991,0.016110854374518577,0.3818608247204945,0.41870878212241464,0.8662,65,0
fixed_single_exp,delayed_plateau,0.5,1300,1300,1.0,0.0,0.08750636082647044,0.09401114001486298,0.03894981687914125,0.0120474633333148,0.21964098824030048,0.23110537169911732,0.8662,65,0
fixed_single_exp,four_exp,0.02,1300,1300,1.0,0.0,0.15469727483538856,0.07672370027333107,0.1341833332997462,0.09089243319253097,0.21492506016227927,0.2602667244059163,0.9146,65,0
fixed_single_exp,four_exp,0.1,1300,1300,1.0,0.0,0.1396616292011234,0.07083766893698636,0.12076931479162725,0.07981399404142568,0.19687754266610064,0.23783113515922014,0.9169,65,0
fixed_single_exp,four_exp,0.5,1300,1300,1.0,0.0,0.06790591882316017,0.04246718067540731,0.0573475799602667,0.029757818003224624,0.10736490755861676,0.12461383959756483,0.92,65,0
fixed_single_exp,heavy_noise_plat,0.02,1300,1300,1.0,0.0531,0.003232410149787625,0.0065623163360868314,0.0014698580172781,0.00058619978020535,0.003563919757539475,0.007063489553851198,0.78,65,0
fixed_single_exp,heavy_noise_plat,0.1,1300,1300,1.0,0.0438,0.002844633847925722,0.004845233606084399,0.0014068359215708,0.0005627107880353,0.0033103702716661748,0.006466716058033915,0.7885,65,0
fixed_single_exp,heavy_noise_plat,0.5,1300,1300,1.0,0.0362,0.00224212971244633,0.0029990694168048784,0.0013129634182618,0.0005231517224788,0.00282073952851665,0.00541895847580069,0.8146,65,0
fixed_single_exp,log_oscillatory,0.5,1300,1300,1.0,0.0162,0.09933459142601601,0.06353968686993906,0.0944206130415309,0.07263225333750747,0.11828752062246317,0.13497033690307486,0.5938,65,0
fixed_single_exp,log_slow,0.5,1300,1300,1.0,0.0054,0.09845697566536286,0.04860116914406358,0.0891875691303604,0.0737664470203793,0.11898992760238696,0.1295489660679419,0.5192,65,0
fixed_single_exp,mixed_pow_rat,0.02,1300,1300,1.0,0.0,0.14666094371749086,0.07643342856069579,0.1227595711691599,0.08807530679120652,0.20522434456453012,0.2531744516600982,0.7892,65,0
fixed_single_exp,mixed_pow_rat,0.1,1300,1300,1.0,0.0008,0.13353642870505317,0.07134017747787497,0.11116118412245635,0.0782680582803925,0.18893456666467115,0.23244096164274353,0.7846,65,0
fixed_single_exp,mixed_pow_rat,0.5,1300,1300,1.0,0.0,0.06657074334913304,0.043932224069904456,0.05220338269746655,0.0288688624605367,0.10576275200576017,0.12773165540783352,0.7785,65,0
fixed_single_exp,multiphase,0.02,1300,1300,1.0,0.0,0.18274824294906056,0.03997017570555204,0.19133180436085262,0.17163573272968846,0.2057916741005244,0.21188445171005305,0.9408,65,0
fixed_single_exp,multiphase,0.1,1300,1300,1.0,0.0,0.1655166407456136,0.03500056037316279,0.1737482507918076,0.1563414961115954,0.18549272464639877,0.18934109233277138,0.9392,65,0
fixed_single_exp,multiphase,0.5,1300,1300,1.0,0.0,0.07783154773449276,0.023517266979453846,0.08459460104072025,0.06733068335868722,0.09346433417186299,0.09691262952442949,0.9385,65,0
fixed_single_exp,noisy_plateau,0.02,1300,1300,1.0,0.0815,0.0027398853281316287,0.004878497432202933,0.0009745555484355,0.000395611445372275,0.00286851748920915,0.006556664171406092,0.6792,65,0
fixed_single_exp,noisy_plateau,0.1,1300,1300,1.0,0.0623,0.0020989464061900672,0.0031900506948558775,0.00091014507590015,0.00038209832363405,0.0023170751325516,0.005367512350220813,0.71,65,0
fixed_single_exp,noisy_plateau,0.5,1300,1300,1.0,0.0485,0.0011435052281801405,0.0012801058762704023,0.0006924139605952501,0.00030919885898875,0.0014965778532528748,0.0027939984323775108,0.7769,65,0
fixed_single_exp,osc_exp,0.02,1300,1300,1.0,0.0192,0.08571598604733241,0.09433907438398137,0.03678895690375135,0.011431613478650175,0.12848859912170466,0.24885755075208524,0.7792,65,0
fixed_single_exp,osc_exp,0.1,1300,1300,1.0,0.0177,0.07589291682467027,0.08676457296118405,0.032427413033207106,0.009213982343753601,0.11774515279059125,0.2320208795054672,0.8062,65,0
fixed_single_exp,osc_exp,0.5,1300,1300,1.0,0.0177,0.04174194515342574,0.05112542974902513,0.01777895241565625,0.004754667279721075,0.051005722488086075,0.14585635443707806,0.7569,65,0
fixed_single_exp,power_law,0.02,1300,1300,1.0,0.0208,0.048447440165547126,0.03810799515327929,0.03477537710650305,0.023328824774094325,0.07140824402265858,0.08839974150619463,0.5146,65,0
fixed_single_exp,power_law,0.1,1300,1300,1.0,0.0238,0.04505813592957754,0.035009350601858745,0.0319654680418338,0.021284978322441847,0.06656705631342645,0.08442639919780973,0.5115,65,0
fixed_single_exp,power_law,0.5,1300,1300,1.0,0.0331,0.02624743816576923,0.01874849023690149,0.01866398250735855,0.01069961404961235,0.0427546187648071,0.051692144519741336,0.4938,65,0
fixed_single_exp,rational_decay,0.02,1300,1300,1.0,0.0,0.15405660815250516,0.07079843132739658,0.13805230586703504,0.09628966465411805,0.20932391861773392,0.25046386036860613,0.9846,65,0
fixed_single_exp,rational_decay,0.1,1300,1300,1.0,0.0,0.1367849857474729,0.06366595216791453,0.1230735592022505,0.08446196669260525,0.18763360709290558,0.22099289028867758,0.9846,65,0
fixed_single_exp,rational_decay,0.5,1300,1300,1.0,0.0,0.05339276058440349,0.027874778038314542,0.050231744819952254,0.02971568248761215,0.08038021679633706,0.08525706454384162,0.9823,65,0
fixed_single_exp,single_exp,0.02,1300,1300,1.0,0.02,0.00786464602830342,0.020572356465269608,0.00244261596734225,0.00040602797828357496,0.006445807052395424,0.017553911619031182,0.9131,65,0
fixed_single_exp,single_exp,0.1,1300,1300,1.0,0.0208,0.006699142444626259,0.016575734165252473,0.0022494652279760998,0.000364499885126175,0.005721738470479749,0.015431869408563255,0.9215,65,0
fixed_single_exp,single_exp,0.5,1300,1300,1.0,0.0185,0.0036158701045671854,0.007271282843129698,0.0015159699493980999,0.00024363813396822498,0.003778294146569375,0.009022558006477836,0.9277,65,0
fixed_single_exp,slow_osc_power,0.02,1300,1300,1.0,0.0769,0.07172107399017381,0.08461205378361729,0.0324508683533839,0.0251168869056654,0.08941153313523326,0.09618040673383887,0.4608,65,0
fixed_single_exp,slow_osc_power,0.1,1300,1300,1.0,0.0792,0.06889095796575807,0.08453882646110995,0.03026393780855705,0.0227912245003194,0.08299126405615477,0.08881696608302724,0.4585,65,0
fixed_single_exp,slow_osc_power,0.5,1300,1300,1.0,0.0831,0.03684140109090105,0.02901796333571536,0.027691194686913903,0.01270172964285895,0.052817827224921024,0.05595074208662324,0.3808,65,0
fixed_single_exp,staircase,0.02,1300,1300,1.0,0.0,0.08483822158918046,0.07779047081738923,0.06049543517113585,0.020210010669110375,0.13365359017401585,0.20534812556450469,0.9062,65,0
fixed_single_exp,staircase,0.1,1300,1300,1.0,0.0,0.0898908037846667,0.09517317893592885,0.061329624652173495,0.025744129574283126,0.1322602262077859,0.15931016109715926,0.9054,65,0
fixed_single_exp,staircase,0.5,1300,1300,1.0,0.0023,0.09068441191346514,0.08473172224587247,0.0781298113738822,0.0455250606755944,0.0953731156768126,0.12870344056930905,0.8892,65,0
fixed_single_exp,three_exp,0.02,1300,1300,1.0,0.0,0.13907091555151577,0.08930755865530363,0.12307369576920295,0.061135204752898575,0.21448601238222595,0.25944007663632357,0.8269,65,0
fixed_single_exp,three_exp,0.1,1300,1300,1.0,0.0,0.12511430384900213,0.08305433352923611,0.10800244549358029,0.0521786876676053,0.19693069984006079,0.2373245634577597,0.8315,65,0
fixed_single_exp,three_exp,0.5,1300,1300,1.0,0.0015,0.06314186212769583,0.047565145332962196,0.049855703860546455,0.018181127248994577,0.11119729377737456,0.1270677589261713,0.8346,65,0
fixed_single_exp,two_exp,0.02,1300,1300,1.0,0.0,0.09728794021932775,0.10142130037838987,0.03978200385226565,0.008868986955538876,0.1853060003038879,0.25038377413730933,0.9638,65,0
fixed_single_exp,two_exp,0.1,1300,1300,1.0,0.0,0.08716623278349285,0.09211207810933614,0.03396360009442555,0.0073497993851179,0.16838656585334674,0.22709542392938617,0.9654,65,0
fixed_single_exp,two_exp,0.5,1300,1300,1.0,0.0046,0.04330667831802525,0.04596323090743876,0.01565212951893635,0.003197523987636075,0.09048871602481545,0.10989737518692817,0.9592,65,0
phase2_cascade,broken_power_law,0.1,900,900,1.0,0.0022,0.05928403424149304,0.04358081102694032,0.05695383614960005,0.0297112347286546,0.08627187118840698,0.10629244759624831,0.9511,45,20
phase2_cascade,broken_power_law,0.5,1300,1300,1.0,0.0308,0.030588485693284262,0.024845444579676305,0.0238548353906295,0.013038304723115426,0.044437870485139155,0.0651430623748412,0.7008,65,0
phase2_cascade,damped_osc_pow,0.02,1000,1000,1.0,0.002,0.0274563384689026,0.039554333048406526,0.01129627447993145,0.0047904653861944,0.028729408636387576,0.08187646156694897,0.882,50,15
phase2_cascade,damped_osc_pow,0.1,1300,1300,1.0,0.0038,0.0192969472391485,0.030152836849081828,0.0092452267858465,0.0034269262167073,0.020665640510042,0.055403976707757166,0.9431,65,0
phase2_cascade,damped_osc_pow,0.5,1300,1300,1.0,0.0062,0.008518975242328024,0.008673140085024292,0.00624598085558865,0.001907744016489875,0.011913712190754051,0.02023736336098081,0.9585,65,0
phase2_cascade,delayed_plateau,0.02,1300,1300,1.0,0.0,0.1784818490329833,0.1321376510334759,0.12263490743550146,0.06203191572222697,0.33147718661275244,0.3506975947859698,0.9992,65,0
phase2_cascade,delayed_plateau,0.1,1300,1300,1.0,0.0,0.1786502017416745,0.1211854349221024,0.1306499711411414,0.07026603469424186,0.3200188948042401,0.33350938352137277,0.9938,65,0
phase2_cascade,delayed_plateau,0.5,1300,1300,1.0,0.0,0.1139875148918657,0.06935572313246506,0.09059054942920705,0.052453820575491576,0.1905484131831034,0.2015652685689704,0.8608,65,0
phase2_cascade,four_exp,0.02,1300,1300,1.0,0.0,0.054386862340589065,0.04151787747184038,0.04048370551004235,0.020315064065591675,0.088648756150277,0.1165125828303601,0.9954,65,0
phase2_cascade,four_exp,0.1,1300,1300,1.0,0.0,0.05501652064213184,0.04177473633627256,0.04285239528886155,0.019823710705067298,0.09180630104339517,0.11708722708054792,0.9985,65,0
phase2_cascade,four_exp,0.5,1300,1300,1.0,0.0,0.03430887687882913,0.028882989262662747,0.02287440712641125,0.009309973353578575,0.06325712241371355,0.07725710660907967,0.9985,65,0
phase2_cascade,heavy_noise_plat,0.02,1300,1300,1.0,0.0777,0.003662771259462987,0.0056389980205483,0.00200868845040065,0.000777565244929725,0.004762602627333375,0.00849229092389946,0.7223,65,0
phase2_cascade,heavy_noise_plat,0.1,1300,1300,1.0,0.0592,0.0030558706638884547,0.004250973314789509,0.00180341869819365,0.0007330162608886501,0.004108653297813125,0.006758327396883611,0.7423,65,0
phase2_cascade,heavy_noise_plat,0.5,1300,1300,1.0,0.0446,0.0024014294208040445,0.0028111601529067654,0.0015565148813629,0.000667504012074575,0.003259843016872725,0.0053686139779033975,0.7815,65,0
phase2_cascade,log_oscillatory,0.5,1300,1300,1.0,0.0085,0.06383421389482008,0.05778999549226432,0.0463010621970707,0.03366962564099515,0.08150255480280762,0.11454773921577976,0.7546,65,0
phase2_cascade,log_slow,0.5,1300,1300,1.0,0.0038,0.04291642861512409,0.04596337479377995,0.03716808432890285,0.0194865164394146,0.05262240489282453,0.06780280672221736,0.9462,65,0
phase2_cascade,mixed_pow_rat,0.02,1300,1300,1.0,0.0,0.04601336894414037,0.04338084469655354,0.038725291602712444,0.0106151605761512,0.06419898555043094,0.1026146532066847,0.9608,65,0
phase2_cascade,mixed_pow_rat,0.1,1300,1300,1.0,0.0,0.04170372583507407,0.032491893432315136,0.036175259621721856,0.0134417536511505,0.06612108967785083,0.08793273306528551,0.9962,65,0
phase2_cascade,mixed_pow_rat,0.5,1300,1300,1.0,0.0,0.030212428522257945,0.02586811143343009,0.018858199046754898,0.0072576865986717755,0.05807538753524675,0.06874402444216553,0.9969,65,0
phase2_cascade,multiphase,0.02,1300,1300,1.0,0.0,0.08201215151071314,0.04990761351210966,0.07417179355397795,0.03518851627597773,0.13342447771994898,0.14079286553853118,0.9946,65,0
phase2_cascade,multiphase,0.1,1300,1300,1.0,0.0,0.07963212560641228,0.043042875124600075,0.0837042580286408,0.04390634102926165,0.12173731640223748,0.12739231105446097,0.9954,65,0
phase2_cascade,multiphase,0.5,1300,1300,1.0,0.0,0.045422840457343586,0.02615412036244365,0.0447001180452245,0.0275502564698482,0.0570286048744502,0.07062253617629734,0.9969,65,0
phase2_cascade,noisy_plateau,0.02,1300,1300,1.0,0.1015,0.0031314859393293958,0.004274562386914244,0.00176848062453925,0.0007169567090825,0.003913840344649,0.00663808393871881,0.5769,65,0
phase2_cascade,noisy_plateau,0.1,1300,1300,1.0,0.0738,0.0022188491215875397,0.002780802857153781,0.0012971825324792998,0.0005237300457526,0.002838358246114,0.0051190122268392636,0.65,65,0
phase2_cascade,noisy_plateau,0.5,1300,1300,1.0,0.0469,0.0011098182574013839,0.0011201301811858706,0.00078137487780015,0.00032836989546175,0.00147037950437015,0.00251137742726765,0.7762,65,0
phase2_cascade,osc_exp,0.02,1300,1300,1.0,0.0254,0.07579674721651077,0.06311554373822983,0.0536068115654864,0.0256162779266023,0.1274381173255687,0.17849546220850818,0.6946,65,0
phase2_cascade,osc_exp,0.1,1300,1300,1.0,0.0162,0.07734530681031258,0.06854176416769815,0.0434160604197164,0.0197636210750099,0.14061302847783125,0.18683974785883387,0.6423,65,0
phase2_cascade,osc_exp,0.5,1300,1300,1.0,0.0323,0.061571170390437115,0.053747150984094584,0.03782374714493615,0.012295705849572024,0.12295627902011212,0.13995015611883407,0.4308,65,0
phase2_cascade,power_law,0.02,1300,1300,1.0,0.0169,0.020796058664889504,0.03380092479427851,0.01053794417851285,0.005518311202866725,0.021710140420671174,0.05137468068809883,0.8638,65,0
phase2_cascade,power_law,0.1,1300,1300,1.0,0.0146,0.01544756802528857,0.02495715045968653,0.0080628629003613,0.0029834315210559748,0.018537707829305975,0.03831855371757519,0.9123,65,0
phase2_cascade,power_law,0.5,1300,1300,1.0,0.0162,0.006231657747716841,0.00703918921775773,0.00433198908090005,0.001357589662773575,0.008734760991677075,0.015070066103364893,0.9285,65,0
phase2_cascade,rational_decay,0.02,1300,1300,1.0,0.0,0.06832885561765585,0.05668975578957397,0.05604430433244185,0.016828307387867423,0.10360016051458043,0.14989092927698672,0.9662,65,0
phase2_cascade,rational_decay,0.1,1300,1300,1.0,0.0,0.07135683902354761,0.06296024554219702,0.054223836072875745,0.021947599325547625,0.11023775590268797,0.17217417355134432,0.9931,65,0
phase2_cascade,rational_decay,0.5,1300,1300,1.0,0.0,0.05381314212633423,0.05774509604330502,0.0173644494326769,0.006173608569525726,0.10988013130885382,0.14413238573899945,0.9908,65,0
phase2_cascade,single_exp,0.02,1300,1300,1.0,0.0677,0.07315651754441767,0.07625614134144984,0.03542096466538215,0.014875929721649625,0.1278133543463803,0.1979722755276863,0.49,65,0
phase2_cascade,single_exp,0.1,1300,1300,1.0,0.0569,0.07568078601419315,0.07993168224795803,0.03358719017494355,0.013143447966134574,0.13953324001655254,0.20512095768179067,0.3669,65,0
phase2_cascade,single_exp,0.5,1300,1300,1.0,0.0854,0.06423648233782403,0.06400540172443975,0.027734847459631798,0.00986399627071545,0.13077362197020817,0.16297489062136578,0.1977,65,0
phase2_cascade,slow_osc_power,0.02,1300,1300,1.0,0.0715,0.04388119912008143,0.055563859557409674,0.0294308586346562,0.011907738844609175,0.048677921499805175,0.09721813927606024,0.7992,65,0
phase2_cascade,slow_osc_power,0.1,1300,1300,1.0,0.0485,0.03568068027232629,0.04047899900219551,0.02675691616498445,0.011339249210952449,0.045058427013841704,0.05731184228657356,0.7969,65,0
phase2_cascade,slow_osc_power,0.5,1300,1300,1.0,0.0385,0.018871779496143447,0.016359672735576494,0.0147744846616451,0.0066312690429266245,0.027317206179313252,0.03355337609506029,0.6762,65,0
phase2_cascade,staircase,0.02,1300,1300,1.0,0.0,0.17866080117250643,0.13809492453789526,0.118847382712157,0.08038011736001177,0.3433482723633156,0.3870558473697978,0.9331,65,0
phase2_cascade,staircase,0.1,1300,1300,1.0,0.0,0.18919719162638968,0.14175070059630307,0.1350968488470578,0.08206075276832746,0.3547337574349694,0.41587283574368783,0.93,65,0
phase2_cascade,staircase,0.5,1300,1300,1.0,0.0023,0.17185637823918487,0.10095815093958779,0.13688345212435293,0.09307358237993732,0.260666748922179,0.3368449839541377,0.5292,65,0
phase2_cascade,three_exp,0.02,1300,1300,1.0,0.0,0.056198938065936996,0.043248183284077646,0.0422263511345616,0.021246655385869773,0.09254033011349568,0.12156017042073224,0.9985,65,0
phase2_cascade,three_exp,0.1,1300,1300,1.0,0.0,0.05965839552820659,0.042890284761562626,0.0471423010935368,0.025305068437244525,0.097618148106378,0.1228461119523609,0.9992,65,0
phase2_cascade,three_exp,0.5,1300,1300,1.0,0.0,0.038371114564112845,0.02652485305522917,0.0280604117328472,0.016897380389931525,0.06554924112048086,0.07783431923487494,0.9946,65,0
phase2_cascade,two_exp,0.02,1300,1300,1.0,0.0,0.07694318801956382,0.06468021559649068,0.046806133039486594,0.023890237103645552,0.1342875406470868,0.18112623110231515,0.9554,65,0
phase2_cascade,two_exp,0.1,1300,1300,1.0,0.0,0.07805985487947396,0.06697680364592609,0.041530557569563906,0.0242379158063473,0.14121603362414836,0.18359083061995032,0.9869,65,0
phase2_cascade,two_exp,0.5,1300,1300,1.0,0.0031,0.056358350822065056,0.04534377794293784,0.0355171625189518,0.017992870358920027,0.10745096746211842,0.12109270611724522,0.8023,65,0
enhanced_cascade,broken_power_law,0.1,900,893,0.9922,0.01,0.0754853628257682,0.045554315063020046,0.0729281579175989,0.0522992062769422,0.0896441087530335,0.10649919064196431,0.9211,45,20
enhanced_cascade,broken_power_law,0.5,1300,1286,0.9892,0.04,0.03556623689659709,0.03607816502643364,0.028318448073484048,0.015521057649983076,0.03988679536681955,0.059285414116200294,0.6777,65,0
enhanced_cascade,damped_osc_pow,0.02,1000,1000,1.0,0.001,0.08015177993474219,0.046712889463464045,0.0901359846172459,0.042391054430035296,0.11196592800232352,0.1498245409076316,0.476,50,15
enhanced_cascade,damped_osc_pow,0.1,1300,1300,1.0,0.0038,0.06284418011837767,0.04494404748990998,0.046076761789096005,0.027932098620217873,0.09596192864417186,0.12131417410568152,0.5777,65,0
enhanced_cascade,damped_osc_pow,0.5,1300,1300,1.0,0.0062,0.01321219850396177,0.00889250868521499,0.012638221984621851,0.005494633342422025,0.019345730314761726,0.02206856527529687,0.9431,65,0
enhanced_cascade,delayed_plateau,0.02,1300,1300,1.0,0.0,0.17893589212902034,0.18445655365198854,0.08783493406056095,0.023624445611133173,0.41405659436671277,0.45646363687283603,0.8662,65,0
enhanced_cascade,delayed_plateau,0.1,1300,1300,1.0,0.0,0.1466118299064359,0.14260338890697347,0.10231266773470685,0.01787644472855645,0.330196094035557,0.36262578233614806,0.9985,65,0
enhanced_cascade,delayed_plateau,0.5,1300,1300,1.0,0.0,0.08435782993320556,0.07248418627781344,0.045118816747994644,0.0286393951147477,0.17067114888524662,0.19801615772466213,0.9846,65,0
enhanced_cascade,four_exp,0.02,1300,1300,1.0,0.0,0.15281345340700178,0.07795568592542354,0.1321611175182424,0.09000355028821537,0.21459988394197632,0.26016254556081203,0.9246,65,0
enhanced_cascade,four_exp,0.1,1300,1300,1.0,0.0,0.13787415929044886,0.0722297688464417,0.118464141721012,0.0786762845914549,0.19665375658151263,0.23783113515922014,0.9285,65,0
enhanced_cascade,four_exp,0.5,1300,1300,1.0,0.0,0.03110710217755199,0.02274210167800628,0.02506548674329495,0.010091561599529775,0.0498761600581061,0.06113757523646833,0.9977,65,0
enhanced_cascade,heavy_noise_plat,0.02,1300,1227,0.9438,0.1362,0.004176824611900486,0.006136849268275192,0.0023264271197047,0.00080241969593935,0.0055704119350052,0.009685685957910863,0.6523,65,0
enhanced_cascade,heavy_noise_plat,0.1,1300,1227,0.9438,0.1223,0.003376878192442339,0.00457544676429061,0.0019373832406061,0.0007472927681408501,0.00456199174150925,0.007583316940278061,0.6815,65,0
enhanced_cascade,heavy_noise_plat,0.5,1300,1227,0.9438,0.1023,0.0024405493527306994,0.0028822708183702953,0.0015570598994235,0.00066038855122825,0.00331256534366755,0.00534555427982212,0.7369,65,0
enhanced_cascade,log_oscillatory,0.5,1300,1300,1.0,0.0085,0.06894822001156434,0.0583593133212882,0.05159626885514545,0.037853139424641746,0.09634770735574774,0.12471703011771985,0.7454,65,0
enhanced_cascade,log_slow,0.5,1300,1300,1.0,0.0046,0.09518775041134148,0.04752314636183846,0.08795701761233704,0.06915824447548187,0.11916774038221815,0.1295489660679419,0.55,65,0
enhanced_cascade,mixed_pow_rat,0.02,1300,1300,1.0,0.0,0.1453709058056639,0.07773052071388727,0.12190168273088911,0.08638377221872665,0.20522434456453012,0.2531744516600982,0.7954,65,0
enhanced_cascade,mixed_pow_rat,0.1,1300,1300,1.0,0.0,0.13211419424885626,0.07230816830462798,0.10989638600949295,0.07584644653489454,0.18893456666467115,0.23244096164274353,0.7938,65,0
enhanced_cascade,mixed_pow_rat,0.5,1300,1300,1.0,0.0,0.03680161936855389,0.02766226764966688,0.03060797830078315,0.012230905935000825,0.05735523857408612,0.07558653083131454,0.9892,65,0
enhanced_cascade,multiphase,0.02,1300,1300,1.0,0.0,0.17934257287395483,0.04300544331008064,0.1909035189943734,0.16302680742258732,0.2057916741005244,0.21188445171521816,0.9615,65,0
enhanced_cascade,multiphase,0.1,1300,1300,1.0,0.0,0.16160673145154045,0.03859840406414778,0.1727599706659044,0.14829171866604052,0.18549272438988368,0.18932871909341958,0.9615,65,0
enhanced_cascade,multiphase,0.5,1300,1300,1.0,0.0,0.0803181948287225,0.02250511964519596,0.08695295376098336,0.07058713851000162,0.09473030382004963,0.09917971856960621,0.9631,65,0
enhanced_cascade,noisy_plateau,0.02,1300,1300,1.0,0.1015,0.0031314859393293958,0.004274562386914244,0.00176848062453925,0.0007169567090825,0.003913840344649,0.00663808393871881,0.5769,65,0
enhanced_cascade,noisy_plateau,0.1,1300,1300,1.0,0.0738,0.0022188491215875397,0.002780802857153781,0.0012971825324792998,0.0005237300457526,0.002838358246114,0.0051190122268392636,0.65,65,0
enhanced_cascade,noisy_plateau,0.5,1300,1300,1.0,0.0469,0.0011098182574013839,0.0011201301811858706,0.00078137487780015,0.00032836989546175,0.00147037950437015,0.00251137742726765,0.7762,65,0
enhanced_cascade,osc_exp,0.02,1300,1290,0.9923,0.0308,0.05371946506903202,0.04922551436462621,0.03870047422466435,0.018341279306840375,0.06440459967216823,0.1380956783953066,0.6923,65,0
enhanced_cascade,osc_exp,0.1,1300,1290,0.9923,0.0262,0.049275099484013395,0.046491947242939605,0.0337824992489939,0.01751281455552885,0.05665848502423133,0.13766961269671377,0.7331,65,0
enhanced_cascade,osc_exp,0.5,1300,1290,0.9923,0.0331,0.03567429986353079,0.03122524343216924,0.02465215279196355,0.0107481920270818,0.049420082068651026,0.09718338962296333,0.6531,65,0
enhanced_cascade,power_law,0.02,1300,1298,0.9985,0.0223,0.045388074121747536,0.04207922729147104,0.0311230033492118,0.0171000759676088,0.06731469302094105,0.09631720436808372,0.5685,65,0
enhanced_cascade,power_law,0.1,1300,1298,0.9985,0.0177,0.040582164544770816,0.0348821384722158,0.027869441275271148,0.015097041949246725,0.06266114475635,0.08481942912483757,0.5692,65,0
enhanced_cascade,power_law,0.5,1300,1298,0.9985,0.0192,0.008597489804913042,0.007471088001545504,0.0076895125116107,0.00351854389765525,0.011673779671849824,0.01448248427778645,0.9062,65,0
enhanced_cascade,rational_decay,0.02,1300,1300,1.0,0.0,0.15360687205770895,0.07151295415859138,0.13831165444025345,0.09517490561601102,0.20937190542820927,0.2505678145057952,0.9854,65,0
enhanced_cascade,rational_decay,0.1,1300,1300,1.0,0.0,0.13628974092003265,0.0643222841722233,0.1230735592022505,0.08346775476636284,0.18769247128524086,0.22099289028867758,0.9854,65,0
enhanced_cascade,rational_decay,0.5,1300,1300,1.0,0.0,0.008923639117912593,0.012811893814290336,0.0043667279162150005,0.000811485581879025,0.011895325556113725,0.023383219354140325,0.9946,65,0
enhanced_cascade,single_exp,0.02,1300,1267,0.9746,0.1,0.03873595338901052,0.03209528894181113,0.031658825732667,0.01420615688841085,0.05479202053303095,0.07743444699287276,0.5685,65,0
enhanced_cascade,single_exp,0.1,1300,1267,0.9746,0.0792,0.036396852145203724,0.028883219933411173,0.0292662933207543,0.01178498873297065,0.05878721621429605,0.08095995820632733,0.5323,65,0
enhanced_cascade,single_exp,0.5,1300,1267,0.9746,0.0938,0.02965067034964581,0.025151477741116212,0.0183787645675358,0.00869748833837325,0.0510649998352051,0.07126528382753512,0.4838,65,0
enhanced_cascade,slow_osc_power,0.02,1300,1300,1.0,0.0785,0.07040387949432257,0.08455504416180996,0.040291941055438804,0.0201990938231133,0.08947051991058975,0.09647030311666231,0.4877,65,0
enhanced_cascade,slow_osc_power,0.1,1300,1300,1.0,0.0792,0.06652127139486785,0.08186792824610888,0.039847562899247,0.0185537876188901,0.08301242653151318,0.08881696608302724,0.4823,65,0
enhanced_cascade,slow_osc_power,0.5,1300,1300,1.0,0.0546,0.02351483101555511,0.022204349979039563,0.01518060713883875,0.00903531437066405,0.0332941041692311,0.037902117754995024,0.6423,65,0
enhanced_cascade,staircase,0.02,1300,1300,1.0,0.0,0.09668686018376789,0.09227840871475541,0.06857974994531565,0.026694624905788524,0.136855663009428,0.21008351708589007,0.9108,65,0
enhanced_cascade,staircase,0.1,1300,1300,1.0,0.0,0.12463009833385456,0.09708035396062453,0.11156512518106215,0.06360933244263342,0.1419464270318117,0.1972418961060753,0.9092,65,0
enhanced_cascade,staircase,0.5,1300,1300,1.0,0.0015,0.11956804885825367,0.08793661736369514,0.09477596900274254,0.06524346581338791,0.14790860461744382,0.18690210468816915,0.8238,65,0
enhanced_cascade,three_exp,0.02,1300,1300,1.0,0.0,0.13797711795763945,0.09014748737548545,0.12142323742342981,0.056453260231681,0.21448601238222595,0.25944007663632357,0.8331,65,0
enhanced_cascade,three_exp,0.1,1300,1300,1.0,0.0,0.10582900709115253,0.06490872429625079,0.10730331384881225,0.0449083664436017,0.147677553624285,0.19682109811689025,0.8423,65,0
enhanced_cascade,three_exp,0.5,1300,1300,1.0,0.0,0.02881557821117361,0.019076877022429703,0.024645914184174597,0.012934110877047026,0.04859531734391995,0.051932031058375495,0.9954,65,0
enhanced_cascade,two_exp,0.02,1300,1300,1.0,0.0008,0.04587775520545049,0.04360653738740307,0.033493631735909246,0.0082597559245659,0.07176316012693504,0.11249804875789343,0.9762,65,0
enhanced_cascade,two_exp,0.1,1300,1300,1.0,0.0008,0.048718482332463856,0.03734339580035346,0.0335718126447265,0.0205937772461861,0.0732834637635348,0.10792023472350776,0.9854,65,0
enhanced_cascade,two_exp,0.5,1300,1300,1.0,0.0031,0.02678851796556256,0.01824984727037748,0.02591977304815335,0.00880379939184325,0.043242969401200024,0.050543950003899676,0.9577,65,0
oracle,broken_power_law,0.1,900,900,1.0,0.0,0.045926581151841124,0.03392120127130271,0.04615513365354685,0.0099159193070418,0.06091561542831843,0.09579356759196303,0.9611,45,20
oracle,broken_power_law,0.5,1300,1300,1.0,0.0023,0.013209736000210743,0.01451490707523257,0.00771878088052955,0.0029077973962623,0.015608607033108976,0.04103383578007013,0.9415,65,0
oracle,damped_osc_pow,0.02,1000,1000,1.0,0.002,0.025088125817407384,0.037807979844492176,0.0119749661010113,0.00505196805018565,0.025752616784960047,0.07769450742369761,0.905,50,15
oracle,damped_osc_pow,0.1,1300,1299,0.9992,0.0031,0.01841173496667771,0.029273476097797117,0.008312956643648,0.0031696767019546,0.01875355177451395,0.05539118169330518,0.9377,65,0
oracle,damped_osc_pow,0.5,1300,1300,1.0,0.0038,0.007111756258330717,0.010904774761095972,0.0032291115129082504,0.0012997507411425498,0.007823177990633399,0.016143275944308002,0.9531,65,0
oracle,delayed_plateau,0.02,1300,1296,0.9969,0.0062,0.14039255271682033,0.35279157720769155,0.04129143862188085,0.01356437675976455,0.3119543318242883,0.3449216945183563,0.9862,65,0
oracle,delayed_plateau,0.1,1300,1293,0.9946,0.0077,0.12399011724723358,0.2561631681217954,0.0417431140808609,0.0156348539171446,0.2804124312592518,0.32805024309841807,0.9869,65,0
oracle,delayed_plateau,0.5,1300,1298,0.9985,0.0054,0.07474994875807016,0.23488516689489952,0.0245053292322965,0.0115103444245141,0.13833974189839995,0.18895648579346455,0.9862,65,0
oracle,four_exp,0.02,1300,1300,1.0,0.0,0.04196233952265931,0.03597201658419391,0.030437279867281952,0.015317248864570676,0.0587305412900063,0.09727110970235502,0.9985,65,0
oracle,four_exp,0.1,1300,1300,1.0,0.0,0.040390304905028145,0.03604075831481471,0.02807819532840915,0.014669990570599825,0.05677227077271478,0.09776583989474265,0.9992,65,0
oracle,four_exp,0.5,1300,1300,1.0,0.0,0.020953818884259925,0.02141295441878578,0.01124572692008755,0.0051461785014811,0.03489671048348818,0.055802524708668304,1.0,65,0
oracle,heavy_noise_plat,0.02,1300,1291,0.9931,0.05,0.0025266449804963475,0.003816812008356939,0.0013549275530386,0.000541933857279,0.0031483659266434497,0.0060188926672907,0.7846,65,0
oracle,heavy_noise_plat,0.1,1300,1288,0.9908,0.0485,0.0022638253564866095,0.0031752834413411946,0.0012960150345545998,0.0005442326796812,0.0027824662442925497,0.005293251138190299,0.7992,65,0
oracle,heavy_noise_plat,0.5,1300,1292,0.9938,0.0369,0.001984661588259042,0.0025042186081949106,0.0012097210653497,0.00050930378791075,0.0024986702372783746,0.004614817169670641,0.8115,65,0
oracle,log_oscillatory,0.5,1300,1300,1.0,0.0008,0.021655279636467566,0.02091976587260595,0.016109794687461848,0.00849193007558415,0.027860714132632174,0.04426030968528733,0.9738,65,0
oracle,log_slow,0.5,1300,1300,1.0,0.0,0.03324628565204883,0.020646679523407187,0.031188949908785547,0.01675721123748955,0.04376518480238582,0.058618107291361736,0.9792,65,0
oracle,mixed_pow_rat,0.02,1300,1300,1.0,0.0,0.03534291029311765,0.0376015716116895,0.022278407613073002,0.0093235836990178,0.0470891249074576,0.07646025445221453,0.9715,65,0
oracle,mixed_pow_rat,0.1,1300,1300,1.0,0.0,0.031768641379487025,0.029028171238324078,0.0212342316969526,0.006417025906584,0.05206742127050485,0.07803857003312728,0.9954,65,0
oracle,mixed_pow_rat,0.5,1300,1300,1.0,0.0,0.019328651995455755,0.023031999896206707,0.00796001848397345,0.00293603917091465,0.03172796403717755,0.057243752602736245,0.9969,65,0
oracle,multiphase,0.02,1300,1300,1.0,0.0,0.03165983388557089,0.03494143176451877,0.0210064052506211,0.00932481757109075,0.036218843676415674,0.08259185148372497,0.9985,65,0
oracle,multiphase,0.1,1300,1300,1.0,0.0,0.0327343805537535,0.02846933076338282,0.0270308581485894,0.013143704428835175,0.04421040415024038,0.061110481090992194,1.0,65,0
oracle,multiphase,0.5,1300,1300,1.0,0.0,0.02044831721170735,0.016398070877179104,0.017974397910970198,0.008550930399025,0.02726709056793425,0.04055651838046192,1.0,65,0
oracle,noisy_plateau,0.02,1300,1300,1.0,0.0446,0.0012545172384003955,0.0014066510567139995,0.00073440798753825,0.00033829460898275,0.0017094844309911,0.003068063921463491,0.7808,65,0
oracle,noisy_plateau,0.1,1300,1300,1.0,0.0331,0.0010971315649099924,0.0012198012311615786,0.00062340506023935,0.000294699639748125,0.001497719056730275,0.00261710128800829,0.8138,65,0
oracle,noisy_plateau,0.5,1300,1300,1.0,0.0362,0.0008130349649433512,0.0009353623466890784,0.00050562913674225,0.00022983588837615,0.001052334592862075,0.0017807520215114305,0.8338,65,0
oracle,osc_exp,0.02,1300,1296,0.9969,0.0192,0.03750713049150073,0.3175122630352382,0.0130900335117666,0.006230894210903649,0.032824257075437374,0.055602790671497745,0.8985,65,0
oracle,osc_exp,0.1,1300,1298,0.9985,0.0154,0.03385318705825517,0.19942297982518203,0.0111772404925093,0.00566295938399815,0.033467694586298,0.0580265971369199,0.9108,65,0
oracle,osc_exp,0.5,1300,1300,1.0,0.0177,0.019902225338831046,0.05503742717416701,0.0065422045110131,0.0022924743844553,0.0256501000247822,0.03924786500463614,0.9215,65,0
oracle,power_law,0.02,1300,1296,0.9969,0.0154,0.016811962721834797,0.026777635862930214,0.009527860667987099,0.005046770940329124,0.01599614460341195,0.04064281928944345,0.9038,65,0
oracle,power_law,0.1,1300,1296,0.9969,0.0123,0.012584793372914684,0.018497765744571657,0.0069270318924561005,0.0029834363898641,0.0135583978641312,0.03028807200085495,0.9354,65,0
oracle,power_law,0.5,1300,1282,0.9862,0.0254,0.005466477147806365,0.008512235507564062,0.00258430594785065,0.001011636006335525,0.006424554502833825,0.012900036565745473,0.9169,65,0
oracle,rational_decay,0.02,1300,1300,1.0,0.0,0.02056685758594086,0.036592256834410426,0.00808227458188665,0.0012855427979957998,0.0226485859637878,0.051874703792792465,0.9846,65,0
oracle,rational_decay,0.1,1300,1300,1.0,0.0,0.016694599929210376,0.027403428049241386,0.0069045669232348,0.0008732153157599,0.019235450858395224,0.04872705315595226,0.9954,65,0
oracle,rational_decay,0.5,1300,1300,1.0,0.0,0.006960132540391843,0.010584578882946276,0.00377901618991635,0.000624942701981625,0.0084602200655692,0.017805383535410266,0.9985,65,0
oracle,single_exp,0.02,1300,1300,1.0,0.0177,0.007419488349599148,0.015521710474180429,0.00244261596734225,0.00037781585259772505,0.006604521312516525,0.017798881959390764,0.8969,65,0
oracle,single_exp,0.1,1300,1300,1.0,0.0185,0.006750322801711178,0.016590287331206627,0.00224486395081695,0.000362217946737675,0.005845727898237601,0.015524405170285735,0.9108,65,0
oracle,single_exp,0.5,1300,1300,1.0,0.0177,0.00359476964749116,0.007264887094489695,0.001511688976259,0.00024363813396822498,0.00380515406521005,0.008983586418068203,0.9269,65,0
oracle,slow_osc_power,0.02,1300,1300,1.0,0.0054,0.02574648688500718,0.02748679870600094,0.0178940743142114,0.009545151453886826,0.03488439814678292,0.0465299933573475,0.8546,65,0
oracle,slow_osc_power,0.1,1300,1300,1.0,0.0085,0.024056225822089775,0.02803714435653893,0.013276454126285048,0.007244904488629375,0.02647152048995875,0.07381904545735145,0.8046,65,0
oracle,slow_osc_power,0.5,1300,1293,0.9946,0.0192,0.009936805020202175,0.008649396752548007,0.0082902025844259,0.0046103346564608,0.0133048299061264,0.019048122201197174,0.8862,65,0
oracle,staircase,0.02,1300,1300,1.0,0.0,0.058419952532563595,0.07957607189083431,0.02382742463199055,0.007836783495555624,0.06336424079426775,0.20534812556450469,0.9877,65,0
oracle,staircase,0.1,1300,1300,1.0,0.0,0.06347253472804983,0.09801068472754111,0.0286463585070275,0.00995628771222655,0.06371079596404147,0.15931016109715926,0.9869,65,0
oracle,staircase,0.5,1300,1300,1.0,0.0,0.08194146639872195,0.08720558898407509,0.053340986977652355,0.034187412700564426,0.093179065470446,0.12870344056930905,0.9038,65,0
oracle,three_exp,0.02,1300,1300,1.0,0.0,0.04479827025678435,0.040069666295183604,0.030259803331061,0.01488739006591935,0.0698514635912568,0.10445135996651526,0.9962,65,0
oracle,three_exp,0.1,1300,1300,1.0,0.0,0.04583664364152874,0.04104611778704162,0.032530346117396455,0.014517009515644476,0.07204610104606325,0.10553546064723686,0.9969,65,0
oracle,three_exp,0.5,1300,1300,1.0,0.0008,0.022018381601294785,0.01802012578356942,0.0154198407481262,0.0068468969323466754,0.03437582494194282,0.05024536685768499,0.9946,65,0
oracle,two_exp,0.02,1300,1300,1.0,0.0008,0.03621459986427133,0.04211777249436189,0.01743777669223145,0.0055052572771207755,0.0600098877586655,0.09571774074328836,0.98,65,0
oracle,two_exp,0.1,1300,1300,1.0,0.0,0.03498886609981939,0.0395605381664034,0.015184342935064,0.0047736656896848,0.060257163970527376,0.09790231918330689,0.99,65,0
oracle,two_exp,0.5,1300,1300,1.0,0.0015,0.01758901502811902,0.02000820391184131,0.007935613901011399,0.00236590126746785,0.03424925661591012,0.047171035328085115,0.9892,65,0
